task,method,seed,stage_idx,lambda,train_regret,train_fairness,train_pred_mse,val_regret,val_fairness,val_pred_mse,test_regret,test_fairness,test_pred_mse,stage_wallclock_sec,solver_calls_train,solver_calls_eval,decision_ms_train,decision_ms_eval,nan_or_inf_steps,exploding_steps,avg_grad_norm_combined,grad_norm_min,grad_norm_median,grad_norm_max,avg_cos_dec_pred,avg_cos_dec_fair,avg_cos_pred_fair,weight_norm,device,val_regret_normalized,test_regret_normalized,train_regret_normalized,val_regret_normalized_true,test_regret_normalized_true,train_regret_normalized_true,train_decision_ms_eval,train_decision_ms,train_decision_alloc_gap,train_decision_selection_gap,train_decision_welfare_gap,train_group_0_benefit_mean_r0,train_group_0_benefit_std_r0,train_group_0_cost_mean_r0,train_group_0_cost_std_r0,train_group_0_benefit_mean_r1,train_group_0_benefit_std_r1,train_group_0_cost_mean_r1,train_group_0_cost_std_r1,train_group_0_decision_mean_r0,train_group_0_decision_mean_r1,train_group_1_benefit_mean_r0,train_group_1_benefit_std_r0,train_group_1_cost_mean_r0,train_group_1_cost_std_r0,train_group_1_benefit_mean_r1,train_group_1_benefit_std_r1,train_group_1_cost_mean_r1,train_group_1_cost_std_r1,train_group_1_decision_mean_r0,train_group_1_decision_mean_r1,val_decision_ms_eval,val_decision_ms,val_decision_alloc_gap,val_decision_selection_gap,val_decision_welfare_gap,val_group_0_benefit_mean_r0,val_group_0_benefit_std_r0,val_group_0_cost_mean_r0,val_group_0_cost_std_r0,val_group_0_benefit_mean_r1,val_group_0_benefit_std_r1,val_group_0_cost_mean_r1,val_group_0_cost_std_r1,val_group_0_decision_mean_r0,val_group_0_decision_mean_r1,val_group_1_benefit_mean_r0,val_group_1_benefit_std_r0,val_group_1_cost_mean_r0,val_group_1_cost_std_r0,val_group_1_benefit_mean_r1,val_group_1_benefit_std_r1,val_group_1_cost_mean_r1,val_group_1_cost_std_r1,val_group_1_decision_mean_r0,val_group_1_decision_mean_r1,test_decision_ms_eval,test_decision_ms,test_decision_alloc_gap,test_decision_selection_gap,test_decision_welfare_gap,test_group_0_benefit_mean_r0,test_group_0_benefit_std_r0,test_group_0_cost_mean_r0,test_group_0_cost_std_r0,test_group_0_benefit_mean_r1,test_group_0_benefit_std_r1,test_group_0_cost_mean_r1,test_group_0_cost_std_r1,test_group_0_decision_mean_r0,test_group_0_decision_mean_r1,test_group_1_benefit_mean_r0,test_group_1_benefit_std_r0,test_group_1_cost_mean_r0,test_group_1_cost_std_r0,test_group_1_benefit_mean_r1,test_group_1_benefit_std_r1,test_group_1_cost_mean_r1,test_group_1_cost_std_r1,test_group_1_decision_mean_r0,test_group_1_decision_mean_r1,cumulative_wallclock_sec
md_knapsack,fpto,11,0,0.0,3.7163746140995855,2.629449596538243,6.8211607320643015,0.916503382640883,6.9263868104312785,10.366347523066548,1.5336456322140606,0.593358524326632,2.744828522092046,0.029710399998293724,0,6.0,0.0,62.62270000297576,0,0,1.2975931586675729,1.2892355968405638,1.2991042470391458,1.3038804516389113,0.0,0.0,0.6418406521567372,5.077037395319579,cpu,0.031431661055589304,0.038248000298543826,0.0626311889394237,0.06094763667400422,0.07367796575911179,0.11787944792372741,26.16890000354033,26.16890000354033,0.35313051008607094,0.525,0.34201395440045423,2.2164579214592655,3.165760100948709,1.2811460409895195,0.1987427573521525,1.97117708751528,2.3039587501071805,1.3263309744988476,0.14242051412698595,0.26466594566999546,0.2447225422777916,1.8423500354110753,2.519083763657205,0.743759128822754,0.20570078886896287,0.5334501114958332,0.9473994607010046,0.7167809710768472,0.1466953711484798,0.6110108656522748,0.6046386424676544,16.93389999854844,16.93389999854844,0.3882371151037104,0.4,0.1267378973734995,5.659502200657007,3.2585766478414326,1.417638158812165,0.14284099002655568,0.19118174888532719,0.16370300625821632,1.2805113676923958,0.19619954493606234,0.19786804916993067,0.3155540647293856,2.1435158190639103,2.1653970146440242,0.5996427190771285,0.13765588138800716,0.25089667074073996,0.3708926216678208,0.8892595189253854,0.1942065499380013,0.8089434630928445,0.4809528810138925,19.51990000088699,19.51990000088699,0.26684259567850316,0.5,0.18174934990978764,0.5375291068939642,0.39602269866478773,1.2374271311401892,0.1428895280851779,2.3389926544338873,1.8942953634003534,1.3469727267731273,0.2052198974969695,0.25655141228992795,0.2766930283039857,0.8882841980903977,1.2640010577602596,0.7188574864435131,0.09675785051611423,1.3628262946539904,1.508013543868051,0.8377412836461124,0.1691938560215805,0.5386214388921065,0.5283081930588137,0.029710399998293724
md_knapsack,fpto,11,1,0.5,3.715813018712126,2.6255839480816396,6.816671728522363,0.9165571808942605,6.924036652421259,10.364084570805154,1.5324763885017205,0.5918068433310089,2.7398961317538943,0.030216599996492732,0,6.0,0.0,62.573200004408136,0,0,1.553635930967484,1.5449743666741835,1.554310322750851,1.5613062791564554,0.0,0.0,0.6416364093629774,5.077143767151257,cpu,0.03143356407271307,0.038217725783534814,0.0626211318305492,0.06095121426734719,0.07362179404878162,0.1178616347156673,26.527300004090648,26.527300004090648,0.3530645389341193,0.525,0.3414215603982079,2.2164579214592655,3.165760100948709,1.2811460409895195,0.1987427573521525,1.97117708751528,2.3039587501071805,1.3263309744988476,0.14242051412698595,0.26469364558385816,0.24472521883694678,1.8423500354110753,2.519083763657205,0.743759128822754,0.20570078886896287,0.5334501114958332,0.9473994607010046,0.7167809710768472,0.1466953711484798,0.6109308072715774,0.6046171350174663,16.615900000033434,16.615900000033434,0.3883131680684186,0.4,0.1265658691198367,5.659502200657007,3.2585766478414326,1.417638158812165,0.14284099002655568,0.19118174888532719,0.16370300625821632,1.2805113676923958,0.19619954493606234,0.1978621131686005,0.31549787983466804,2.1435158190639103,2.1653970146440242,0.5996427190771285,0.13765588138800716,0.25089667074073996,0.3708926216678208,0.8892595189253854,0.1942065499380013,0.808975351179753,0.4810109779603525,19.430000000284053,19.430000000284053,0.2668436062378099,0.5,0.1817498298099735,0.5375291068939642,0.39602269866478773,1.2374271311401892,0.1428895280851779,2.3389926544338873,1.8942953634003534,1.3469727267731273,0.2052198974969695,0.2565307181149884,0.2767269363913033,0.8882841980903977,1.2640010577602596,0.7188574864435131,0.09675785051611423,1.3628262946539904,1.508013543868051,0.8377412836461124,0.1691938560215805,0.5386647936452322,0.528280073336679,0.059926999994786456
md_knapsack,fpto,22,0,0.0,3.813409839859176,2.6534833021144073,7.106371827494004,0.9423318262233451,7.321982122004165,11.102596822189373,1.5792134879284419,0.4744701269764955,2.6732861813553392,0.030148500001814682,0,6.0,0.0,62.515999998140614,0,0,1.1483643314694487,1.1451305792113062,1.1484361591290306,1.1510257988799961,0.0,0.0,0.5739478353478401,4.9544031395868755,cpu,0.03234610443541531,0.03942923781890028,0.06437176873796732,0.06266523272998706,0.07586709396612364,0.1209573020233379,26.132200000574812,26.132200000574812,0.3546714344875382,0.525,0.35517405597501495,2.2164579214592655,3.165760100948709,1.2811460409895195,0.1987427573521525,1.97117708751528,2.3039587501071805,1.3263309744988476,0.14242051412698595,0.26382646736089255,0.2468890754968233,1.8423500354110753,2.519083763657205,0.743759128822754,0.20570078886896287,0.5334501114958332,0.9473994607010046,0.7167809710768472,0.1466953711484798,0.6190677497642927,0.6009906620684993,16.81789999565808,16.81789999565808,0.3959259697569755,0.4,0.13819128867912023,5.659502200657007,3.2585766478414326,1.417638158812165,0.14284099002655568,0.19118174888532719,0.16370300625821632,1.2805113676923958,0.19619954493606234,0.1941109095801472,0.3119821190749904,2.1435158190639103,2.1653970146440242,0.5996427190771285,0.13765588138800716,0.25089667074073996,0.3708926216678208,0.8892595189253854,0.1942065499380013,0.8133186924430225,0.48462627572606615,19.56590000190772,19.56590000190772,0.2683636993543888,0.5,0.14797920088157435,0.5375291068939642,0.39602269866478773,1.2374271311401892,0.1428895280851779,2.3389926544338873,1.8942953634003534,1.3469727267731273,0.2052198974969695,0.2517062057545777,0.27997777083227143,0.8882841980903977,1.2640010577602596,0.7188574864435131,0.09675785051611423,1.3628262946539904,1.508013543868051,0.8377412836461124,0.1691938560215805,0.5454129647275374,0.5229984105680894,0.030148500001814682
md_knapsack,fpto,22,1,0.5,3.812955468522542,2.650753011253723,7.10340127717468,0.9423073055584315,7.320554615749253,11.101627532676435,1.5787107288905347,0.473392458993123,2.6696892964919368,0.030174399995303247,0,6.0,0.0,61.90069999865955,0,0,1.344968156076784,1.341277641033231,1.3449977089142333,1.348379190830748,0.0,0.0,0.5736816847709212,4.954423440561856,cpu,0.032345235524354664,0.03941619033104655,0.06436360511569095,0.06266360210144332,0.0758429408877319,0.12094288984806592,26.19589999812888,26.19589999812888,0.3546374603114399,0.525,0.35495122016961134,2.2164579214592655,3.165760100948709,1.2811460409895195,0.1987427573521525,1.97117708751528,2.3039587501071805,1.3263309744988476,0.14242051412698595,0.2638338913840532,0.24690119762688942,1.8423500354110753,2.519083763657205,0.743759128822754,0.20570078886896287,0.5334501114958332,0.9473994607010046,0.7167809710768472,0.1466953711484798,0.6190529490040834,0.6009570606297394,16.55380000011064,16.55380000011064,0.39600346000560865,0.4,0.13799022664080018,5.659502200657007,3.2585766478414326,1.417638158812165,0.14284099002655568,0.19118174888532719,0.16370300625821632,1.2805113676923958,0.19619954493606234,0.19410565909062877,0.31193664310648955,2.1435158190639103,2.1653970146440242,0.5996427190771285,0.13765588138800716,0.25089667074073996,0.3708926216678208,0.8892595189253854,0.1942065499380013,0.8133325378554472,0.48471668435288845,19.151000000420026,19.151000000420026,0.268379577447441,0.5,0.1481299184454523,0.5375291068939642,0.39602269866478773,1.2374271311401892,0.1428895280851779,2.3389926544338873,1.8942953634003534,1.3469727267731273,0.2052198974969695,0.2516795244236711,0.27999205588266435,0.8882841980903977,1.2640010577602596,0.7188574864435131,0.09675785051611423,1.3628262946539904,1.508013543868051,0.8377412836461124,0.1691938560215805,0.5454612481678497,0.5229694870333677,0.06032289999711793
md_knapsack,fpto,33,0,0.0,3.85282563253714,2.6373681618408806,7.053560956191109,0.9193245488232282,7.176161012135726,10.85769074338072,1.5623568871096332,0.47980621681802926,2.6695685125084063,0.03020529999776045,0,6.0,0.0,62.25129999802448,0,0,1.0538170013002233,1.0525755940413173,1.053997704303442,1.054681419443956,0.0,0.0,0.5679377687774356,4.783034967943719,cpu,0.03153146424246387,0.03899195770667605,0.06508042336430236,0.061135244722959926,0.07505728495167079,0.12220752902217888,26.24499999365071,26.24499999365071,0.3545303422480422,0.5,0.336904230941624,2.2164579214592655,3.165760100948709,1.2811460409895195,0.1987427573521525,1.97117708751528,2.3039587501071805,1.3263309744988476,0.14242051412698595,0.2661996160439428,0.24414056376546717,1.8423500354110753,2.519083763657205,0.743759128822754,0.20570078886896287,0.5334501114958332,0.9473994607010046,0.7167809710768472,0.1466953711484798,0.6112109020458334,0.6081899622596609,16.783099999884143,16.783099999884143,0.388551951860953,0.4,0.12443920633036065,5.659502200657007,3.2585766478414326,1.417638158812165,0.14284099002655568,0.19118174888532719,0.16370300625821632,1.2805113676923958,0.19619954493606234,0.19595200473189547,0.3121528235975289,2.1435158190639103,2.1653970146440242,0.5996427190771285,0.13765588138800716,0.25089667074073996,0.3708926216678208,0.8892595189253854,0.1942065499380013,0.8060020242219522,0.47920670782937796,19.223200004489627,19.223200004489627,0.268267079840136,0.4,0.14656048832013518,0.5375291068939642,0.39602269866478773,1.2374271311401892,0.1428895280851779,2.3389926544338873,1.8942953634003534,1.3469727267731273,0.2052198974969695,0.253259978722055,0.27870308492693685,0.8882841980903977,1.2640010577602596,0.7188574864435131,0.09675785051611423,1.3628262946539904,1.508013543868051,0.8377412836461124,0.1691938560215805,0.5421382876672852,0.5263589356619783,0.03020529999776045
md_knapsack,fpto,33,1,0.5,3.851754729780666,2.634420998889299,7.050753294490572,0.9192375991410611,7.174991834999776,10.857491931308065,1.5616683594642353,0.4785315450649944,2.6656947070183845,0.030242500004533213,0,6.0,0.0,62.13469999784138,0,0,1.2592671905600161,1.257308858153268,1.2592967747138017,1.2612833736775129,0.0,0.0,0.5676797324410852,4.783137073239821,cpu,0.031528387972361335,0.038974104308115834,0.06506115718500922,0.06112946255375246,0.07502420735198526,0.12217356112636066,26.09719999600202,26.09719999600202,0.354481978181176,0.5,0.33643156762960413,2.2164579214592655,3.165760100948709,1.2811460409895195,0.1987427573521525,1.97117708751528,2.3039587501071805,1.3263309744988476,0.14242051412698595,0.26623384107734166,0.24412552918299224,1.8423500354110753,2.519083763657205,0.743759128822754,0.20570078886896287,0.5334501114958332,0.9473994607010046,0.7167809710768472,0.1466953711484798,0.6111156530961733,0.6082076735265125,16.763700004958082,16.763700004958082,0.3886334015156485,0.4,0.12416720637381073,5.659502200657007,3.2585766478414326,1.417638158812165,0.14284099002655568,0.19118174888532719,0.16370300625821632,1.2805113676923958,0.19619954493606234,0.19595743605882074,0.31208471906233126,2.1435158190639103,2.1653970146440242,0.5996427190771285,0.13765588138800716,0.25089667074073996,0.3708926216678208,0.8892595189253854,0.1942065499380013,0.8060069296646427,0.47930202848780634,19.27379999688128,19.27379999688128,0.26828913407501054,0.4,0.14669254871865878,0.5375291068939642,0.39602269866478773,1.2374271311401892,0.1428895280851779,2.3389926544338873,1.8942953634003534,1.3469727267731273,0.2052198974969695,0.25325842759863315,0.27868329264384867,0.8882841980903977,1.2640010577602596,0.7188574864435131,0.09675785051611423,1.3628262946539904,1.508013543868051,0.8377412836461124,0.1691938560215805,0.5421425558968294,0.5263774324956735,0.06044780000229366
md_knapsack,dfl,11,0,0.0,3.7053651564544836,2.6329899451504675,6.828717903896492,0.9158528740160659,6.938075236280065,10.384493140690987,1.5300754631792195,0.594881074929041,2.7454499394562264,6.660556599999836,510,6.0,6621.425999990606,61.88809999730438,0,0,3.207384511618195,1.0784686554290002,3.185890751150321,5.3744052753194875,0.0,0.0,0.0,5.077385700726792,cpu,0.031408651030657785,0.03815556562165217,0.06243406512995859,0.06090437773566357,0.0735064510451661,0.11753023964310344,26.458799999090843,26.458799999090843,0.3532758696651208,0.525,0.3430635122627911,2.2164579214592655,3.165760100948709,1.2811460409895195,0.1987427573521525,1.97117708751528,2.3039587501071805,1.3263309744988476,0.14242051412698595,0.264570314496177,0.24471278805574634,1.8423500354110753,2.519083763657205,0.743759128822754,0.20570078886896287,0.5334501114958332,0.9473994607010046,0.7167809710768472,0.1466953711484798,0.6111641579122621,0.6046706839699031,16.369400000257883,16.369400000257883,0.3883211852926601,0.4,0.12699565271380098,5.659502200657007,3.2585766478414326,1.417638158812165,0.14284099002655568,0.19118174888532719,0.16370300625821632,1.2805113676923958,0.19619954493606234,0.1979360983989506,0.31547984603987067,2.1435158190639103,2.1653970146440242,0.5996427190771285,0.13765588138800716,0.25089667074073996,0.3708926216678208,0.8892595189253854,0.1942065499380013,0.8087855805451895,0.4812727344789519,19.059899997955654,19.059899997955654,0.26679376245341646,0.5,0.1832332903392575,0.5375291068939642,0.39602269866478773,1.2374271311401892,0.1428895280851779,2.3389926544338873,1.8942953634003534,1.3469727267731273,0.2052198974969695,0.25657351072352236,0.27668674692707595,0.8882841980903977,1.2640010577602596,0.7188574864435131,0.09675785051611423,1.3628262946539904,1.508013543868051,0.8377412836461124,0.1691938560215805,0.5385413998068616,0.5283063827505696,6.660556599999836
md_knapsack,dfl,22,0,0.0,3.8040204866878113,2.658311225815023,7.113152427983573,0.9406636706471065,7.3282284384601475,11.110990202491529,1.5779521950540953,0.4767879356500057,2.679261795001931,6.609453199998825,510,6.0,6570.692699999199,61.5754000027664,0,0,2.851669340623497,1.2776295248849119,2.6782615876141254,5.879496673423665,0.0,0.0,0.0,4.954654754576503,cpu,0.03228699522842315,0.03939650565387326,0.06420309706483307,0.06255430008980047,0.07580650011624311,0.12065948173256252,25.82819999952335,25.82819999952335,0.3547863640749642,0.525,0.3566094137178686,2.2164579214592655,3.165760100948709,1.2811460409895195,0.1987427573521525,1.97117708751528,2.3039587501071805,1.3263309744988476,0.14242051412698595,0.2636588979758499,0.2469962794725403,1.8423500354110753,2.519083763657205,0.743759128822754,0.20570078886896287,0.5334501114958332,0.9473994607010046,0.7167809710768472,0.1466953711484798,0.6194448881772486,0.60078301742107,16.37779999873601,16.37779999873601,0.3957945264112852,0.4,0.13814545153246205,5.659502200657007,3.2585766478414326,1.417638158812165,0.14284099002655568,0.19118174888532719,0.16370300625821632,1.2805113676923958,0.19619954493606234,0.19429051452242585,0.31187809568254743,2.1435158190639103,2.1653970146440242,0.5996427190771285,0.13765588138800716,0.25089667074073996,0.3708926216678208,0.8892595189253854,0.1942065499380013,0.8127812082398466,0.4849764547876972,19.369400004507042,19.369400004507042,0.26831272234126113,0.5,0.14836092553749924,0.5375291068939642,0.39602269866478773,1.2374271311401892,0.1428895280851779,2.3389926544338873,1.8942953634003534,1.3469727267731273,0.2052198974969695,0.25176645309593804,0.2799508855151445,0.8882841980903977,1.2640010577602596,0.7188574864435131,0.09675785051611423,1.3628262946539904,1.508013543868051,0.8377412836461124,0.1691938560215805,0.5452984585075052,0.5230443247860993,6.609453199998825
md_knapsack,dfl,33,0,0.0,3.8414730734896843,2.643016016965577,7.068240852713518,0.915395710559844,7.194092117218144,10.88546698222386,1.5623979352079687,0.48115598739549126,2.6762987732710064,6.616677199999685,510,6.0,6576.94129999436,61.848099998314865,0,0,2.996882450679742,1.0723666227812656,2.780639906781943,9.191782670769562,0.0,0.0,0.0,4.783253456514913,cpu,0.03139248069481236,0.03899302209589618,0.06487621952038292,0.060873976285152655,0.07505925694593081,0.12184743793018872,26.29779999551829,26.29779999551829,0.35464471444968015,0.525,0.3388025438432575,2.2164579214592655,3.165760100948709,1.2811460409895195,0.1987427573521525,1.97117708751528,2.3039587501071805,1.3263309744988476,0.14242051412698595,0.2661067826167372,0.24420261487058884,1.8423500354110753,2.519083763657205,0.743759128822754,0.20570078886896287,0.5334501114958332,0.9473994607010046,0.7167809710768472,0.1466953711484798,0.6115095551569287,0.6080892712297576,16.458600002806634,16.458600002806634,0.38844717786233024,0.4,0.12529285541385982,5.659502200657007,3.2585766478414326,1.417638158812165,0.14284099002655568,0.19118174888532719,0.16370300625821632,1.2805113676923958,0.19619954493606234,0.19619871475311226,0.31194250725983846,2.1435158190639103,2.1653970146440242,0.5996427190771285,0.13765588138800716,0.25089667074073996,0.3708926216678208,0.8892595189253854,0.1942065499380013,0.8054130986122072,0.47962247912540423,19.09169999998994,19.09169999998994,0.2681861292586672,0.4,0.14712618956203216,0.5375291068939642,0.39602269866478773,1.2374271311401892,0.1428895280851779,2.3389926544338873,1.8942953634003534,1.3469727267731273,0.2052198974969695,0.2533571658788164,0.2786295284339956,0.8882841980903977,1.2640010577602596,0.7188574864435131,0.09675785051611423,1.3628262946539904,1.508013543868051,0.8377412836461124,0.1691938560215805,0.5419020416869547,0.5264569111431916,6.616677199999685
md_knapsack,fdfl-scal,11,0,0.0,3.7082511766076465,2.624672177671322,6.806400783301828,0.9153885700667406,6.915943683591374,10.347303891431956,1.5312303528574738,0.593781584985881,2.7401240625744356,6.794229999999516,510,6.0,6753.802800027188,62.28679999912856,0,0,2.204844106833694,1.433993510156637,2.1988750877262313,3.080052273827224,0.2674140979004301,0.13529227629054344,0.6407557253845406,5.077541145768186,cpu,0.03139222813233935,0.03818546488506814,0.06248573210862051,0.06087350144110124,0.07356193317244678,0.11762178113116036,26.17129999998724,26.17129999998724,0.35321589541185855,0.525,0.3433713321421372,2.2164579214592655,3.165760100948709,1.2811460409895195,0.1987427573521525,1.97117708751528,2.3039587501071805,1.3263309744988476,0.14242051412698595,0.2646434687781216,0.24472111686012213,1.8423500354110753,2.519083763657205,0.743759128822754,0.20570078886896287,0.5334501114958332,0.9473994607010046,0.7167809710768472,0.1466953711484798,0.6111967032167385,0.6045996732452227,16.801600002509076,16.801600002509076,0.388122025297074,0.4,0.12714012302454414,5.659502200657007,3.2585766478414326,1.417638158812165,0.14284099002655568,0.19118174888532719,0.16370300625821632,1.2805113676923958,0.19619954493606234,0.19790712184023576,0.31557915479476295,2.1435158190639103,2.1653970146440242,0.5996427190771285,0.13765588138800716,0.25089667074073996,0.3708926216678208,0.8892595189253854,0.1942065499380013,0.8087753386439347,0.48095498858521213,19.313899996632244,19.313899996632244,0.2668498531004735,0.5,0.18246769798562623,0.5375291068939642,0.39602269866478773,1.2374271311401892,0.1428895280851779,2.3389926544338873,1.8942953634003534,1.3469727267731273,0.2052198974969695,0.2565010166428327,0.27675355471059504,0.8882841980903977,1.2640010577602596,0.7188574864435131,0.09675785051611423,1.3628262946539904,1.508013543868051,0.8377412836461124,0.1691938560215805,0.5387284679005268,0.5282258096538481,6.794229999999516
md_knapsack,fdfl-scal,11,1,0.5,3.708236000692839,2.621577613001463,6.802772752042475,0.9154877226504663,6.913615507620595,10.344553108330661,1.53007944675889,0.5923911299411202,2.7361399987806245,6.830599100001564,510,6.0,6789.81129998283,69.05820000247331,0,0,2.401280606332586,1.8627699919600627,2.3818673623045115,3.35952317912621,0.27425875064621447,0.08444762511159741,0.6409179976645318,5.077685312284149,cpu,0.031395735215170764,0.03815566875070578,0.06248546040864771,0.060880095105415706,0.07350664242056625,0.11762129976729233,29.21520000381861,29.21520000381861,0.35315081900180845,0.525,0.34273673418859507,2.2164579214592655,3.165760100948709,1.2811460409895195,0.1987427573521525,1.97117708751528,2.3039587501071805,1.3263309744988476,0.14242051412698595,0.2646624031833769,0.24473067464348036,1.8423500354110753,2.519083763657205,0.743759128822754,0.20570078886896287,0.5334501114958332,0.9473994607010046,0.7167809710768472,0.1466953711484798,0.6111234715618652,0.6045712442686089,19.238500004576053,19.238500004576053,0.388183473730571,0.4,0.12698435756586057,5.659502200657007,3.2585766478414326,1.417638158812165,0.14284099002655568,0.19118174888532719,0.16370300625821632,1.2805113676923958,0.19619954493606234,0.19790968693633665,0.3155269008790357,2.1435158190639103,2.1653970146440242,0.5996427190771285,0.13765588138800716,0.25089667074073996,0.3708926216678208,0.8892595189253854,0.1942065499380013,0.8087860414790307,0.48101749379748354,20.60449999407865,20.60449999407865,0.26682319584749004,0.5,0.182320371950897,0.5375291068939642,0.39602269866478773,1.2374271311401892,0.1428895280851779,2.3389926544338873,1.8942953634003534,1.3469727267731273,0.2052198974969695,0.25649818756569703,0.2767929806653544,0.8882841980903977,1.2640010577602596,0.7188574864435131,0.09675785051611423,1.3628262946539904,1.508013543868051,0.8377412836461124,0.1691938560215805,0.5387417751472127,0.5281957847788192,13.62482910000108
md_knapsack,fdfl-scal,22,0,0.0,3.801187783536797,2.649523127182995,7.091424018319154,0.9382744329556267,7.308802226109155,11.078050337357462,1.5768264917898307,0.4743104932994036,2.667897926473924,6.791699499997776,510,6.0,6749.177400000917,70.16530000692,0,0,2.1394539981606187,1.367579722161169,2.0744401928122285,3.01814892223612,0.26101778790690167,0.08762456363326777,0.5740626521837843,4.9539680692495525,cpu,0.03220234708101685,0.039367293953783626,0.0641522204798349,0.06239541536170644,0.07575242013530274,0.12056963140307568,28.057700001227204,28.057700001227204,0.3548904791162654,0.525,0.35776072827480476,2.2164579214592655,3.165760100948709,1.2811460409895195,0.1987427573521525,1.97117708751528,2.3039587501071805,1.3263309744988476,0.14242051412698595,0.26361533374434387,0.24700561087429357,1.8423500354110753,2.519083763657205,0.743759128822754,0.20570078886896287,0.5334501114958332,0.9473994607010046,0.7167809710768472,0.1466953711484798,0.6196466763331866,0.6007552265179816,20.04550000128802,20.04550000128802,0.3954434277874318,0.4,0.1379275098910242,5.659502200657007,3.2585766478414326,1.417638158812165,0.14284099002655568,0.19118174888532719,0.16370300625821632,1.2805113676923958,0.19619954493606234,0.19443400695297258,0.31183686976574154,2.1435158190639103,2.1653970146440242,0.5996427190771285,0.13765588138800716,0.25089667074073996,0.3708926216678208,0.8892595189253854,0.1942065499380013,0.8121935489567849,0.4849641833367929,22.062100004404783,22.062100004404783,0.26828043767188986,0.5,0.14847203603638093,0.5375291068939642,0.39602269866478773,1.2374271311401892,0.1428895280851779,2.3389926544338873,1.8942953634003534,1.3469727267731273,0.2052198974969695,0.2517399235570007,0.279994953352469,0.8882841980903977,1.2640010577602596,0.7188574864435131,0.09675785051611423,1.3628262946539904,1.508013543868051,0.8377412836461124,0.1691938560215805,0.5453383060180677,0.5229574462351814,6.791699499997776
md_knapsack,fdfl-scal,22,1,0.5,3.801262191194361,2.6473960314501688,7.088561923228314,0.9383731187784594,7.306622214211764,11.075507950850078,1.5764922483826922,0.47375549111375936,2.665437001991139,6.965674400002172,510,6.0,6923.592300016026,65.6922000052873,0,0,2.286684790903374,1.7020095556908026,2.2672649356289165,3.19431539941238,0.2574834502737014,0.00558742137271091,0.5741271131001888,4.953899103643415,cpu,0.032205843139781164,0.03935862074247183,0.06415355681163075,0.062401977986339154,0.07573636272687077,0.1205719915347916,28.376400005072355,28.376400005072355,0.35485299665472425,0.525,0.35739659867139606,2.2164579214592655,3.165760100948709,1.2811460409895195,0.1987427573521525,1.97117708751528,2.3039587501071805,1.3263309744988476,0.14242051412698595,0.2636419720236677,0.24699321976260863,1.8423500354110753,2.519083763657205,0.743759128822754,0.20570078886896287,0.5334501114958332,0.9473994607010046,0.7167809710768472,0.1466953711484798,0.6195670813130068,0.6007741037827179,16.79370000056224,16.79370000056224,0.3954973421535468,0.4,0.13764331378885353,5.659502200657007,3.2585766478414326,1.417638158812165,0.14284099002655568,0.19118174888532719,0.16370300625821632,1.2805113676923958,0.19619954493606234,0.1944296669400913,0.31181352181437066,2.1435158190639103,2.1653970146440242,0.5996427190771285,0.13765588138800716,0.25089667074073996,0.3708926216678208,0.8892595189253854,0.1942065499380013,0.8122238748232172,0.48501399823833824,20.52209999965271,20.52209999965271,0.2682923843829621,0.5,0.14860677479988355,0.5375291068939642,0.39602269866478773,1.2374271311401892,0.1428895280851779,2.3389926544338873,1.8942953634003534,1.3469727267731273,0.2052198974969695,0.2517332575786285,0.2799932013697641,0.8882841980903977,1.2640010577602596,0.7188574864435131,0.09675785051611423,1.3628262946539904,1.508013543868051,0.8377412836461124,0.1691938560215805,0.5453523814075275,0.5229588463067892,13.757373899999948
md_knapsack,fdfl-scal,33,0,0.0,3.8450665548912824,2.6352686367793083,7.04449683666571,0.9174146191849655,7.168804625906478,10.842620959916283,1.5603027511237073,0.4803523474668006,2.6664019580269143,6.847929000003205,510,6.0,6806.796599979862,61.644599998544436,0,0,1.7829835349147394,0.9748947367093858,1.7667741245367068,2.590952267599531,0.13225664611869728,-0.041544238165334264,0.568538389981818,4.78262821484953,cpu,0.031463895368654085,0.03893869614357839,0.0649408486978386,0.061008234064984686,0.07495860207626813,0.12196141933619055,25.833699997747317,25.833699997747317,0.3546425594654729,0.5,0.3381487183661299,2.2164579214592655,3.165760100948709,1.2811460409895195,0.1987427573521525,1.97117708751528,2.3039587501071805,1.3263309744988476,0.14242051412698595,0.26604007078094866,0.2442222691268387,1.8423500354110753,2.519083763657205,0.743759128822754,0.20570078886896287,0.5334501114958332,0.9473994607010046,0.7167809710768472,0.1466953711484798,0.6115482044313424,0.6079992544073907,16.336900000169408,16.336900000169408,0.3883326839113348,0.4,0.1246749329466118,5.659502200657007,3.2585766478414326,1.417638158812165,0.14284099002655568,0.19118174888532719,0.16370300625821632,1.2805113676923958,0.19619954493606234,0.1961457847330545,0.31204993593240693,2.1435158190639103,2.1653970146440242,0.5996427190771285,0.13765588138800716,0.25089667074073996,0.3708926216678208,0.8892595189253854,0.1942065499380013,0.8054394772899306,0.47942161119820054,19.47400000062771,19.47400000062771,0.2682036461371175,0.4,0.14713436734188995,0.5375291068939642,0.39602269866478773,1.2374271311401892,0.1428895280851779,2.3389926544338873,1.8942953634003534,1.3469727267731273,0.2052198974969695,0.253337013428326,0.2786595936780438,0.8882841980903977,1.2640010577602596,0.7188574864435131,0.09675785051611423,1.3628262946539904,1.508013543868051,0.8377412836461124,0.1691938560215805,0.5420013379136555,0.5264025614669495,6.847929000003205
md_knapsack,fdfl-scal,33,1,0.5,3.843375557963302,2.631521238522561,7.0408253992202505,0.917174009763075,7.167868905239476,10.842852712061202,1.5594112681852117,0.4786731346759973,2.6613744090120393,6.77747349999845,510,6.0,6735.770399987814,64.86490000679623,0,0,2.0010005369877697,1.4299698792118933,1.9753410627569452,2.6518917637119186,0.13501955213967154,0.009765309630517706,0.5683190445561126,4.782785015374784,cpu,0.0314553837940627,0.03891558263757128,0.06491043494587102,0.06099223349597045,0.0749157742886504,0.12190778271313464,26.378300004580524,26.378300004580524,0.3545909589488727,0.5,0.33769536260250077,2.2164579214592655,3.165760100948709,1.2811460409895195,0.1987427573521525,1.97117708751528,2.3039587501071805,1.3263309744988476,0.14242051412698595,0.26610233415056217,0.24419302460987985,1.8423500354110753,2.519083763657205,0.743759128822754,0.20570078886896287,0.5334501114958332,0.9473994607010046,0.7167809710768472,0.1466953711484798,0.6114265198631517,0.6080507567950356,18.095700004778337,18.095700004778337,0.3884404184798409,0.4,0.12447307645259154,5.659502200657007,3.2585766478414326,1.417638158812165,0.14284099002655568,0.19118174888532719,0.16370300625821632,1.2805113676923958,0.19619954493606234,0.19615068066396368,0.31195665615814105,2.1435158190639103,2.1653970146440242,0.5996427190771285,0.13765588138800716,0.25089667074073996,0.3708926216678208,0.8892595189253854,0.1942065499380013,0.8054367091155263,0.4795514646662601,20.390899997437373,20.390899997437373,0.26824622561760375,0.4,0.14728855629397014,0.5375291068939642,0.39602269866478773,1.2374271311401892,0.1428895280851779,2.3389926544338873,1.8942953634003534,1.3469727267731273,0.2052198974969695,0.2533335575596459,0.27862436631186127,0.8882841980903977,1.2640010577602596,0.7188574864435131,0.09675785051611423,1.3628262946539904,1.508013543868051,0.8377412836461124,0.1691938560215805,0.5420135254964207,0.5264368496102939,13.625402500001655
md_knapsack,fplg,11,0,0.0,3.711022426218779,2.633383175168631,6.830834460654918,0.9165376248372059,6.937396103839916,10.384803392687612,1.5321389454247196,0.5943942462325733,2.747415164070337,7.005457999999635,510,6.0,6962.803800015536,69.94980000308715,0,0,1.47965729710507,0.9549021928118636,1.4514616886646738,2.9261676174464366,0.086991868526777,0.014380021957422663,0.6412305805954641,5.0772353081197,cpu,0.031432872311311616,0.03820898890384434,0.06253534913718128,0.06094991378610215,0.07360558292480963,0.11770968221975885,29.27790000103414,29.27790000103414,0.35318612739504124,0.525,0.342159413095833,2.2164579214592655,3.165760100948709,1.2811460409895195,0.1987427573521525,1.97117708751528,2.3039587501071805,1.3263309744988476,0.14242051412698595,0.26464119451317325,0.24470135729259018,1.8423500354110753,2.519083763657205,0.743759128822754,0.20570078886896287,0.5334501114958332,0.9473994607010046,0.7167809710768472,0.1466953711484798,0.611001225245772,0.6047135813500737,19.654600000649225,19.654600000649225,0.388317532851245,0.4,0.12667278614091704,5.659502200657007,3.2585766478414326,1.417638158812165,0.14284099002655568,0.19118174888532719,0.16370300625821632,1.2805113676923958,0.19619954493606234,0.19788365426593538,0.31553500913763427,2.1435158190639103,2.1653970146440242,0.5996427190771285,0.13765588138800716,0.25089667074073996,0.3708926216678208,0.8892595189253854,0.1942065499380013,0.80895581010281,0.4810979190032496,21.017300001403783,21.017300001403783,0.26681059075874025,0.5,0.1825080435235638,0.5375291068939642,0.39602269866478773,1.2374271311401892,0.1428895280851779,2.3389926544338873,1.8942953634003534,1.3469727267731273,0.2052198974969695,0.256541181556836,0.2767124216235447,0.8882841980903977,1.2640010577602596,0.7188574864435131,0.09675785051611423,1.3628262946539904,1.508013543868051,0.8377412836461124,0.1691938560215805,0.5386104073569773,0.5282643773408839,7.005457999999635
md_knapsack,fplg,11,1,0.5,3.697062372631308,2.6247398236958563,6.807604827770476,0.9147176527588297,6.922836194376805,10.358615977642584,1.527310924292106,0.5942217353172816,2.737632239922891,7.066591299997526,510,6.0,7020.021400006954,73.25660000788048,0,0,1.916303586376638,0.8308291177447112,1.8437017389788328,3.6291077375687855,0.19917693677295942,0.0763286580503966,0.6399932984487278,5.078120062220344,cpu,0.03136849803528848,0.038084000692424985,0.062285452553199186,0.06082888532173349,0.07337363965954603,0.11726688417576363,30.953900000895374,30.953900000895374,0.3533139948275355,0.525,0.34413178387276255,2.2164579214592655,3.165760100948709,1.2811460409895195,0.1987427573521525,1.97117708751528,2.3039587501071805,1.3263309744988476,0.14242051412698595,0.264618626488479,0.24469856040650226,1.8423500354110753,2.519083763657205,0.743759128822754,0.20570078886896287,0.5334501114958332,0.9473994607010046,0.7167809710768472,0.1466953711484798,0.6112951097215753,0.604650066828477,20.254800001566764,20.254800001566764,0.3882126163618564,0.4,0.127268665495318,5.659502200657007,3.2585766478414326,1.417638158812165,0.14284099002655568,0.19118174888532719,0.16370300625821632,1.2805113676923958,0.19619954493606234,0.19794475461641917,0.3155201943051379,2.1435158190639103,2.1653970146440242,0.5996427190771285,0.13765588138800716,0.25089667074073996,0.3708926216678208,0.8892595189253854,0.1942065499380013,0.8086900367720371,0.4812001448732325,22.04790000541834,22.04790000541834,0.2668283856127601,0.5,0.18372460979342348,0.5375291068939642,0.39602269866478773,1.2374271311401892,0.1428895280851779,2.3389926544338873,1.8942953634003534,1.3469727267731273,0.2052198974969695,0.2564545302202766,0.2768168011561814,0.8882841980903977,1.2640010577602596,0.7188574864435131,0.09675785051611423,1.3628262946539904,1.508013543868051,0.8377412836461124,0.1691938560215805,0.5387946533001544,0.5281334493018237,14.072049299997161
md_knapsack,fplg,22,0,0.0,3.8104325583186736,2.6550513734766246,7.108424357574994,0.9416841417228756,7.323988093236789,11.104990314776039,1.5784805184099682,0.47511637241834853,2.6750386667608455,7.198278099996969,510,6.0,7153.241599997273,71.37930000317283,0,0,1.4394475616970615,0.6651721134764724,1.3811507100468488,2.446513743934767,0.26758313269047795,0.042390968040719075,0.574104040615248,4.954599139120558,cpu,0.03232315366346921,0.03941021607050654,0.06431827864101484,0.06262216159641389,0.07583188133163349,0.12086286582119175,28.370100000756793,28.370100000756793,0.3547248666996787,0.525,0.3556481847239392,2.2164579214592655,3.165760100948709,1.2811460409895195,0.1987427573521525,1.97117708751528,2.3039587501071805,1.3263309744988476,0.14242051412698595,0.26375595438205274,0.2469412454872036,1.8423500354110753,2.519083763657205,0.743759128822754,0.20570078886896287,0.5334501114958332,0.9473994607010046,0.7167809710768472,0.1466953711484798,0.6192490619711075,0.6008978712975062,20.517700002528727,20.517700002528727,0.3958953291657529,0.4,0.1381881254818158,5.659502200657007,3.2585766478414326,1.417638158812165,0.14284099002655568,0.19118174888532719,0.16370300625821632,1.2805113676923958,0.19619954493606234,0.1941793809814675,0.31192799343346933,2.1435158190639103,2.1653970146440242,0.5996427190771285,0.13765588138800716,0.25089667074073996,0.3708926216678208,0.8892595189253854,0.1942065499380013,0.8130983305042394,0.48479970224220315,22.49149999988731,22.49149999988731,0.26833360024531766,0.5,0.14798341395138404,0.5375291068939642,0.39602269866478773,1.2374271311401892,0.1428895280851779,2.3389926544338873,1.8942953634003534,1.3469727267731273,0.2052198974969695,0.25172362195155745,0.279983156994896,0.8882841980903977,1.2640010577602596,0.7188574864435131,0.09675785051611423,1.3628262946539904,1.508013543868051,0.8377412836461124,0.1691938560215805,0.5453822043310503,0.5229917751060387,7.198278099996969
md_knapsack,fplg,22,1,0.5,3.795117157651383,2.648222570352464,7.088653161292922,0.9367868247326907,7.307614006349311,11.07596887017593,1.575117278692666,0.47410447793196203,2.6656618471510094,7.261745899995731,510,6.0,7217.9172999822185,75.52040000155102,0,0,1.6457292393571654,0.9029309782450349,1.542669421175047,2.6775224318264,0.27451780121656705,0.14322120461831084,0.5746103994001479,4.954009870787804,cpu,0.032149649717950826,0.039322943467918446,0.06404320577063893,0.062296489152374276,0.07567030772197678,0.1203770776101375,30.56470000592526,30.56470000592526,0.3549750917511845,0.525,0.35866249650581106,2.2164579214592655,3.165760100948709,1.2811460409895195,0.1987427573521525,1.97117708751528,2.3039587501071805,1.3263309744988476,0.14242051412698595,0.2635038627580992,0.24708718572060043,1.8423500354110753,2.519083763657205,0.743759128822754,0.20570078886896287,0.5334501114958332,0.9473994607010046,0.7167809710768472,0.1466953711484798,0.6199449280287268,0.6005963039523419,20.29449999827193,20.29449999827193,0.39537365686359827,0.4,0.1377047473101789,5.659502200657007,3.2585766478414326,1.417638158812165,0.14284099002655568,0.19118174888532719,0.16370300625821632,1.2805113676923958,0.19619954493606234,0.19456334791103339,0.31171715759694074,2.1435158190639103,2.1653970146440242,0.5996427190771285,0.13765588138800716,0.25089667074073996,0.3708926216678208,0.8892595189253854,0.1942065499380013,0.8117560092533254,0.48527180998184527,24.661199997353833,24.661199997353833,0.2682555894125735,0.5,0.14880568775169078,0.5375291068939642,0.39602269866478773,1.2374271311401892,0.1428895280851779,2.3389926544338873,1.8942953634003534,1.3469727267731273,0.2052198974969695,0.25172123643242666,0.2800301295600097,0.8882841980903977,1.2640010577602596,0.7188574864435131,0.09675785051611423,1.3628262946539904,1.508013543868051,0.8377412836461124,0.1691938560215805,0.545368720038711,0.5228938247788721,14.4600239999927
md_knapsack,fplg,33,0,0.0,3.85041106695326,2.639652742532894,7.05873374116741,0.918464669170648,7.181960137415281,10.866669147869144,1.5624396613263158,0.4805002413950311,2.6725515476833324,7.073424599999271,510,6.0,7029.980400031491,67.3603000032017,0,0,1.1736052440993308,0.6356214176180304,1.1393286855955846,1.9556251179542419,0.10554912640052533,-0.011809910729618601,0.568083943403061,4.783164076738533,cpu,0.03150104260229922,0.03899410406860908,0.06503698487525073,0.061078062574326915,0.07506126151299262,0.1221309415713542,29.288000005180947,29.288000005180947,0.35455888946134795,0.5,0.33739777280290517,2.2164579214592655,3.165760100948709,1.2811460409895195,0.1987427573521525,1.97117708751528,2.3039587501071805,1.3263309744988476,0.14242051412698595,0.26622866619702024,0.24412121217132174,1.8423500354110753,2.519083763657205,0.743759128822754,0.20570078886896287,0.5334501114958332,0.9473994607010046,0.7167809710768472,0.1466953711484798,0.611224960540414,0.6082426967506237,17.460700000810903,17.460700000810903,0.3885497043493392,0.4,0.12466515049416715,5.659502200657007,3.2585766478414326,1.417638158812165,0.14284099002655568,0.19118174888532719,0.16370300625821632,1.2805113676923958,0.19619954493606234,0.19598548368646612,0.3121245259584566,2.1435158190639103,2.1653970146440242,0.5996427190771285,0.13765588138800716,0.25089667074073996,0.3708926216678208,0.8892595189253854,0.1942065499380013,0.805936132116891,0.4792732862267101,20.61159999720985,20.61159999720985,0.2682675748480189,0.4,0.14663325865049298,0.5375291068939642,0.39602269866478773,1.2374271311401892,0.1428895280851779,2.3389926544338873,1.8942953634003534,1.3469727267731273,0.2052198974969695,0.25324334911096147,0.27871447044169695,0.8882841980903977,1.2640010577602596,0.7188574864435131,0.09675785051611423,1.3628262946539904,1.508013543868051,0.8377412836461124,0.1691938560215805,0.5421521201899886,0.5263408490587071,7.073424599999271
md_knapsack,fplg,33,1,0.5,3.838380895107818,2.633079378591168,7.041210304307924,0.9157008765927515,7.1688631271690095,10.842269536445219,1.5587957078808898,0.4797612083912468,2.6629621193194213,6.971985999996832,510,6.0,6929.305600002408,63.35200000467012,0,0,1.5828233550632373,0.8171509799446073,1.4822979342101008,2.7499672436226295,0.3195588300330014,0.1409206009618333,0.5694258836078563,4.782520870182346,cpu,0.03140327467112673,0.03889962358653644,0.06482061261450513,0.06089426988019133,0.07488620211756221,0.12174935732250369,27.338400002918206,27.338400002918206,0.35468941217447436,0.525,0.33878992181633205,2.2164579214592655,3.165760100948709,1.2811460409895195,0.1987427573521525,1.97117708751528,2.3039587501071805,1.3263309744988476,0.14242051412698595,0.2660270492721831,0.24421366920219678,1.8423500354110753,2.519083763657205,0.743759128822754,0.20570078886896287,0.5334501114958332,0.9473994607010046,0.7167809710768472,0.1466953711484798,0.6116208230549421,0.6079987197683867,16.719100000045728,16.719100000045728,0.3882971453686757,0.4,0.1248462945889176,5.659502200657007,3.2585766478414326,1.417638158812165,0.14284099002655568,0.19118174888532719,0.16370300625821632,1.2805113676923958,0.19619954493606234,0.19626605850791515,0.3119110850661165,2.1435158190639103,2.1653970146440242,0.5996427190771285,0.13765588138800716,0.25089667074073996,0.3708926216678208,0.8892595189253854,0.1942065499380013,0.8051309686628073,0.47964046564857543,19.294500001706183,19.294500001706183,0.26819581697511785,0.4,0.1476512768713396,0.5375291068939642,0.39602269866478773,1.2374271311401892,0.1428895280851779,2.3389926544338873,1.8942953634003534,1.3469727267731273,0.2052198974969695,0.25337441816004114,0.27861537606833414,0.8882841980903977,1.2640010577602596,0.7188574864435131,0.09675785051611423,1.3628262946539904,1.508013543868051,0.8377412836461124,0.1691938560215805,0.5419314124570083,0.526450015721603,14.045410599996103
md_knapsack,pcgrad,11,0,0.0,3.691627213250044,2.6153409369545564,6.79480581984177,0.9142526953394654,6.9171952535413945,10.352429238605508,1.5234528499334274,0.5902762005713047,2.7255783546417103,7.151567900000373,510,6.0,7083.890300003986,67.75490000291029,0,0,4.093947244828688,2.4426740879585194,3.6582685070819663,7.287845695538891,0.1725558338435191,0.01979743245206291,0.6410744121919264,5.078632629982261,cpu,0.031352053303904705,0.037984144174109336,0.062188190462836426,0.06079796557129827,0.07318829366792706,0.1170944867040959,28.853199997683987,28.853199997683987,0.35314857511591274,0.525,0.34330957193283995,2.2164579214592655,3.165760100948709,1.2811460409895195,0.1987427573521525,1.97117708751528,2.3039587501071805,1.3263309744988476,0.14242051412698595,0.2646700681803028,0.24476617715235935,1.8423500354110753,2.519083763657205,0.743759128822754,0.20570078886896287,0.5334501114958332,0.9473994607010046,0.7167809710768472,0.1466953711484798,0.6112412975771763,0.6044920979873112,17.798699998820666,17.798699998820666,0.3883308711344743,0.4,0.12699564503907002,5.659502200657007,3.2585766478414326,1.417638158812165,0.14284099002655568,0.19118174888532719,0.16370300625821632,1.2805113676923958,0.19619954493606234,0.19797404182690453,0.31538141328333735,2.1435158190639103,2.1653970146440242,0.5996427190771285,0.13765588138800716,0.25089667074073996,0.3708926216678208,0.8892595189253854,0.1942065499380013,0.8086325198815197,0.48138467749767067,21.103000006405637,21.103000006405637,0.2667825438847681,0.5,0.18357132730879866,0.5375291068939642,0.39602269866478773,1.2374271311401892,0.1428895280851779,2.3389926544338873,1.8942953634003534,1.3469727267731273,0.2052198974969695,0.25635268443993364,0.2770030048587077,0.8882841980903977,1.2640010577602596,0.7188574864435131,0.09675785051611423,1.3628262946539904,1.508013543868051,0.8377412836461124,0.1691938560215805,0.5390005483491805,0.5279202287189971,7.151567900000373
md_knapsack,pcgrad,22,0,0.0,3.7855675287475776,2.6424023445834464,7.078516940623442,0.9345866474496365,7.300981934879077,11.06650815703308,1.5729110197041933,0.4718857520831721,2.6580190573205016,7.117446900003415,510,6.0,7047.375399983139,69.32170000072801,0,0,3.9704313466021777,2.0247287631919,3.658049696162048,7.252463738725107,0.22287774091691054,-0.005308029741370055,0.5754932630673132,4.954030553065374,cpu,0.03207172001411935,0.039265701281993734,0.06387176123313924,0.062150176974802615,0.07556431669589225,0.1200741735436889,28.988000005483627,28.988000005483627,0.35509500101624736,0.525,0.359538249858939,2.2164579214592655,3.165760100948709,1.2811460409895195,0.1987427573521525,1.97117708751528,2.3039587501071805,1.3263309744988476,0.14242051412698595,0.26342137208433186,0.24712412232971226,1.8423500354110753,2.519083763657205,0.743759128822754,0.20570078886896287,0.5334501114958332,0.9473994607010046,0.7167809710768472,0.1466953711484798,0.6201956870246681,0.6005398094218706,18.32509999803733,18.32509999803733,0.3952294045717969,0.4,0.1370965553261969,5.659502200657007,3.2585766478414326,1.417638158812165,0.14284099002655568,0.19118174888532719,0.16370300625821632,1.2805113676923958,0.19619954493606234,0.19470453509556906,0.3116010764338562,2.1435158190639103,2.1653970146440242,0.5996427190771285,0.13765588138800716,0.25089667074073996,0.3708926216678208,0.8892595189253854,0.1942065499380013,0.8112421595670469,0.48552226110597213,22.008599997207057,22.008599997207057,0.2682361959974229,0.5,0.14912205869716627,0.5375291068939642,0.39602269866478773,1.2374271311401892,0.1428895280851779,2.3389926544338873,1.8942953634003534,1.3469727267731273,0.2052198974969695,0.25166588982350374,0.28009369147827173,0.8882841980903977,1.2640010577602596,0.7188574864435131,0.09675785051611423,1.3628262946539904,1.508013543868051,0.8377412836461124,0.1691938560215805,0.5454604764343645,0.5227714968622567,7.117446900003415
md_knapsack,pcgrad,33,0,0.0,3.8304637997657522,2.6280974986133754,7.039770921518178,0.9137534732574792,7.171977287889516,10.851113057788806,1.5563605781592074,0.47748142258595827,2.656718267367938,7.113353399996413,510,6.0,7045.444299998053,65.62219999614172,0,0,3.3784113739947403,1.8085405134793646,3.2907037856042844,6.037515548841729,0.03339920847273303,-0.1219375265746473,0.5682797611397474,4.783407475082342,cpu,0.03133439727507466,0.038836495082585056,0.06467826528451275,0.06076476721475226,0.07476921589826584,0.12149823548334854,27.583600000070874,27.583600000070874,0.3546317521717606,0.525,0.3382226977209939,2.2164579214592655,3.165760100948709,1.2811460409895195,0.1987427573521525,1.97117708751528,2.3039587501071805,1.3263309744988476,0.14242051412698595,0.2660342956700244,0.24424078984336997,1.8423500354110753,2.519083763657205,0.743759128822754,0.20570078886896287,0.5334501114958332,0.9473994607010046,0.7167809710768472,0.1466953711484798,0.6115913664250995,0.6079472234318162,17.455099994549528,17.455099994549528,0.3884463232279642,0.4,0.12407619218555654,5.659502200657007,3.2585766478414326,1.417638158812165,0.14284099002655568,0.19118174888532719,0.16370300625821632,1.2805113676923958,0.19619954493606234,0.19643773712466928,0.3115803064104635,2.1435158190639103,2.1653970146440242,0.5996427190771285,0.13765588138800716,0.25089667074073996,0.3708926216678208,0.8892595189253854,0.1942065499380013,0.804736245143291,0.48017444484777017,20.583500001521315,20.583500001521315,0.268208647889613,0.4,0.14804509522956916,0.5375291068939642,0.39602269866478773,1.2374271311401892,0.1428895280851779,2.3389926544338873,1.8942953634003534,1.3469727267731273,0.2052198974969695,0.25341317650509376,0.2785450369069765,0.8882841980903977,1.2640010577602596,0.7188574864435131,0.09675785051611423,1.3628262946539904,1.508013543868051,0.8377412836461124,0.1691938560215805,0.5418312628559172,0.5265442463353789,7.113353399996413
md_knapsack,mgda,11,0,0.0,3.7216574051230182,2.631585467306476,6.8379950152976035,0.9180361752728619,6.942326099907806,10.397729316209897,1.5340951777029446,0.5913670090105481,2.7445756593195405,7.123134599998593,510,6.0,7036.603699998523,64.72760000178823,0,0,0.6716731935844986,0.5088108315491847,0.708907352958897,0.7173999182245724,0.18346586736317985,0.14706969689666174,0.6482172906947695,5.0766737591878,cpu,0.03148588360751601,0.03825964057589469,0.06272580303186007,0.061049567654511076,0.07369956240206596,0.11804701243322978,27.715800002624746,27.715800002624746,0.352943736999927,0.525,0.3395425352827166,2.2164579214592655,3.165760100948709,1.2811460409895195,0.1987427573521525,1.97117708751528,2.3039587501071805,1.3263309744988476,0.14242051412698595,0.2647149623064458,0.24471824420914742,1.8423500354110753,2.519083763657205,0.743759128822754,0.20570078886896287,0.5334501114958332,0.9473994607010046,0.7167809710768472,0.1466953711484798,0.6106465631957335,0.6046741173197138,17.227299998921808,17.227299998921808,0.38853213617114085,0.4,0.12597085515582584,5.659502200657007,3.2585766478414326,1.417638158812165,0.14284099002655568,0.19118174888532719,0.16370300625821632,1.2805113676923958,0.19619954493606234,0.19780889451657596,0.3154539398118364,2.1435158190639103,2.1653970146440242,0.5996427190771285,0.13765588138800716,0.25089667074073996,0.3708926216678208,0.8892595189253854,0.1942065499380013,0.8092408759275292,0.48108623074316503,19.784500000241678,19.784500000241678,0.2668312240620359,0.5,0.18158502566579082,0.5375291068939642,0.39602269866478773,1.2374271311401892,0.1428895280851779,2.3389926544338873,1.8942953634003534,1.3469727267731273,0.2052198974969695,0.25656994095480035,0.276668883625819,0.8882841980903977,1.2640010577602596,0.7188574864435131,0.09675785051611423,1.3628262946539904,1.508013543868051,0.8377412836461124,0.1691938560215805,0.5385545361370474,0.5283467365676436,7.123134599998593
md_knapsack,mgda,22,0,0.0,3.821688112588859,2.655005858731277,7.120367464064879,0.9458403175070078,7.336993924383071,11.131724161614816,1.5804962813951846,0.47311976816554624,2.6749331064223867,6.963478999998188,510,6.0,6877.37410000409,66.83520000660792,0,0,0.537977584020884,0.36788964763581056,0.5731062114213189,0.6047556098751105,0.23707993258472765,-0.08114974791697217,0.574244555424445,4.9552230060704705,cpu,0.032470445950864235,0.03946253006648056,0.06452052516183521,0.06289854801946743,0.07592872072730851,0.12121988002487598,27.781800003140233,27.781800003140233,0.35446805097835027,0.525,0.35277899632552323,2.2164579214592655,3.165760100948709,1.2811460409895195,0.1987427573521525,1.97117708751528,2.3039587501071805,1.3263309744988476,0.14242051412698595,0.26397868313748696,0.24683835085259648,1.8423500354110753,2.519083763657205,0.743759128822754,0.20570078886896287,0.5334501114958332,0.9473994607010046,0.7167809710768472,0.1466953711484798,0.6186524074000964,0.6011007285466874,18.17730000038864,18.17730000038864,0.3965089467649745,0.4,0.13834857938478073,5.659502200657007,3.2585766478414326,1.417638158812165,0.14284099002655568,0.19118174888532719,0.16370300625821632,1.2805113676923958,0.19619954493606234,0.19382150001966697,0.3120174799666535,2.1435158190639103,2.1653970146440242,0.5996427190771285,0.13765588138800716,0.25089667074073996,0.3708926216678208,0.8892595189253854,0.1942065499380013,0.8143080090829523,0.4845488644333173,20.876100003079046,20.876100003079046,0.2684326504900692,0.5,0.1476562899242443,0.5375291068939642,0.39602269866478773,1.2374271311401892,0.1428895280851779,2.3389926544338873,1.8942953634003534,1.3469727267731273,0.2052198974969695,0.25164591604767944,0.27999325190146795,0.8882841980903977,1.2640010577602596,0.7188574864435131,0.09675785051611423,1.3628262946539904,1.508013543868051,0.8377412836461124,0.1691938560215805,0.5455293193840701,0.5229751495452157,6.963478999998188
md_knapsack,mgda,33,0,0.0,3.85736667861849,2.6379989692306576,7.064710507910165,0.9204186539288042,7.187511704309426,10.881492063983227,1.5636987628641421,0.4784198661002017,2.671060118425846,7.094283099999302,510,6.0,7003.918900009012,61.74260000989307,0,0,0.5746911796203878,0.42965059879686346,0.5864448202861605,0.6282208291346809,0.11001434754982804,-0.028998150091218467,0.5673874139659358,4.78374926819278,cpu,0.03157017512775151,0.039026754067927466,0.06516212723662684,0.06120800290554914,0.07512175008873831,0.12235156617145734,25.84460000070976,25.84460000070976,0.35434563816150505,0.5,0.3352000262310345,2.2164579214592655,3.165760100948709,1.2811460409895195,0.1987427573521525,1.97117708751528,2.3039587501071805,1.3263309744988476,0.14242051412698595,0.2664075164788366,0.2440525478525521,1.8423500354110753,2.519083763657205,0.743759128822754,0.20570078886896287,0.5334501114958332,0.9473994607010046,0.7167809710768472,0.1466953711484798,0.6107681268017022,0.6083832138526966,16.489400004502386,16.489400004502386,0.3888896007525317,0.4,0.12383523639492522,5.659502200657007,3.2585766478414326,1.417638158812165,0.14284099002655568,0.19118174888532719,0.16370300625821632,1.2805113676923958,0.19619954493606234,0.19580531825929595,0.3121346247415774,2.1435158190639103,2.1653970146440242,0.5996427190771285,0.13765588138800716,0.25089667074073996,0.3708926216678208,0.8892595189253854,0.1942065499380013,0.806507470411338,0.4792116740945985,19.40860000468092,19.40860000468092,0.26834346062139214,0.4,0.14622334689192368,0.5375291068939642,0.39602269866478773,1.2374271311401892,0.1428895280851779,2.3389926544338873,1.8942953634003534,1.3469727267731273,0.2052198974969695,0.25318062338566183,0.27872715664314085,0.8882841980903977,1.2640010577602596,0.7188574864435131,0.09675785051611423,1.3628262946539904,1.508013543868051,0.8377412836461124,0.1691938560215805,0.5422620013238706,0.5263326999477164,7.094283099999302
