config_name,alpha_fair,task,method,seed,stage_idx,lambda,iter,alpha_t,beta_t,lr_t,loss_dec,loss_pred,loss_fair,grad_norm_dec,grad_norm_pred,grad_norm_fair,grad_norm_combined,delta_theta_l2,guided_norm_dec,guided_norm_pred,guided_scale,guided_ratio_pred_over_dec,guided_dir_norm,cos_dec_pred,cos_dec_fair,cos_pred_fair,solver_calls,decision_ms,solver_calls_fd,decision_ms_fd,nan_or_inf_flag,nan_or_inf_steps_so_far,exploding_steps_so_far,device,loss_dec_normalized,loss_dec_normalized_pred_obj,mo_grad_norm_decision_regret,mo_grad_norm_pred_fairness,mo_grad_norm_pred_loss,mo_cos_decision_regret_pred_fairness,mo_cos_decision_regret_pred_loss,mo_cos_pred_fairness_pred_loss,direction_alignment_with_dec_regret,stationarity_proxy,mo_pcgrad_n_projections,mo_pcgrad_conflict_fraction,mo_method,grad_backend,mo_mgda_lambda_decision_regret,mo_mgda_lambda_pred_fairness,mo_mgda_lambda_pred_loss,mo_mgda_min_norm
WDRO,0.1,medical_resource_allocation,wdro,11.0,0.0,0.0,0.0,1.0,0.0,0.0005,124520.38667261759,480.4888083571187,120.5593327340108,1e-06,23.25712367819556,1e-06,23.25712367819556,0.011628561839097766,,,,,,0.0,0.0,0.0,2.0,7.559600999229588,0.0,0.0,0.0,0.0,0.0,cuda,0.6670461441123322,2.003419189526914,,,,,,,,,,,,,,,,
WDRO,0.1,medical_resource_allocation,wdro,11.0,0.0,0.0,5.0,1.0,0.0,0.0004987531172069826,122759.9425054767,479.0480169456475,120.18876250088192,1e-06,25.00923456697465,1e-06,25.00923456697465,0.01247343369923922,,,,,,0.0,0.0,0.0,2.0,8.705845999429584,0.0,0.0,0.0,0.0,0.0,cuda,0.6576155799694199,1.9206936457876345,,,,,,,,,,,,,,,,
WDRO,0.1,medical_resource_allocation,wdro,11.0,0.0,0.0,10.0,1.0,0.0,0.0004975124378109454,130670.28528110385,477.36754692994396,119.74317226243622,1e-06,27.236072566579946,1e-06,27.236072566579946,0.013550284858994992,,,,,,0.0,0.0,0.0,2.0,9.278687000005448,0.0,0.0,0.0,0.0,0.0,cuda,0.6999906784419437,2.3332297636841437,,,,,,,,,,,,,,,,
WDRO,0.1,medical_resource_allocation,wdro,11.0,0.0,0.0,15.0,1.0,0.0,0.0004962779156327543,144929.6420696724,475.35365617815677,119.18562727233386,1e-06,30.080628652990423,1e-06,30.080628652990423,0.01492835168882898,,,,,,0.0,0.0,0.0,2.0,9.259934000510839,0.0,0.0,0.0,0.0,0.0,cuda,0.7763769571670828,3.4718110769432773,,,,,,,,,,,,,,,,
WDRO,0.1,medical_resource_allocation,wdro,11.0,0.0,0.0,20.0,1.0,0.0,0.0004950495049504951,148420.78262557165,472.86078369355283,118.45801944503805,1e-06,33.86718541103971,1e-06,33.86718541103971,0.016765933371801833,,,,,,0.0,0.0,0.0,2.0,9.686671999588725,0.0,0.0,0.0,0.0,0.0,cuda,0.7950787288897279,3.8799228824902228,,,,,,,,,,,,,,,,
WDRO,0.1,medical_resource_allocation,wdro,11.0,0.0,0.0,25.0,1.0,0.0,0.0004938271604938272,145884.08634878788,469.64119128334187,117.46152570269425,1e-06,39.03490738467317,1e-06,39.03490738467317,0.019276497473912677,,,,,,0.0,0.0,0.0,2.0,9.696799999801442,0.0,0.0,0.0,0.0,0.0,cuda,0.7814898418373489,3.576446277868856,,,,,,,,,,,,,,,,
WDRO,0.1,medical_resource_allocation,wdro,11.0,0.0,0.0,30.0,1.0,0.0,0.0004926108374384237,140405.84876513528,465.2613864078932,116.01793108459934,1e-06,46.258432535508604,1e-06,46.258432535508604,0.02278740518990571,,,,,,0.0,0.0,0.0,2.0,9.545168999466114,0.0,0.0,0.0,0.0,0.0,cuda,0.7521433440119428,3.0345900577638085,,,,,,,,,,,,,,,,
WDRO,0.1,medical_resource_allocation,wdro,11.0,0.0,0.0,35.0,1.0,0.0,0.0004914004914004914,132507.46506083172,458.9642225183185,113.8091715606944,1e-06,56.33156897773767,1e-06,56.33156897773767,0.02768136067702096,,,,,,0.0,0.0,0.0,2.0,9.08566799989785,0.0,0.0,0.0,0.0,0.0,cuda,0.7098323093656462,2.446283071053973,,,,,,,,,,,,,,,,
WDRO,0.1,medical_resource_allocation,wdro,11.0,0.0,0.0,40.0,1.0,0.0,0.0004901960784313725,121451.32202867928,449.39312580124323,110.27533274538955,1e-06,70.47160944754116,1e-06,70.47160944754116,0.03454490659193193,,,,,,0.0,0.0,0.0,2.0,9.848133000559756,0.0,0.0,0.0,0.0,0.0,cuda,0.6506054006206425,1.862093466173595,,,,,,,,,,,,,,,,
WDRO,0.1,medical_resource_allocation,wdro,11.0,0.0,0.0,45.0,1.0,0.0,0.000488997555012225,103991.67167627382,434.1992652522165,104.43073868977845,1e-06,89.52062675853783,1e-06,89.52062675853783,0.04377536760808695,,,,,,0.0,0.0,0.0,2.0,9.0619760003392,0.0,0.0,0.0,0.0,0.0,cuda,0.5570753951626473,1.2577205896412373,,,,,,,,,,,,,,,,
WDRO,0.1,medical_resource_allocation,wdro,11.0,0.0,0.0,50.0,1.0,0.0,0.00048780487804878054,78393.3161283342,409.6570897658579,94.5846829700632,1e-06,113.58309151811594,1e-06,113.58309151811594,0.05540638610639803,,,,,,0.0,0.0,0.0,2.0,10.18859100076952,0.0,0.0,0.0,0.0,0.0,cuda,0.4199469712944892,0.7239803095790637,,,,,,,,,,,,,,,,
WDRO,0.1,medical_resource_allocation,wdro,11.0,0.0,0.0,55.0,1.0,0.0,0.00048661800486618,52871.90367020501,371.4137258811863,78.75469671553817,1e-06,138.3881324578922,1e-06,138.3881324578922,0.06734215691381616,,,,,,0.0,0.0,0.0,2.0,9.424352000678482,0.0,0.0,0.0,0.0,0.0,cuda,0.28323072564666596,0.39514908880852273,,,,,,,,,,,,,,,,
WDRO,0.1,medical_resource_allocation,wdro,11.0,0.0,0.0,60.0,1.0,0.0,0.0004854368932038835,43392.53694016076,320.1546580513182,57.55228992883734,1e-06,148.96050470051892,1e-06,148.96050470051892,0.07231092461190236,,,,,,0.0,0.0,0.0,2.0,9.559117999742739,0.0,0.0,0.0,0.0,0.0,cuda,0.232450486403374,0.3028475457096503,,,,,,,,,,,,,,,,
WDRO,0.1,medical_resource_allocation,wdro,11.0,0.0,0.0,65.0,1.0,0.0,0.00048426150121065375,41805.53837470812,271.2035791397294,39.35837928875587,1e-06,127.1211790425087,1e-06,127.1211790425087,0.06155989299879355,,,,,,0.0,0.0,0.0,2.0,6.4983830006895005,0.0,0.0,0.0,0.0,0.0,cuda,0.22394905702233459,0.2885752012143097,,,,,,,,,,,,,,,,
WDRO,0.1,medical_resource_allocation,wdro,22.0,0.0,0.0,0.0,1.0,0.0,0.0005,123454.28186467003,480.9164512724551,120.72162861209776,1e-06,23.40855963453317,1e-06,23.40855963453317,0.011704279817266572,,,,,,0.0,0.0,0.0,2.0,9.462994999921648,0.0,0.0,0.0,0.0,0.0,cuda,0.661335102568342,1.9527713311409798,,,,,,,,,,,,,,,,
WDRO,0.1,medical_resource_allocation,wdro,22.0,0.0,0.0,5.0,1.0,0.0,0.0004987531172069826,138048.91608908336,479.45760245632204,120.38138037440216,1e-06,25.142270222361013,1e-06,25.142270222361013,0.012539785647062844,,,,,,0.0,0.0,0.0,2.0,9.693764000076044,0.0,0.0,0.0,0.0,0.0,cuda,0.7395174367568819,2.839028561257908,,,,,,,,,,,,,,,,
WDRO,0.1,medical_resource_allocation,wdro,22.0,0.0,0.0,10.0,1.0,0.0,0.0004975124378109454,161670.32099090138,477.7693349193038,119.97937954832993,1e-06,27.182260402783204,1e-06,27.182260402783204,0.013523512638200593,,,,,,0.0,0.0,0.0,2.0,9.387899000103062,0.0,0.0,0.0,0.0,0.0,cuda,0.8660554879091016,6.465778062794934,,,,,,,,,,,,,,,,
WDRO,0.1,medical_resource_allocation,wdro,22.0,0.0,0.0,15.0,1.0,0.0,0.0004962779156327543,165898.64383536993,475.7782613011093,119.48501445150207,1e-06,29.78718203216873,1e-06,29.78718203216873,0.014782720611498117,,,,,,0.0,0.0,0.0,2.0,10.014793000664213,0.0,0.0,0.0,0.0,0.0,cuda,0.8887062885115787,7.985233636529748,,,,,,,,,,,,,,,,
WDRO,0.1,medical_resource_allocation,wdro,22.0,0.0,0.0,20.0,1.0,0.0,0.0004950495049504951,167135.05431028586,473.3538365762996,118.84878798749835,1e-06,33.25278525088963,1e-06,33.25278525088963,0.016461774876678027,,,,,,0.0,0.0,0.0,2.0,9.675412999968103,0.0,0.0,0.0,0.0,0.0,cuda,0.8953296444283985,8.553803410134906,,,,,,,,,,,,,,,,
WDRO,0.1,medical_resource_allocation,wdro,22.0,0.0,0.0,25.0,1.0,0.0,0.0004938271604938272,167350.0195342775,470.27534501092936,117.9862663713416,1e-06,38.004527520509214,1e-06,38.004527520509214,0.01876766791136257,,,,,,0.0,0.0,0.0,2.0,9.616659000130312,0.0,0.0,0.0,0.0,0.0,cuda,0.8964811966168675,8.660080751695993,,,,,,,,,,,,,,,,
WDRO,0.1,medical_resource_allocation,wdro,22.0,0.0,0.0,30.0,1.0,0.0,0.0004926108374384237,167041.33236713847,466.1615885308123,116.7395226683054,1e-06,44.624883919575,1e-06,44.624883919575,0.02198270143821428,,,,,,0.0,0.0,0.0,2.0,9.906083000714716,0.0,0.0,0.0,0.0,0.0,cuda,0.8948275831799095,8.508196447654289,,,,,,,,,,,,,,,,
WDRO,0.1,medical_resource_allocation,wdro,22.0,0.0,0.0,35.0,1.0,0.0,0.0004914004914004914,166230.69716762393,460.3470853268359,114.83071978697208,1e-06,53.911311168323536,1e-06,53.911311168323536,0.026492044800158987,,,,,,0.0,0.0,0.0,2.0,9.467484000197146,0.0,0.0,0.0,0.0,0.0,cuda,0.8904850726997618,8.131175307805055,,,,,,,,,,,,,,,,
WDRO,0.1,medical_resource_allocation,wdro,22.0,0.0,0.0,40.0,1.0,0.0,0.0004901960784313725,164733.57375225934,451.63423652645656,111.75010660958732,1e-06,67.05183092534686,1e-06,67.05183092534686,0.032868544571248465,,,,,,0.0,0.0,0.0,2.0,9.440331000405422,0.0,0.0,0.0,0.0,0.0,cuda,0.8824650975923536,7.508111033535381,,,,,,,,,,,,,,,,
WDRO,0.1,medical_resource_allocation,wdro,22.0,0.0,0.0,45.0,1.0,0.0,0.000488997555012225,161997.5417338831,437.9152360421222,106.59900539963589,1e-06,84.96693243523471,1e-06,84.96693243523471,0.041548622217718684,,,,,,0.0,0.0,0.0,2.0,9.585248999428586,0.0,0.0,0.0,0.0,0.0,cuda,0.8678083842878558,6.564776287911965,,,,,,,,,,,,,,,,
WDRO,0.1,medical_resource_allocation,wdro,22.0,0.0,0.0,50.0,1.0,0.0,0.00048780487804878054,155478.8915178419,415.7682238625027,97.8305157468263,1e-06,108.20957264099069,1e-06,108.20957264099069,0.05278515738584912,,,,,,0.0,0.0,0.0,2.0,9.413719999429304,0.0,0.0,0.0,0.0,0.0,cuda,0.8328884759289181,4.98402776564137,,,,,,,,,,,,,,,,
WDRO,0.1,medical_resource_allocation,wdro,22.0,0.0,0.0,55.0,1.0,0.0,0.00048661800486618,139985.7243790006,380.642248290864,83.31813075121315,1e-06,133.92096663686678,1e-06,133.92096663686678,0.06516835359458237,,,,,,0.0,0.0,0.0,2.0,8.95469300030527,0.0,0.0,0.0,0.0,0.0,cuda,0.7498927699548971,2.998285054852935,,,,,,,,,,,,,,,,
WDRO,0.1,medical_resource_allocation,wdro,22.0,0.0,0.0,60.0,1.0,0.0,0.0004854368932038835,108285.12870884621,330.8218263584474,62.451810258146395,1e-06,150.82863960719882,1e-06,150.82863960719882,0.0732177862170868,,,,,,0.0,0.0,0.0,2.0,9.621666999919398,0.0,0.0,0.0,0.0,0.0,cuda,0.5800751146063324,1.3813782768852303,,,,,,,,,,,,,,,,
WDRO,0.1,medical_resource_allocation,wdro,22.0,0.0,0.0,65.0,1.0,0.0,0.00048426150121065375,61730.556826966174,277.5149188184405,41.61677310382584,1e-06,138.82848939371772,1e-06,138.82848939371772,0.06722929268460906,,,,,,0.0,0.0,0.0,2.0,9.238945999641146,0.0,0.0,0.0,0.0,0.0,cuda,0.3306858499692562,0.49406672480189867,,,,,,,,,,,,,,,,
WDRO,0.1,medical_resource_allocation,wdro,33.0,0.0,0.0,0.0,1.0,0.0,0.0005,121979.91913262244,478.6492686489821,120.23053286635995,1e-06,25.91273376812604,1e-06,25.91273376812604,0.012956366884063007,,,,,,0.0,0.0,0.0,2.0,8.929493999858096,0.0,0.0,0.0,0.0,0.0,cuda,0.6534370546926882,1.8854787089637013,,,,,,,,,,,,,,,,
WDRO,0.1,medical_resource_allocation,wdro,33.0,0.0,0.0,5.0,1.0,0.0,0.0004987531172069826,112848.56432879117,476.85993451972234,119.70644675565055,1e-06,27.89629365089567,1e-06,27.89629365089567,0.013913363416905557,,,,,,0.0,0.0,0.0,2.0,9.156989000075555,0.0,0.0,0.0,0.0,0.0,cuda,0.6045210885992685,1.528579833645588,,,,,,,,,,,,,,,,
WDRO,0.1,medical_resource_allocation,wdro,33.0,0.0,0.0,10.0,1.0,0.0,0.0004975124378109454,94615.93218615148,474.7618781202219,119.06566384825078,1e-06,30.512604633070293,1e-06,30.512604633070293,0.01518040031496034,,,,,,0.0,0.0,0.0,2.0,9.539530999973067,0.0,0.0,0.0,0.0,0.0,cuda,0.5068502790816103,1.0277817416944008,,,,,,,,,,,,,,,,
WDRO,0.1,medical_resource_allocation,wdro,33.0,0.0,0.0,15.0,1.0,0.0,0.0004962779156327543,88337.54892562082,472.2065609666343,118.24717153750953,1e-06,34.14817924785331,1e-06,34.14817924785331,0.016946987219778303,,,,,,0.0,0.0,0.0,2.0,9.001573999739776,0.0,0.0,0.0,0.0,0.0,cuda,0.47321746234287676,0.8983165319934895,,,,,,,,,,,,,,,,
WDRO,0.1,medical_resource_allocation,wdro,33.0,0.0,0.0,20.0,1.0,0.0,0.0004950495049504951,92524.80071549403,468.93773262797924,117.14125187421895,1e-06,39.2088142306868,1e-06,39.2088142306868,0.019410304074597422,,,,,,0.0,0.0,0.0,2.0,5.585466000411543,0.0,0.0,0.0,0.0,0.0,cuda,0.49564824846150507,0.9827431885575091,,,,,,,,,,,,,,,,
WDRO,0.1,medical_resource_allocation,wdro,33.0,0.0,0.0,25.0,1.0,0.0,0.0004938271604938272,90167.42416806673,464.5168331287449,115.55561537384992,1e-06,46.39880330569821,1e-06,46.39880330569821,0.022912989286764544,,,,,,0.0,0.0,0.0,2.0,10.827912000422657,0.0,0.0,0.0,0.0,0.0,cuda,0.4830199634215903,0.9343106681999147,,,,,,,,,,,,,,,,
WDRO,0.1,medical_resource_allocation,wdro,33.0,0.0,0.0,30.0,1.0,0.0,0.0004926108374384237,82471.64126857831,458.14527016690806,113.13468602687729,1e-06,56.68669462704536,1e-06,56.68669462704536,0.027924480111845,,,,,,0.0,0.0,0.0,2.0,9.058466999704251,0.0,0.0,0.0,0.0,0.0,cuda,0.4417942457202315,0.7914541230236182,,,,,,,,,,,,,,,,
WDRO,0.1,medical_resource_allocation,wdro,33.0,0.0,0.0,35.0,1.0,0.0,0.0004914004914004914,71970.77167011777,448.40045466570336,109.25287880303786,1e-06,71.15790129941175,1e-06,71.15790129941175,0.03496702766555859,,,,,,0.0,0.0,0.0,2.0,9.363888000734732,0.0,0.0,0.0,0.0,0.0,cuda,0.3855418940961111,0.6274502531445424,,,,,,,,,,,,,,,,
WDRO,0.1,medical_resource_allocation,wdro,33.0,0.0,0.0,40.0,1.0,0.0,0.0004901960784313725,58805.58216688658,432.80364607728535,102.81285500306686,1e-06,90.78084931316532,1e-06,90.78084931316532,0.044500416329983,,,,,,0.0,0.0,0.0,2.0,10.211603000243485,0.0,0.0,0.0,0.0,0.0,cuda,0.315016985450211,0.45989021444168016,,,,,,,,,,,,,,,,
WDRO,0.1,medical_resource_allocation,wdro,33.0,0.0,0.0,45.0,1.0,0.0,0.000488997555012225,48059.09512768983,407.46156882505215,92.03779841594053,1e-06,115.28142847818447,1e-06,115.28142847818447,0.056372336664148884,,,,,,0.0,0.0,0.0,2.0,9.642429000450647,0.0,0.0,0.0,0.0,0.0,cuda,0.25744888006762706,0.3467086280754299,,,,,,,,,,,,,,,,
WDRO,0.1,medical_resource_allocation,wdro,33.0,0.0,0.0,50.0,1.0,0.0,0.00048780487804878054,42460.8611793739,368.2284580965627,75.1552075954614,1e-06,139.22304303858485,1e-06,139.22304303858485,0.067913679531017,,,,,,0.0,0.0,0.0,2.0,9.25801599987608,0.0,0.0,0.0,0.0,0.0,cuda,0.22745957093641733,0.2944306373870003,,,,,,,,,,,,,,,,
WDRO,0.1,medical_resource_allocation,wdro,33.0,0.0,0.0,55.0,1.0,0.0,0.00048661800486618,41074.87366949438,316.9677936208438,53.848216030242696,1e-06,147.1385937502012,1e-06,147.1385937502012,0.07160028892953829,,,,,,0.0,0.0,0.0,2.0,9.563732000060554,0.0,0.0,0.0,0.0,0.0,cuda,0.2200349423357716,0.28210871778629815,,,,,,,,,,,,,,,,
WDRO,0.1,medical_resource_allocation,wdro,33.0,0.0,0.0,60.0,1.0,0.0,0.0004854368932038835,40817.70021417696,270.1736835912853,37.414009984438515,1e-06,122.27183415896455,1e-06,122.27183415896455,0.059355259300468234,,,,,,0.0,0.0,0.0,2.0,9.391675000188116,0.0,0.0,0.0,0.0,0.0,cuda,0.21865728389508143,0.27984811195925985,,,,,,,,,,,,,,,,
WDRO,0.1,medical_resource_allocation,wdro,33.0,0.0,0.0,65.0,1.0,0.0,0.00048426150121065375,40594.41554500061,243.31816604844064,31.977627453512525,1e-06,85.64861056782458,1e-06,85.64861056782458,0.0414763247301814,,,,,,0.0,0.0,0.0,2.0,9.047915999872203,0.0,0.0,0.0,0.0,0.0,cuda,0.21746116507796698,0.27789185069598926,,,,,,,,,,,,,,,,
PTO,0.1,medical_resource_allocation,fpto,11.0,0.0,0.0,0.0,1.0,0.0,0.0005,124520.38667261759,398.71754303455754,120.5593327340108,1e-06,20.074414216546376,6.634469515789496,20.074414216546376,0.010037207108273171,,,,,,0.0,0.0,0.8757455020274743,2.0,7.141452999348985,0.0,0.0,0.0,0.0,0.0,cuda,0.6670461441123322,2.003419189526914,,,,,,,,,,,,,,,,
PTO,0.1,medical_resource_allocation,fpto,11.0,0.0,0.0,5.0,1.0,0.0,0.0004987531172069826,122836.86019089774,397.6580314470744,120.24890199158975,1e-06,21.267320617851148,7.196549092877613,21.267320617851148,0.01060714245279358,,,,,,0.0,0.0,0.8774326727081807,2.0,10.780177000015101,0.0,0.0,0.0,0.0,0.0,cuda,0.6580276221003927,1.924212786254829,,,,,,,,,,,,,,,,
PTO,0.1,medical_resource_allocation,fpto,11.0,0.0,0.0,10.0,1.0,0.0,0.0004975124378109454,126569.66716189179,396.46351312544203,119.88916697035575,1e-06,22.713416277503168,7.926638076174669,22.713416277503168,0.01130020710323539,,,,,,0.0,0.0,0.8776391876040665,2.0,9.426667000298039,0.0,0.0,0.0,0.0,0.0,cuda,0.6780239822407098,2.1058213806085453,,,,,,,,,,,,,,,,
PTO,0.1,medical_resource_allocation,fpto,11.0,0.0,0.0,15.0,1.0,0.0,0.0004962779156327543,139503.59618876167,395.0925878465448,119.46134107257517,1e-06,24.48777989138687,8.899903484441348,24.48777989138687,0.012152744362971141,,,,,,0.0,0.0,0.876680623838605,2.0,9.77521799995884,0.0,0.0,0.0,0.0,0.0,cuda,0.747310046283212,2.957418905227979,,,,,,,,,,,,,,,,
PTO,0.1,medical_resource_allocation,fpto,11.0,0.0,0.0,20.0,1.0,0.0,0.0004950495049504951,147871.88965407247,393.4883553221791,118.93942008798662,1e-06,26.681694782764957,10.14224322179875,26.681694782764957,0.013208759793447987,,,,,,0.0,0.0,0.8758799103182519,2.0,9.256525000637339,0.0,0.0,0.0,0.0,0.0,cuda,0.7921383514145798,3.8108922776538683,,,,,,,,,,,,,,,,
PTO,0.1,medical_resource_allocation,fpto,11.0,0.0,0.0,25.0,1.0,0.0,0.0004938271604938272,149115.42718729857,391.5647677352067,118.28250692374355,1e-06,29.47163586352087,11.79830286286929,29.47163586352087,0.014553894253590546,,,,,,0.0,0.0,0.8749500178361806,2.0,9.57900800040079,0.0,0.0,0.0,0.0,0.0,cuda,0.7987998864351726,3.9701761210875097,,,,,,,,,,,,,,,,
PTO,0.1,medical_resource_allocation,fpto,11.0,0.0,0.0,30.0,1.0,0.0,0.0004926108374384237,147138.4957480448,389.1908864257902,117.43007555277478,1e-06,33.05629959218618,13.938171699300804,33.05629959218618,0.016283891424722263,,,,,,0.0,0.0,0.8745082714021153,2.0,9.005418999549875,0.0,0.0,0.0,0.0,0.0,cuda,0.7882096166089497,3.721649699049827,,,,,,,,,,,,,,,,
PTO,0.1,medical_resource_allocation,fpto,11.0,0.0,0.0,35.0,1.0,0.0,0.0004914004914004914,143269.90568470035,386.1616313407443,116.28285599184241,1e-06,37.741253613257946,16.819150794715565,37.741253613257946,0.01854607057162552,,,,,,0.0,0.0,0.8743339597825185,2.0,18.784212000355183,0.0,0.0,0.0,0.0,0.0,cuda,0.7674858768755534,3.300814017498534,,,,,,,,,,,,,,,,
PTO,0.1,medical_resource_allocation,fpto,11.0,0.0,0.0,40.0,1.0,0.0,0.0004901960784313725,137971.9388086972,382.155497433962,114.67867225050726,1e-06,43.86401209946758,20.597053649566668,43.86401209946758,0.021501966715425275,,,,,,0.0,0.0,0.8750525479774359,2.0,19.100942000477517,0.0,0.0,0.0,0.0,0.0,cuda,0.7391050753802598,2.8329607272258017,,,,,,,,,,,,,,,,
PTO,0.1,medical_resource_allocation,fpto,11.0,0.0,0.0,45.0,1.0,0.0,0.000488997555012225,131341.00856713246,376.6681300772285,112.37111554521898,1e-06,51.88539509661597,25.449291466924755,51.88539509661597,0.025371831343088486,,,,,,0.0,0.0,0.8770749527573286,2.0,9.417408000444993,0.0,0.0,0.0,0.0,0.0,cuda,0.7035836915514199,2.373633540050215,,,,,,,,,,,,,,,,
PTO,0.1,medical_resource_allocation,fpto,11.0,0.0,0.0,50.0,1.0,0.0,0.00048780487804878054,122303.62897555513,368.8929912352894,108.96092800253709,1e-06,62.26916033080911,31.709912516142797,62.26916033080911,0.030375200161370297,,,,,,0.0,0.0,0.8791540473800742,2.0,9.729211999911058,0.0,0.0,0.0,0.0,0.0,cuda,0.6551711434496333,1.8999893164507746,,,,,,,,,,,,,,,,
PTO,0.1,medical_resource_allocation,fpto,11.0,0.0,0.0,55.0,1.0,0.0,0.00048661800486618,108926.24066091713,357.61954230413596,103.83168581867136,1e-06,75.32231984185492,39.57477463094609,75.32231984185492,0.03665319700333572,,,,,,0.0,0.0,0.8821454038880149,2.0,9.851048000200535,0.0,0.0,0.0,0.0,0.0,cuda,0.5835095020749289,1.4010151611667874,,,,,,,,,,,,,,,,
PTO,0.1,medical_resource_allocation,fpto,11.0,0.0,0.0,60.0,1.0,0.0,0.0004854368932038835,89807.73501314939,341.16068337749283,96.04144030953265,1e-06,90.9683833808324,49.69661489722819,90.9683833808324,0.044159409408171056,,,,,,0.0,0.0,0.8836545776168458,2.0,16.907664000427758,0.0,0.0,0.0,0.0,0.0,cuda,0.48109313625474687,0.9271281030711706,,,,,,,,,,,,,,,,
PTO,0.1,medical_resource_allocation,fpto,11.0,0.0,0.0,65.0,1.0,0.0,0.00048426150121065375,67039.6034102328,317.5717542064619,84.48389177201042,1e-06,107.66604810241815,60.432158124296244,107.66604810241815,0.05213852208349549,,,,,,0.0,0.0,0.8861257736595564,2.0,7.356240000262915,0.0,0.0,0.0,0.0,0.0,cuda,0.3591260046050715,0.5603691321314508,,,,,,,,,,,,,,,,
PTO,0.1,medical_resource_allocation,fpto,22.0,0.0,0.0,0.0,1.0,0.0,0.0005,123454.28186467003,399.09143602082656,120.72162861209776,1e-06,20.312846362724432,6.087630079414693,20.312846362724432,0.010156423181362199,,,,,,0.0,0.0,0.8811642411095746,2.0,9.182218000205467,0.0,0.0,0.0,0.0,0.0,cuda,0.661335102568342,1.9527713311409798,,,,,,,,,,,,,,,,
PTO,0.1,medical_resource_allocation,fpto,22.0,0.0,0.0,5.0,1.0,0.0,0.0004987531172069826,132336.33994066075,398.00708803314006,120.43378757743052,1e-06,21.506182527528928,6.553462193445873,21.506182527528928,0.010726275574827382,,,,,,0.0,0.0,0.877639824198336,2.0,9.587595000084548,0.0,0.0,0.0,0.0,0.0,cuda,0.7089156052449714,2.4354297860645615,,,,,,,,,,,,,,,,
PTO,0.1,medical_resource_allocation,fpto,22.0,0.0,0.0,10.0,1.0,0.0,0.0004975124378109454,158375.17765735777,396.789349207211,120.10452515747431,1e-06,22.87816066586589,7.157847991361395,22.87816066586589,0.01138216948550541,,,,,,0.0,0.0,0.8757327912687866,2.0,9.63409199994203,0.0,0.0,0.0,0.0,0.0,cuda,0.8484036582475327,5.596465247379393,,,,,,,,,,,,,,,,
PTO,0.1,medical_resource_allocation,fpto,22.0,0.0,0.0,15.0,1.0,0.0,0.0004962779156327543,164670.6410186402,395.4056791678241,119.71838665834055,1e-06,24.524216683808806,8.003654533857944,24.524216683808806,0.012170827138366641,,,,,,0.0,0.0,0.872334071707653,2.0,9.037668000019039,0.0,0.0,0.0,0.0,0.0,cuda,0.8821279717736755,7.4837769829489496,,,,,,,,,,,,,,,,
PTO,0.1,medical_resource_allocation,fpto,22.0,0.0,0.0,20.0,1.0,0.0,0.0004950495049504951,166556.99617259827,393.8038315310348,119.25215545982985,1e-06,26.582174206714974,9.120616017630974,26.582174206714974,0.01315949218154206,,,,,,0.0,0.0,0.8682992834145611,2.0,9.001409000120475,0.0,0.0,0.0,0.0,0.0,cuda,0.8922330313988306,8.279281146905605,,,,,,,,,,,,,,,,
PTO,0.1,medical_resource_allocation,fpto,22.0,0.0,0.0,25.0,1.0,0.0,0.0004938271604938272,167293.69474688516,391.9041299130007,118.67066847649033,1e-06,29.19355544225555,10.618728111410737,29.19355544225555,0.014416570588768165,,,,,,0.0,0.0,0.8640508208989427,2.0,9.815735000302084,0.0,0.0,0.0,0.0,0.0,cuda,0.8961794690584173,8.632006221993565,,,,,,,,,,,,,,,,
PTO,0.1,medical_resource_allocation,fpto,22.0,0.0,0.0,30.0,1.0,0.0,0.0004926108374384237,167411.5225096557,389.5872992518728,117.92031670881693,1e-06,32.551801103974604,12.63011592261865,32.551801103974604,0.016035370001957934,,,,,,0.0,0.0,0.8613607835979705,2.0,10.152554999876884,0.0,0.0,0.0,0.0,0.0,cuda,0.8968106633305016,8.690923813212079,,,,,,,,,,,,,,,,
PTO,0.1,medical_resource_allocation,fpto,22.0,0.0,0.0,35.0,1.0,0.0,0.0004914004914004914,167207.96261022202,386.6679589212167,116.91027254575383,1e-06,36.91546798750293,15.42641054336856,36.91546798750293,0.01814027910933805,,,,,,0.0,0.0,0.8574328760805418,2.0,10.434785000143165,0.0,0.0,0.0,0.0,0.0,cuda,0.8957202085893827,8.589585733465366,,,,,,,,,,,,,,,,
PTO,0.1,medical_resource_allocation,fpto,22.0,0.0,0.0,40.0,1.0,0.0,0.0004901960784313725,166782.71207082694,382.8597525403725,115.49998029589615,1e-06,42.62117117330864,19.118303481815392,42.62117117330864,0.020892730967308152,,,,,,0.0,0.0,0.8567266736839148,2.0,9.4721830000708,0.0,0.0,0.0,0.0,0.0,cuda,0.8934421741231794,8.384575856080119,,,,,,,,,,,,,,,,
PTO,0.1,medical_resource_allocation,fpto,22.0,0.0,0.0,45.0,1.0,0.0,0.000488997555012225,165939.8572487177,377.7086755310144,113.45713995643575,1e-06,50.09556176568267,23.89633643614095,50.09556176568267,0.024496607220382726,,,,,,0.0,0.0,0.8596149477664313,2.0,9.435506999579957,0.0,0.0,0.0,0.0,0.0,cuda,0.8889270656003265,8.003093376480914,,,,,,,,,,,,,,,,
PTO,0.1,medical_resource_allocation,fpto,22.0,0.0,0.0,50.0,1.0,0.0,0.00048780487804878054,164767.76538510565,370.49644418505625,110.41482281128964,1e-06,59.80665608079347,29.982510218576746,59.80665608079347,0.0291739785759968,,,,,,0.0,0.0,0.864704967892379,2.0,9.908588000143936,0.0,0.0,0.0,0.0,0.0,cuda,0.8826482595424606,7.521390446371979,,,,,,,,,,,,,,,,
PTO,0.1,medical_resource_allocation,fpto,22.0,0.0,0.0,55.0,1.0,0.0,0.00048661800486618,162728.54362760423,360.1296922325447,105.8141316158832,1e-06,72.16430079014381,37.70802997464104,72.16430079014381,0.03511644807306269,,,,,,0.0,0.0,0.8700208761370667,2.0,9.066028999768605,0.0,0.0,0.0,0.0,0.0,cuda,0.8717243052673458,6.795709094260997,,,,,,,,,,,,,,,,
PTO,0.1,medical_resource_allocation,fpto,22.0,0.0,0.0,60.0,1.0,0.0,0.0004854368932038835,158720.74056753513,345.0299759157414,98.78882174499907,1e-06,87.17344720215024,47.5715301061925,87.17344720215024,0.042317207379684564,,,,,,0.0,0.0,0.8739045614004788,2.0,9.079593000024033,0.0,0.0,0.0,0.0,0.0,cuda,0.8502548122066679,5.678010924665774,,,,,,,,,,,,,,,,
PTO,0.1,medical_resource_allocation,fpto,22.0,0.0,0.0,65.0,1.0,0.0,0.00048426150121065375,150313.699280582,323.210557322657,88.1371715492325,1e-06,104.06516472670215,58.927148497875976,104.06516472670215,0.05039475289428678,,,,,,0.0,0.0,0.8775952991989387,2.0,8.882221000021673,0.0,0.0,0.0,0.0,0.0,cuda,0.805218937971879,4.133969337612647,,,,,,,,,,,,,,,,
PTO,0.1,medical_resource_allocation,fpto,33.0,0.0,0.0,0.0,1.0,0.0,0.0005,121979.91913262244,397.10809412711205,120.23053286635995,1e-06,22.13710375791305,8.466236702111697,22.13710375791305,0.01106855187895652,,,,,,0.0,0.0,0.8611915578450287,2.0,9.609992999685346,0.0,0.0,0.0,0.0,0.0,cuda,0.6534370546926882,1.8854787089637013,,,,,,,,,,,,,,,,
PTO,0.1,medical_resource_allocation,fpto,33.0,0.0,0.0,5.0,1.0,0.0,0.0004987531172069826,115261.17899822837,395.82071115662006,119.79960510512942,1e-06,23.442495293917226,9.24902618806246,23.442495293917226,0.011692017602951231,,,,,,0.0,0.0,0.8644964897224318,2.0,9.519633000309113,0.0,0.0,0.0,0.0,0.0,cuda,0.6174452800146717,1.6140051285691934,,,,,,,,,,,,,,,,
PTO,0.1,medical_resource_allocation,fpto,33.0,0.0,0.0,10.0,1.0,0.0,0.0004975124378109454,102051.50674269872,394.36799733622564,119.29447207324203,1e-06,25.06861562708948,10.242908505472787,25.06861562708948,0.012471948073178836,,,,,,0.0,0.0,0.8677319026707677,2.0,9.575545000188868,0.0,0.0,0.0,0.0,0.0,cuda,0.5466820806824585,1.2059573588122752,,,,,,,,,,,,,,,,
PTO,0.1,medical_resource_allocation,fpto,33.0,0.0,0.0,15.0,1.0,0.0,0.0004962779156327543,90486.49143856714,392.6926089001517,118.68817206055772,1e-06,27.151577883810905,11.52821513196691,27.151577883810905,0.013474728478318052,,,,,,0.0,0.0,0.8712351166789246,2.0,9.218436000082875,0.0,0.0,0.0,0.0,0.0,cuda,0.4847291822747193,0.9407270227617569,,,,,,,,,,,,,,,,
PTO,0.1,medical_resource_allocation,fpto,33.0,0.0,0.0,20.0,1.0,0.0,0.0004950495049504951,93064.32159068588,390.7040505793327,117.93487372400075,1e-06,29.86358594138399,13.276818596442778,29.86358594138399,0.014783953436328701,,,,,,0.0,0.0,0.8737972539691977,2.0,5.6999919997906545,0.0,0.0,0.0,0.0,0.0,cuda,0.4985384203368224,0.9941707212578108,,,,,,,,,,,,,,,,
PTO,0.1,medical_resource_allocation,fpto,33.0,0.0,0.0,25.0,1.0,0.0,0.0004938271604938272,96641.10751332488,388.26642029485276,116.96546984496467,1e-06,33.416704845698376,15.561163992625803,33.416704845698376,0.01650207646701154,,,,,,0.0,0.0,0.8769887668871629,2.0,10.973757000101614,0.0,0.0,0.0,0.0,0.0,cuda,0.5176989877086894,1.0733939480019137,,,,,,,,,,,,,,,,
PTO,0.1,medical_resource_allocation,fpto,33.0,0.0,0.0,30.0,1.0,0.0,0.0004926108374384237,95130.60490041577,385.1663019796251,115.66695641368655,1e-06,38.1270457216856,18.62726212850345,38.1270457216856,0.018781795922012606,,,,,,0.0,0.0,0.8803277729787604,2.0,9.833548999267805,0.0,0.0,0.0,0.0,0.0,cuda,0.509607341268001,1.0391822393624022,,,,,,,,,,,,,,,,
PTO,0.1,medical_resource_allocation,fpto,33.0,0.0,0.0,35.0,1.0,0.0,0.0004914004914004914,90163.49059645877,381.0610284619077,113.85916037980847,1e-06,44.41649434396228,22.721095261849893,44.41649434396228,0.021826287146910196,,,,,,0.0,0.0,0.8834775475081345,2.0,9.707461000289186,0.0,0.0,0.0,0.0,0.0,cuda,0.48299889158071513,0.9342318299035557,,,,,,,,,,,,,,,,
PTO,0.1,medical_resource_allocation,fpto,33.0,0.0,0.0,40.0,1.0,0.0,0.0004901960784313725,82906.68406674368,375.40299362087626,111.24893145663789,1e-06,52.71505350483201,28.00608497928073,52.71505350483201,0.02584071250236861,,,,,,0.0,0.0,0.8866680903645384,2.0,9.215893000146025,0.0,0.0,0.0,0.0,0.0,cuda,0.44412473656429713,0.798964742232442,,,,,,,,,,,,,,,,
PTO,0.1,medical_resource_allocation,fpto,33.0,0.0,0.0,45.0,1.0,0.0,0.000488997555012225,73850.15118911266,367.32070180429895,107.38310206653752,1e-06,63.544878117472074,34.694398000624545,63.544878117472074,0.031073290032993688,,,,,,0.0,0.0,0.8905329580438451,2.0,9.575834000315808,0.0,0.0,0.0,0.0,0.0,cuda,0.3956095857807283,0.6545596628824127,,,,,,,,,,,,,,,,
PTO,0.1,medical_resource_allocation,fpto,33.0,0.0,0.0,50.0,1.0,0.0,0.00048780487804878054,63078.40268277371,355.50266312770407,101.55419559423753,1e-06,77.21592496954351,43.31136146910509,77.21592496954351,0.03766630486319197,,,,,,0.0,0.0,0.8930429193293001,2.0,9.432028000446735,0.0,0.0,0.0,0.0,0.0,cuda,0.3379061566595816,0.5103599135656752,,,,,,,,,,,,,,,,
PTO,0.1,medical_resource_allocation,fpto,33.0,0.0,0.0,55.0,1.0,0.0,0.00048661800486618,53160.03740010873,338.10276078597445,92.74340570984567,1e-06,93.5206175788047,53.539329579980006,93.5206175788047,0.04550881634005093,,,,,,0.0,0.0,0.8947095157436127,2.0,9.350403000098595,0.0,0.0,0.0,0.0,0.0,cuda,0.28477423589953976,0.39815992403140066,,,,,,,,,,,,,,,,
PTO,0.1,medical_resource_allocation,fpto,33.0,0.0,0.0,60.0,1.0,0.0,0.0004854368932038835,45325.313000188995,313.17090195028993,79.9109563583644,1e-06,110.224730364416,63.42990930982081,110.224730364416,0.053507150662337875,,,,,,0.0,0.0,0.8956674307368307,2.0,9.480172000621678,0.0,0.0,0.0,0.0,0.0,cuda,0.2428042192556827,0.3206624038726261,,,,,,,,,,,,,,,,
PTO,0.1,medical_resource_allocation,fpto,33.0,0.0,0.0,65.0,1.0,0.0,0.00048426150121065375,41946.710686944454,280.45201027147584,63.241081410791494,1e-06,121.48242937292319,68.05020027599355,121.48242937292319,0.058829263618849,,,,,,0.0,0.0,0.8916114428371262,2.0,9.666861999903631,0.0,0.0,0.0,0.0,0.0,cuda,0.22470530625227195,0.2898321219845578,,,,,,,,,,,,,,,,
DFL,0.1,medical_resource_allocation,dfl,11.0,0.0,0.0,0.0,0.0,0.0,0.0005,124520.38667261759,398.71754303455754,120.5593327340108,20.974545942843726,1e-06,1e-06,20.974545942843726,0.010487272971421845,,,,,,0.0,0.0,0.0,2.0,15.883463999671221,0.0,0.0,0.0,0.0,0.0,cuda,0.6670461441123322,2.003419189526914,,,,,,,,,,,,,,,,
DFL,0.1,medical_resource_allocation,dfl,11.0,0.0,0.0,5.0,0.0,0.0,0.0004987531172069826,117813.74583691235,397.89819183441125,120.17865790769228,53.94975528361886,1e-06,1e-06,53.94975528361886,0.02690760862025879,,,,,,0.0,0.0,0.0,2.0,24.410046999946644,0.0,0.0,0.0,0.0,0.0,cuda,0.6311191844477646,1.710902703093799,,,,,,,,,,,,,,,,
DFL,0.1,medical_resource_allocation,dfl,11.0,0.0,0.0,10.0,0.0,0.0,0.0004975124378109454,45736.189103771874,395.0911452059963,118.55335169664447,15.46076927219363,1e-06,1e-06,15.46076927219363,0.007691925011041597,,,,,,0.0,0.0,0.0,2.0,23.34648499981995,0.0,0.0,0.0,0.0,0.0,cuda,0.2450052509736731,0.3245125231528328,,,,,,,,,,,,,,,,
DFL,0.1,medical_resource_allocation,dfl,11.0,0.0,0.0,15.0,0.0,0.0,0.0004962779156327543,46131.64025576846,395.1552026937444,118.56971089996009,8.448123780232763,1e-06,1e-06,8.448123780232763,0.00419261726066139,,,,,,0.0,0.0,0.0,2.0,21.06261000062659,0.0,0.0,0.0,0.0,0.0,cuda,0.24712365241116324,0.3282393625495102,,,,,,,,,,,,,,,,
DFL,0.1,medical_resource_allocation,dfl,11.0,0.0,0.0,20.0,0.0,0.0,0.0004950495049504951,46330.29339232168,395.1950504532339,118.57127139767161,6.157871608348068,1e-06,1e-06,6.157871608348068,0.0030484512912613833,,,,,,0.0,0.0,0.0,2.0,20.7872219998535,0.0,0.0,0.0,0.0,0.0,cuda,0.24818782200053366,0.3301194490636594,,,,,,,,,,,,,,,,
DFL,0.1,medical_resource_allocation,dfl,11.0,0.0,0.0,25.0,0.0,0.0,0.0004938271604938272,46450.4551535926,395.22544532126085,118.56859693139238,5.154586331851961,1e-06,1e-06,5.154586331851961,0.002545474731778701,,,,,,0.0,0.0,0.0,2.0,20.777312999598507,0.0,0.0,0.0,0.0,0.0,cuda,0.24883151932325595,0.33125926569639635,,,,,,,,,,,,,,,,
DFL,0.1,medical_resource_allocation,dfl,11.0,0.0,0.0,30.0,0.0,0.0,0.0004926108374384237,46535.418422812916,395.25188490898466,118.5652860562965,4.27117527966734,1e-06,1e-06,4.27117527966734,0.00210402723136317,,,,,,0.0,0.0,0.0,2.0,21.661609999682696,0.0,0.0,0.0,0.0,0.0,cuda,0.2492866610284741,0.3320663801844733,,,,,,,,,,,,,,,,
DFL,0.1,medical_resource_allocation,dfl,11.0,0.0,0.0,35.0,0.0,0.0,0.0004914004914004914,46599.54555133969,395.27640632279383,118.56240289983629,3.7899676794467863,1e-06,1e-06,3.7899676794467863,0.0018623919800720668,,,,,,0.0,0.0,0.0,2.0,21.569970000200556,0.0,0.0,0.0,0.0,0.0,cuda,0.24963018512890306,0.33267620869289105,,,,,,,,,,,,,,,,
DFL,0.1,medical_resource_allocation,dfl,11.0,0.0,0.0,40.0,0.0,0.0,0.0004901960784313725,46650.10169803427,395.2989952475762,118.55974963116417,3.326161718451075,1e-06,1e-06,3.326161718451075,0.0016304714306131967,,,,,,0.0,0.0,0.0,2.0,22.01904100002139,0.0,0.0,0.0,0.0,0.0,cuda,0.24990101052235825,0.3331573752637445,,,,,,,,,,,,,,,,
DFL,0.1,medical_resource_allocation,dfl,11.0,0.0,0.0,45.0,0.0,0.0,0.000488997555012225,46692.45158137902,395.3217341313892,118.55827765932365,3.0462927561388233,1e-06,1e-06,3.0462927561388233,0.0014896297096032654,,,,,,0.0,0.0,0.0,2.0,21.601784999802476,0.0,0.0,0.0,0.0,0.0,cuda,0.2501278755935613,0.33356070648918984,,,,,,,,,,,,,,,,
DFL,0.1,medical_resource_allocation,dfl,11.0,0.0,0.0,50.0,0.0,0.0,0.00048780487804878054,46728.231397722935,395.3424498825239,118.55671614989355,2.7681516946635774,1e-06,1e-06,2.7681516946635774,0.0013503178998357994,,,,,,0.0,0.0,0.0,2.0,22.466228000666888,0.0,0.0,0.0,0.0,0.0,cuda,0.2503195453206399,0.3339016560431765,,,,,,,,,,,,,,,,
DFL,0.1,medical_resource_allocation,dfl,11.0,0.0,0.0,55.0,0.0,0.0,0.00048661800486618,46758.96220869143,395.36112873790046,118.55479665905342,2.545098379558273,1e-06,1e-06,2.545098379558273,0.0012384906956486987,,,,,,0.0,0.0,0.0,2.0,20.77504599947133,0.0,0.0,0.0,0.0,0.0,cuda,0.25048416791385325,0.33419463230906576,,,,,,,,,,,,,,,,
DFL,0.1,medical_resource_allocation,dfl,11.0,0.0,0.0,60.0,0.0,0.0,0.0004854368932038835,46785.91489504601,395.3800679983632,118.55381897579721,2.364433252379761,1e-06,1e-06,2.364433252379761,0.001147783132223081,,,,,,0.0,0.0,0.0,2.0,23.273260999303602,0.0,0.0,0.0,0.0,0.0,cuda,0.25062855138379503,0.3344516952795675,,,,,,,,,,,,,,,,
DFL,0.1,medical_resource_allocation,dfl,11.0,0.0,0.0,65.0,0.0,0.0,0.00048426150121065375,46809.655352420144,395.39887279981,118.55339104123307,2.2188846156306457,1e-06,1e-06,2.2188846156306457,0.0010745203949784022,,,,,,0.0,0.0,0.0,2.0,19.51061099953222,0.0,0.0,0.0,0.0,0.0,cuda,0.25075572718989436,0.33467820347750304,,,,,,,,,,,,,,,,
DFL,0.1,medical_resource_allocation,dfl,22.0,0.0,0.0,0.0,0.0,0.0,0.0005,123454.28186467003,399.09143602082656,120.72162861209776,52.79681745405892,1e-06,1e-06,52.79681745405892,0.026398408727029456,,,,,,0.0,0.0,0.0,2.0,23.304982000809105,0.0,0.0,0.0,0.0,0.0,cuda,0.661335102568342,1.9527713311409798,,,,,,,,,,,,,,,,
DFL,0.1,medical_resource_allocation,dfl,22.0,0.0,0.0,5.0,0.0,0.0,0.0004987531172069826,73955.47320654267,397.34423591720065,119.82697793178792,20.569750091817152,1e-06,1e-06,20.569750091817152,0.01025922697846241,,,,,,0.0,0.0,0.0,2.0,27.68389599987131,0.0,0.0,0.0,0.0,0.0,cuda,0.396173787735879,0.6561056471039515,,,,,,,,,,,,,,,,
DFL,0.1,medical_resource_allocation,dfl,22.0,0.0,0.0,10.0,0.0,0.0,0.0004975124378109454,73624.67734019831,397.34944457641404,119.79617578192813,14.50369266256647,1e-06,1e-06,14.50369266256647,0.007215767493814153,,,,,,0.0,0.0,0.0,2.0,21.269687000312842,0.0,0.0,0.0,0.0,0.0,cuda,0.394401739695959,0.6512596973081615,,,,,,,,,,,,,,,,
DFL,0.1,medical_resource_allocation,dfl,22.0,0.0,0.0,15.0,0.0,0.0,0.0004962779156327543,73499.96673739098,397.3593673296265,119.77588893942263,12.566667328297111,1e-06,1e-06,12.566667328297111,0.006236559468137502,,,,,,0.0,0.0,0.0,2.0,22.028882000086014,0.0,0.0,0.0,0.0,0.0,cuda,0.3937336745786278,0.6494401190845819,,,,,,,,,,,,,,,,
DFL,0.1,medical_resource_allocation,dfl,22.0,0.0,0.0,20.0,0.0,0.0,0.0004950495049504951,73442.50237786229,397.3819108993156,119.76498512133894,11.635610472421625,1e-06,1e-06,11.635610472421625,0.005760203204169098,,,,,,0.0,0.0,0.0,2.0,46.820214000035776,0.0,0.0,0.0,0.0,0.0,cuda,0.39342584241980005,0.648603039716182,,,,,,,,,,,,,,,,
DFL,0.1,medical_resource_allocation,dfl,22.0,0.0,0.0,25.0,0.0,0.0,0.0004938271604938272,73423.3770948449,397.4141034425658,119.76109369581116,10.11877889241678,1e-06,1e-06,10.11877889241678,0.004996927848107028,,,,,,0.0,0.0,0.0,2.0,22.491073999844957,0.0,0.0,0.0,0.0,0.0,cuda,0.3933233897481315,0.6483246314454731,,,,,,,,,,,,,,,,
DFL,0.1,medical_resource_allocation,dfl,22.0,0.0,0.0,30.0,0.0,0.0,0.0004926108374384237,73428.25999716343,397.4536346323039,119.76295479213097,9.570253743724383,1e-06,1e-06,9.570253743724383,0.004714410711194255,,,,,,0.0,0.0,0.0,2.0,23.57724200010125,0.0,0.0,0.0,0.0,0.0,cuda,0.3933495470806832,0.6483957033046143,,,,,,,,,,,,,,,,
DFL,0.1,medical_resource_allocation,dfl,22.0,0.0,0.0,35.0,0.0,0.0,0.0004914004914004914,73449.61466930721,397.4978946999586,119.76947966928643,8.962900534052602,1e-06,1e-06,8.962900534052602,0.004404373726807148,,,,,,0.0,0.0,0.0,2.0,21.303356000316853,0.0,0.0,0.0,0.0,0.0,cuda,0.3934639424186109,0.6487065979021588,,,,,,,,,,,,,,,,
DFL,0.1,medical_resource_allocation,dfl,22.0,0.0,0.0,40.0,0.0,0.0,0.0004901960784313725,73479.49157677696,397.5451173690998,119.77926450433998,7.917561185158133,1e-06,1e-06,7.917561185158133,0.0038811574437049375,,,,,,0.0,0.0,0.0,2.0,21.057758000097238,0.0,0.0,0.0,0.0,0.0,cuda,0.39362399071638954,0.6491417613659022,,,,,,,,,,,,,,,,
DFL,0.1,medical_resource_allocation,dfl,22.0,0.0,0.0,45.0,0.0,0.0,0.000488997555012225,73509.13691323363,397.59144980897815,119.7899658234517,6.499240430540966,1e-06,1e-06,6.499240430540966,0.0031781126799710936,,,,,,0.0,0.0,0.0,2.0,19.779833000029612,0.0,0.0,0.0,0.0,0.0,cuda,0.3937827985060434,0.6495737790607202,,,,,,,,,,,,,,,,
DFL,0.1,medical_resource_allocation,dfl,22.0,0.0,0.0,50.0,0.0,0.0,0.00048780487804878054,73531.39415559784,397.6340120757513,119.80022507306825,6.1377238327209716,1e-06,1e-06,6.1377238327209716,0.0029940116257175086,,,,,,0.0,0.0,0.0,2.0,19.99516400064749,0.0,0.0,0.0,0.0,0.0,cuda,0.39390202884329467,0.6498982797971652,,,,,,,,,,,,,,,,
DFL,0.1,medical_resource_allocation,dfl,22.0,0.0,0.0,55.0,0.0,0.0,0.00048661800486618,73542.28007964378,397.6744983855742,119.81089416426755,4.89553250864221,1e-06,1e-06,4.89553250864221,0.0023822542621129462,,,,,,0.0,0.0,0.0,2.0,21.255949000078544,0.0,0.0,0.0,0.0,0.0,cuda,0.393960343902009,0.6500570382448855,,,,,,,,,,,,,,,,
DFL,0.1,medical_resource_allocation,dfl,22.0,0.0,0.0,60.0,0.0,0.0,0.0004854368932038835,73541.86112163193,397.71010646902437,119.82007279850716,4.104866067558515,1e-06,1e-06,4.104866067558515,0.0019926534308535955,,,,,,0.0,0.0,0.0,2.0,20.71653100028925,0.0,0.0,0.0,0.0,0.0,cuda,0.3939580995761294,0.650050927667859,,,,,,,,,,,,,,,,
DFL,0.1,medical_resource_allocation,dfl,22.0,0.0,0.0,65.0,0.0,0.0,0.00048426150121065375,73533.49421736528,397.74139676216714,119.82785429554743,3.4808741546372874,1e-06,1e-06,3.4808741546372874,0.001685653343649949,,,,,,0.0,0.0,0.0,2.0,21.12821199989412,0.0,0.0,0.0,0.0,0.0,cuda,0.3939132787128285,0.6499289043591956,,,,,,,,,,,,,,,,
DFL,0.1,medical_resource_allocation,dfl,33.0,0.0,0.0,0.0,0.0,0.0,0.0005,121979.91913262244,397.10809412711205,120.23053286635995,49.39398000621275,1e-06,1e-06,49.39398000621275,0.024696990003106368,,,,,,0.0,0.0,0.0,2.0,21.571340000264172,0.0,0.0,0.0,0.0,0.0,cuda,0.6534370546926882,1.8854787089637013,,,,,,,,,,,,,,,,
DFL,0.1,medical_resource_allocation,dfl,33.0,0.0,0.0,5.0,0.0,0.0,0.0004987531172069826,45656.04650298349,394.574350842584,118.65167929164518,12.910998280653569,1e-06,1e-06,12.910998280653569,0.006439400638729941,,,,,,0.0,0.0,0.0,2.0,20.71455299937952,0.0,0.0,0.0,0.0,0.0,cuda,0.24457593321885776,0.3237597847007899,,,,,,,,,,,,,,,,
DFL,0.1,medical_resource_allocation,dfl,33.0,0.0,0.0,10.0,0.0,0.0,0.0004975124378109454,46021.114930098614,394.60566009943454,118.64028491906569,8.018332742463603,1e-06,1e-06,8.018332742463603,0.003989220269882359,,,,,,0.0,0.0,0.0,2.0,20.860448000348697,0.0,0.0,0.0,0.0,0.0,cuda,0.24653157673355822,0.3271956317224188,,,,,,,,,,,,,,,,
DFL,0.1,medical_resource_allocation,dfl,33.0,0.0,0.0,15.0,0.0,0.0,0.0004962779156327543,46172.82693585669,394.6189380828568,118.62282005796276,6.2858057800920175,1e-06,1e-06,6.2858057800920175,0.0031195065906163464,,,,,,0.0,0.0,0.0,2.0,21.708033999857435,0.0,0.0,0.0,0.0,0.0,cuda,0.24734428629189376,0.32862872331534365,,,,,,,,,,,,,,,,
DFL,0.1,medical_resource_allocation,dfl,33.0,0.0,0.0,20.0,0.0,0.0,0.0004950495049504951,46209.58689055519,394.62003370436406,118.6013895104041,6.293797161163218,1e-06,1e-06,6.293797161163218,0.00311574116889265,,,,,,0.0,0.0,0.0,2.0,13.004726999497507,0.0,0.0,0.0,0.0,0.0,cuda,0.2475412065448307,0.32897642860702236,,,,,,,,,,,,,,,,
DFL,0.1,medical_resource_allocation,dfl,33.0,0.0,0.0,25.0,0.0,0.0,0.0004938271604938272,46088.17852089059,394.61212324703024,118.578092447038,8.208516396026475,1e-06,1e-06,8.208516396026475,0.004053588343716746,,,,,,0.0,0.0,0.0,2.0,21.280893000039214,0.0,0.0,0.0,0.0,0.0,cuda,0.24689083123672428,0.3278287418040044,,,,,,,,,,,,,,,,
DFL,0.1,medical_resource_allocation,dfl,33.0,0.0,0.0,30.0,0.0,0.0,0.0004926108374384237,45638.27307762156,394.60437190003745,118.55919476605112,10.125689263551733,1e-06,1e-06,10.125689263551733,0.00498802426775945,,,,,,0.0,0.0,0.0,2.0,21.85506399928272,0.0,0.0,0.0,0.0,0.0,cuda,0.24448072234478208,0.3235929639062779,,,,,,,,,,,,,,,,
DFL,0.1,medical_resource_allocation,dfl,33.0,0.0,0.0,35.0,0.0,0.0,0.0004914004914004914,45447.200120371475,394.6247900224989,118.55093897490924,4.23207715796234,1e-06,1e-06,4.23207715796234,0.002079644795067434,,,,,,0.0,0.0,0.0,2.0,21.197953000410052,0.0,0.0,0.0,0.0,0.0,cuda,0.24345715919352953,0.321802211404189,,,,,,,,,,,,,,,,
DFL,0.1,medical_resource_allocation,dfl,33.0,0.0,0.0,40.0,0.0,0.0,0.0004901960784313725,45470.19880653272,394.6523670196457,118.54384090871544,3.45410001939451,1e-06,1e-06,3.45410001939451,0.0016931862840168456,,,,,,0.0,0.0,0.0,2.0,21.30795799985208,0.0,0.0,0.0,0.0,0.0,cuda,0.2435803613882339,0.3220175005441021,,,,,,,,,,,,,,,,
DFL,0.1,medical_resource_allocation,dfl,33.0,0.0,0.0,45.0,0.0,0.0,0.000488997555012225,45496.019460669195,394.67583184347995,118.5365258097198,3.1956600316379116,1e-06,1e-06,3.1956600316379116,0.001562669942121158,,,,,,0.0,0.0,0.0,2.0,21.558340999945358,0.0,0.0,0.0,0.0,0.0,cuda,0.24371868064856098,0.32225928951618926,,,,,,,,,,,,,,,,
DFL,0.1,medical_resource_allocation,dfl,33.0,0.0,0.0,50.0,0.0,0.0,0.00048780487804878054,45521.15111796191,394.6999756381147,118.5313601724487,2.864312311710765,1e-06,1e-06,2.864312311710765,0.0013972255179076026,,,,,,0.0,0.0,0.0,2.0,22.138136000648956,0.0,0.0,0.0,0.0,0.0,cuda,0.24385330900573385,0.3224947115553574,,,,,,,,,,,,,,,,
DFL,0.1,medical_resource_allocation,dfl,33.0,0.0,0.0,55.0,0.0,0.0,0.00048661800486618,45544.71037044743,394.7234894310081,118.52738561562043,2.671025052284797,1e-06,1e-06,2.671025052284797,0.0012997688818903203,,,,,,0.0,0.0,0.0,2.0,20.817704000364756,0.0,0.0,0.0,0.0,0.0,cuda,0.2439795141111673,0.32271548015570933,,,,,,,,,,,,,,,,
DFL,0.1,medical_resource_allocation,dfl,33.0,0.0,0.0,60.0,0.0,0.0,0.0004854368932038835,45566.48724346669,394.74680621369265,118.52451059775414,2.53674551784916,1e-06,1e-06,2.53674551784916,0.0012314298630334737,,,,,,0.0,0.0,0.0,2.0,20.8785570002874,0.0,0.0,0.0,0.0,0.0,cuda,0.2440961711467458,0.32291961203193337,,,,,,,,,,,,,,,,
DFL,0.1,medical_resource_allocation,dfl,33.0,0.0,0.0,65.0,0.0,0.0,0.00048426150121065375,45586.94035405424,394.7701573433763,118.52255756112277,2.4064836806010277,1e-06,1e-06,2.4064836806010277,0.0011653673998066908,,,,,,0.0,0.0,0.0,2.0,20.701202000054764,0.0,0.0,0.0,0.0,0.0,cuda,0.24420573688868652,0.3231113926207718,,,,,,,,,,,,,,,,
PCGrad-nf,0.1,medical_resource_allocation,plg,11.0,0.0,0.0,0.0,1.0,0.0,0.0005,124520.38667261759,398.71754303455754,120.5593327340108,20.974545942843726,20.074414216546376,1e-06,36.476530024262736,0.018238265012131362,,,,,,0.579054225439145,0.0,0.0,2.0,15.544052999757696,0.0,0.0,0.0,0.0,0.0,cuda,0.6670461441123322,2.003419189526914,20.974545942843726,1e-06,20.074414216546376,0.0,0.579054225439145,0.0,0.893690279652892,1e-06,0.0,0.0,pcgrad,closed_form,,,,
PCGrad-nf,0.1,medical_resource_allocation,plg,11.0,0.0,0.0,5.0,0.4082482904638631,0.0,0.0004987531172069826,99317.43817769708,396.4564351239691,119.67146976307413,346.9274837717235,23.27615104010345,1e-06,355.9619295063401,0.17753712194829932,,,,,,0.3596494650991852,0.0,0.0,2.0,25.73704299993551,0.0,0.0,0.0,0.0,0.0,cuda,0.5320358854468302,1.136915991848731,346.9274837717235,1e-06,23.27615104010345,0.0,0.3596494650991852,0.0,0.9981369062011906,1e-06,0.0,0.0,pcgrad,closed_form,,,,
PCGrad-nf,0.1,medical_resource_allocation,plg,11.0,0.0,0.0,10.0,0.30151134457776363,0.0,0.0004975124378109454,45664.94158390834,392.8505745760627,117.90493267377654,16.145408607077577,30.304817658206286,1e-06,35.21697425849415,0.017520882715668717,,,,,,-0.06849275246573656,0.0,0.0,2.0,21.617286000036984,0.0,0.0,0.0,0.0,0.0,cuda,0.24462358348393515,0.3238432894320214,16.145408607077577,1e-06,30.304817658206286,0.0,-0.06849275246573656,0.0,0.45630457136135205,1e-06,2.0,0.3333333333333333,pcgrad,closed_form,,,,
PCGrad-nf,0.1,medical_resource_allocation,plg,11.0,0.0,0.0,15.0,0.25,0.0,0.0004962779156327543,45906.792571764294,390.3057243375506,116.79156425072554,9.630085498564382,34.81743329912286,1e-06,37.15691695323204,0.018440157296889345,,,,,,-0.18943714490679384,0.0,0.0,2.0,21.797655000227678,0.0,0.0,0.0,0.0,0.0,cuda,0.24591916064370753,0.3261177685586495,9.630085498564382,1e-06,34.81743329912286,0.0,-0.18943714490679384,0.0,0.2498726173406553,1e-06,2.0,0.3333333333333333,pcgrad,closed_form,,,,
PCGrad-nf,0.1,medical_resource_allocation,plg,11.0,0.0,0.0,20.0,0.2182178902359924,0.0,0.0004950495049504951,45999.734830810106,387.0133686458603,115.30092460346198,7.097351774770327,40.544949646005456,1e-06,41.62211494593168,0.02060500739897607,,,,,,-0.22136319943053137,0.0,0.0,2.0,20.888511000521248,0.0,0.0,0.0,0.0,0.0,cuda,0.24641704518436994,0.3269939209873156,7.097351774770327,1e-06,40.544949646005456,0.0,-0.22136319943053137,0.0,0.16216306456183618,1e-06,2.0,0.3333333333333333,pcgrad,closed_form,,,,
PCGrad-nf,0.1,medical_resource_allocation,plg,11.0,0.0,0.0,25.0,0.19611613513818404,0.0,0.0004938271604938272,45999.82905247441,382.54147617332166,113.21320353845826,5.508905401218985,47.96364279342881,1e-06,47.99035976674033,0.023698943094686585,,,,,,-0.2578703409558692,0.0,0.0,2.0,21.755519000180357,0.0,0.0,0.0,0.0,0.0,cuda,0.2464175499225862,0.32699480978793,5.508905401218985,1e-06,47.96364279342881,0.0,-0.2578703409558692,0.0,0.1071585860712324,1e-06,2.0,0.3333333333333333,pcgrad,closed_form,,,,
PCGrad-nf,0.1,medical_resource_allocation,plg,11.0,0.0,0.0,30.0,0.1796053020267749,0.0,0.0004926108374384237,45960.58967489854,376.3200971070475,110.2597295211171,4.428221658860285,57.47793066428734,1e-06,56.69990744932286,0.027930988891292047,,,,,,-0.26535779650065733,0.0,0.0,2.0,22.583971000130987,0.0,0.0,0.0,0.0,0.0,cuda,0.2462073475917971,0.32662476452273503,4.428221658860285,1e-06,57.47793066428734,0.0,-0.26535779650065733,0.0,0.07259993319174539,1e-06,2.0,0.3333333333333333,pcgrad,closed_form,,,,
PCGrad-nf,0.1,medical_resource_allocation,plg,11.0,0.0,0.0,35.0,0.16666666666666666,0.0,0.0004914004914004914,45867.769312533026,367.31445636040485,105.91840302207851,3.756746872615715,69.57877091747858,1e-06,68.04087569635968,0.033435319752510885,,,,,,-0.27120087567114326,0.0,0.0,2.0,21.7386139993323,0.0,0.0,0.0,0.0,0.0,cuda,0.24571011604228538,0.3257502470443576,3.756746872615715,1e-06,69.57877091747858,0.0,-0.27120087567114326,0.0,0.051152170279536224,1e-06,2.0,0.3333333333333333,pcgrad,closed_form,,,,
PCGrad-nf,0.1,medical_resource_allocation,plg,11.0,0.0,0.0,40.0,0.15617376188860607,0.0,0.0004901960784313725,45664.48841070052,354.0817165108482,99.4870761066193,3.720617241666168,84.35619979893313,1e-06,82.48136207195624,0.040432040231351093,,,,,,-0.25901051606786146,0.0,0.0,2.0,20.795538000129454,0.0,0.0,0.0,0.0,0.0,cuda,0.24462115586987962,0.3238390349038443,3.720617241666168,1e-06,84.35619979893313,0.0,-0.25901051606786146,0.0,0.04208240700040947,1e-06,2.0,0.3333333333333333,pcgrad,closed_form,,,,
PCGrad-nf,0.1,medical_resource_allocation,plg,11.0,0.0,0.0,45.0,0.14744195615489714,0.0,0.000488997555012225,45252.68059047713,334.73002224825973,90.05647374651605,4.380846776014271,100.95056126811157,1e-06,99.08919787139476,0.04845437548723461,,,,,,-0.2408335326403978,0.0,0.0,2.0,22.895326999787358,0.0,0.0,0.0,0.0,0.0,cuda,0.2424151330174327,0.31998412796042675,4.380846776014271,1e-06,100.95056126811157,0.0,-0.2408335326403978,0.0,0.04164686251215456,1e-06,2.0,0.3333333333333333,pcgrad,closed_form,,,,
PCGrad-nf,0.1,medical_resource_allocation,plg,11.0,0.0,0.0,50.0,0.14002800840280097,0.0,0.00048780487804878054,44515.78426197119,307.6093452987908,76.91111098196782,5.26284352801948,116.31851470511887,1e-06,114.83007754289193,0.05601467197214241,,,,,,-0.2141827124051672,0.0,0.0,2.0,21.75909600009618,0.0,0.0,0.0,0.0,0.0,cuda,0.23846763600368856,0.3131418272918518,5.26284352801948,1e-06,116.31851470511887,0.0,-0.2141827124051672,0.0,0.043729088392279084,1e-06,2.0,0.3333333333333333,pcgrad,closed_form,,,,
PCGrad-nf,0.1,medical_resource_allocation,plg,11.0,0.0,0.0,55.0,0.1336306209562122,0.0,0.00048661800486618,44005.755703975155,274.19492323010144,61.28367040360537,4.0000858160191095,123.71100363399366,1e-06,120.20032330188432,0.05849164150943275,,,,,,-0.2704234043410515,0.0,0.0,2.0,23.367302999758977,0.0,0.0,0.0,0.0,0.0,cuda,0.2357354522056018,0.30844745171801313,4.0000858160191095,1e-06,123.71100363399366,0.0,-0.2704234043410515,0.0,0.030844877684892285,1e-06,2.0,0.3333333333333333,pcgrad,closed_form,,,,
PCGrad-nf,0.1,medical_resource_allocation,plg,11.0,0.0,0.0,60.0,0.12803687993289598,0.0,0.0004854368932038835,43946.52147920226,241.05001658078137,47.40655277983391,3.4001891494596963,115.57752569589161,1e-06,111.81882027721447,0.054280980717094404,,,,,,-0.28301790237861507,0.0,0.0,2.0,20.8756390002236,0.0,0.0,0.0,0.0,0.0,cuda,0.23541813901464512,0.3079044259711445,3.4001891494596963,1e-06,115.57752569589161,0.0,-0.28301790237861507,0.0,0.02797236581970175,1e-06,2.0,0.3333333333333333,pcgrad,closed_form,,,,
PCGrad-nf,0.1,medical_resource_allocation,plg,11.0,0.0,0.0,65.0,0.12309149097933272,0.0,0.00048426150121065375,43925.61709465497,215.69534322947138,39.29490313682449,2.9264133954131935,93.85706327800914,1e-06,90.91777200265946,0.0440279767567358,,,,,,-0.28046783294202066,0.0,0.0,2.0,16.575297000599676,0.0,0.0,0.0,0.0,0.0,cuda,0.2353061558327749,0.30771289402627594,2.9264133954131935,1e-06,93.85706327800914,0.0,-0.28046783294202066,0.0,0.029655536037374242,1e-06,2.0,0.3333333333333333,pcgrad,closed_form,,,,
PCGrad-nf,0.1,medical_resource_allocation,plg,22.0,0.0,0.0,0.0,1.0,0.0,0.0005,123454.28186467003,399.09143602082656,120.72162861209776,52.79681745405892,20.312846362724432,1e-06,62.90274251395431,0.031451371256977154,,,,,,0.3527608681372673,0.0,0.0,2.0,24.600079000265396,0.0,0.0,0.0,0.0,0.0,cuda,0.661335102568342,1.9527713311409798,52.79681745405892,1e-06,20.312846362724432,0.0,0.3527608681372673,0.0,0.9532556511031371,1e-06,0.0,0.0,pcgrad,closed_form,,,,
PCGrad-nf,0.1,medical_resource_allocation,plg,22.0,0.0,0.0,5.0,0.4082482904638631,0.0,0.0004987531172069826,73220.05634811296,397.3382344533953,120.08095693624684,20.92996137813878,22.909194068715077,1e-06,32.14902565403023,0.016034426760114826,,,,,,-0.08076471005589332,0.0,0.0,2.0,24.431545999505033,0.0,0.0,0.0,0.0,0.0,cuda,0.392234216129661,0.6453706782107043,20.92996137813878,1e-06,22.909194068715077,0.0,-0.08076471005589332,0.0,0.6467827906612996,1e-06,2.0,0.3333333333333333,pcgrad,closed_form,,,,
PCGrad-nf,0.1,medical_resource_allocation,plg,22.0,0.0,0.0,10.0,0.30151134457776363,0.0,0.0004975124378109454,73191.44504614502,395.9514308723855,119.63641089452409,12.339858924556692,24.880640475303405,1e-06,29.15932487074659,0.014507126801366456,,,,,,-0.16955769109529226,0.0,0.0,2.0,24.731634999625385,0.0,0.0,0.0,0.0,0.0,cuda,0.392080947583315,0.6449558473692507,12.339858924556692,1e-06,24.880640475303405,0.0,-0.16955769109529226,0.0,0.41102084395481087,1e-06,2.0,0.3333333333333333,pcgrad,closed_form,,,,
PCGrad-nf,0.1,medical_resource_allocation,plg,22.0,0.0,0.0,15.0,0.25,0.0,0.0004962779156327543,73103.45428546444,394.3379848397546,119.09664714204801,8.70363715158978,27.27755689787139,1e-06,29.63984063206903,0.014709598328570227,,,,,,-0.2038220539217359,0.0,0.0,2.0,21.686850999685703,0.0,0.0,0.0,0.0,0.0,cuda,0.39160958783895594,0.6436813927555697,8.70363715158978,1e-06,27.27755689787139,0.0,-0.2038220539217359,0.0,0.28144747191144287,1e-06,2.0,0.3333333333333333,pcgrad,closed_form,,,,
PCGrad-nf,0.1,medical_resource_allocation,plg,22.0,0.0,0.0,20.0,0.2182178902359924,0.0,0.0004950495049504951,72862.87030610387,392.41399270524465,118.41563731796268,6.406646718642279,30.266293778998655,1e-06,31.43193859967105,0.015560365643401504,,,,,,-0.2512227392968174,0.0,0.0,2.0,49.95006999979523,0.0,0.0,0.0,0.0,0.0,cuda,0.39032079794634505,0.6402068442413339,6.406646718642279,1e-06,30.266293778998655,0.0,-0.2512227392968174,0.0,0.19096196920273276,1e-06,2.0,0.3333333333333333,pcgrad,closed_form,,,,
PCGrad-nf,0.1,medical_resource_allocation,plg,22.0,0.0,0.0,25.0,0.19611613513818404,0.0,0.0004938271604938272,72575.39030635533,390.0790541192779,117.53803312033757,5.178335119044825,34.06232836206828,1e-06,34.265031239617464,0.016921003081292563,,,,,,-0.3052668446958289,0.0,0.0,2.0,32.589901000392274,0.0,0.0,0.0,0.0,0.0,cuda,0.3887807896756845,0.63607423181185,5.178335119044825,1e-06,34.06232836206828,0.0,-0.3052668446958289,0.0,0.13704284079473789,1e-06,2.0,0.3333333333333333,pcgrad,closed_form,,,,
PCGrad-nf,0.1,medical_resource_allocation,plg,22.0,0.0,0.0,30.0,0.1796053020267749,0.0,0.0004926108374384237,72430.27222715062,387.1783909339149,116.39234626741502,4.372041944099358,38.7820264446698,1e-06,38.19036909700145,0.01881298970295638,,,,,,-0.32806631001595987,0.0,0.0,2.0,22.594291999666893,0.0,0.0,0.0,0.0,0.0,cuda,0.3880034032752633,0.6339960146049294,4.372041944099358,1e-06,38.7820264446698,0.0,-0.32806631001595987,0.0,0.10215900174671505,1e-06,2.0,0.3333333333333333,pcgrad,closed_form,,,,
PCGrad-nf,0.1,medical_resource_allocation,plg,22.0,0.0,0.0,35.0,0.16666666666666666,0.0,0.0004914004914004914,72396.70397975002,383.4188648491137,114.83749063963876,3.7927622603962847,44.84112056395342,1e-06,43.74140874668004,0.021494549752668308,,,,,,-0.3219988269677362,0.0,0.0,2.0,20.77325799928076,0.0,0.0,0.0,0.0,0.0,cuda,0.3878235807530923,0.6335160397556449,3.7927622603962847,1e-06,44.84112056395342,0.0,-0.3219988269677362,0.0,0.07771849285987611,1e-06,2.0,0.3333333333333333,pcgrad,closed_form,,,,
PCGrad-nf,0.1,medical_resource_allocation,plg,22.0,0.0,0.0,40.0,0.15617376188860607,0.0,0.0004901960784313725,72375.55962379646,378.2974956226451,112.61380560690222,3.144887868138797,52.68971924118848,1e-06,50.67518487136339,0.024840776897727145,,,,,,-0.3374265738786237,0.0,0.0,2.0,21.778405999612005,0.0,0.0,0.0,0.0,0.0,cuda,0.38771031206283646,0.6332138523662764,3.144887868138797,1e-06,52.68971924118848,0.0,-0.3374265738786237,0.0,0.05499380699735428,1e-06,2.0,0.3333333333333333,pcgrad,closed_form,,,,
PCGrad-nf,0.1,medical_resource_allocation,plg,22.0,0.0,0.0,45.0,0.14744195615489714,0.0,0.000488997555012225,72341.10729082084,371.1724010923025,109.40061514525138,2.8177588634730593,62.665281648909094,1e-06,59.96174483837785,0.029321146620233666,,,,,,-0.33620620060644724,0.0,0.0,2.0,21.264981999593147,0.0,0.0,0.0,0.0,0.0,cuda,0.3875257535621671,0.6327217116736378,2.8177588634730593,1e-06,62.665281648909094,0.0,-0.33620620060644724,0.0,0.04168081829337015,1e-06,2.0,0.3333333333333333,pcgrad,closed_form,,,,
PCGrad-nf,0.1,medical_resource_allocation,plg,22.0,0.0,0.0,50.0,0.14002800840280097,0.0,0.00048780487804878054,72291.38829585306,361.07746879858604,104.71056506690444,2.673526906338379,75.00479553729424,1e-06,72.4582698489351,0.03534549748728544,,,,,,-0.2951588757536668,0.0,0.0,2.0,20.563459000186413,0.0,0.0,0.0,0.0,0.0,cuda,0.38725941272619147,0.6320120141692869,2.673526906338379,1e-06,75.00479553729424,0.0,-0.2951588757536668,0.0,0.03368300895591322,1e-06,2.0,0.3333333333333333,pcgrad,closed_form,,,,
PCGrad-nf,0.1,medical_resource_allocation,plg,22.0,0.0,0.0,55.0,0.1336306209562122,0.0,0.00048661800486618,72102.1862038716,346.3505196212009,97.68886080713273,2.414960205492731,89.98840483823177,1e-06,86.90718575253305,0.04229060133943215,,,,,,-0.28650342088917147,0.0,0.0,2.0,21.327711000594718,0.0,0.0,0.0,0.0,0.0,cuda,0.38624587165643853,0.6293169427615312,2.414960205492731,1e-06,89.98840483823177,0.0,-0.28650342088917147,0.0,0.025506867875265193,1e-06,2.0,0.3333333333333333,pcgrad,closed_form,,,,
PCGrad-nf,0.1,medical_resource_allocation,plg,22.0,0.0,0.0,60.0,0.12803687993289598,0.0,0.0004854368932038835,71109.58567448848,324.44962008840577,86.99355194529682,4.38058629943785,107.06305648773481,1e-06,106.81861471128805,0.051853696461790305,,,,,,-0.12870619921773419,0.0,0.0,2.0,20.635762999518192,0.0,0.0,0.0,0.0,0.0,cuda,0.3809285868851532,0.6153225279269765,4.38058629943785,1e-06,107.06305648773481,0.0,-0.12870619921773419,0.0,0.04033024250896933,1e-06,2.0,0.3333333333333333,pcgrad,closed_form,,,,
PCGrad-nf,0.1,medical_resource_allocation,plg,22.0,0.0,0.0,65.0,0.12309149097933272,0.0,0.00048426150121065375,66917.56202951091,292.79196121264386,71.25142042431497,21.171071138220373,122.56392741094541,1e-06,125.07016578984647,0.06056666624205639,,,,,,0.03322321094848635,0.0,0.0,2.0,20.90589999988879,0.0,0.0,0.0,0.0,0.0,cuda,0.3584722383053674,0.5587789955627832,21.171071138220373,1e-06,122.56392741094541,0.0,0.03322321094848635,0.0,0.2018310137661817,1e-06,0.0,0.0,pcgrad,closed_form,,,,
PCGrad-nf,0.1,medical_resource_allocation,plg,33.0,0.0,0.0,0.0,1.0,0.0,0.0005,121979.91913262244,397.10809412711205,120.23053286635995,49.39398000621275,22.13710375791305,1e-06,63.987686301656346,0.03199384315082818,,,,,,0.5325430459307094,0.0,0.0,2.0,19.918318999771145,0.0,0.0,0.0,0.0,0.0,cuda,0.6534370546926882,1.8854787089637013,49.39398000621275,1e-06,22.13710375791305,0.0,0.5325430459307094,0.0,0.9561674160416102,1e-06,0.0,0.0,pcgrad,closed_form,,,,
PCGrad-nf,0.1,medical_resource_allocation,plg,33.0,0.0,0.0,5.0,0.4082482904638631,0.0,0.0004987531172069826,45272.82424328313,393.3533886007667,118.26414792935749,16.448800076010777,28.751193666177635,1e-06,33.51805112246132,0.016717232480030583,,,,,,-0.02875217464989996,0.0,0.0,2.0,20.683359000031487,0.0,0.0,0.0,0.0,0.0,cuda,0.24252304101781427,0.3201721691227282,16.448800076010777,1e-06,28.751193666177635,0.0,-0.02875217464989996,0.0,0.49033883258234773,1e-06,2.0,0.3333333333333333,pcgrad,closed_form,,,,
PCGrad-nf,0.1,medical_resource_allocation,plg,33.0,0.0,0.0,10.0,0.30151134457776363,0.0,0.0004975124378109454,45091.417273023515,391.0727969484439,117.2387247719589,13.107250136178424,32.45733892914282,1e-06,36.289009213132275,0.018054233439369283,,,,,,-0.1374965000530091,0.0,0.0,2.0,21.01509400017676,0.0,0.0,0.0,0.0,0.0,cuda,0.2415512578162015,0.31848066241194345,13.107250136178424,1e-06,32.45733892914282,0.0,-0.1374965000530091,0.0,0.35436221827225356,1e-06,2.0,0.3333333333333333,pcgrad,closed_form,,,,
PCGrad-nf,0.1,medical_resource_allocation,plg,33.0,0.0,0.0,15.0,0.25,0.0,0.0004962779156327543,44694.5403322253,388.21222730738594,115.91370884823922,8.232610159960245,37.15279590066039,1e-06,38.761624907006635,0.0192365384153879,,,,,,-0.24302906934686933,0.0,0.0,2.0,21.12325200050691,0.0,0.0,0.0,0.0,0.0,cuda,0.2394252185376488,0.3147951054560445,8.232610159960245,1e-06,37.15279590066039,0.0,-0.24302906934686933,0.0,0.19984627750730996,1e-06,2.0,0.3333333333333333,pcgrad,closed_form,,,,
PCGrad-nf,0.1,medical_resource_allocation,plg,33.0,0.0,0.0,20.0,0.2182178902359924,0.0,0.0004950495049504951,44759.64579820214,384.5548040132877,114.14283784715504,5.728957827623027,43.17696612034421,1e-06,43.34388760835874,0.02145737010314789,,,,,,-0.27601262282543276,0.0,0.0,2.0,13.453419000143185,0.0,0.0,0.0,0.0,0.0,cuda,0.23977398351662907,0.3153982872432699,5.728957827623027,1e-06,43.17696612034421,0.0,-0.27601262282543276,0.0,0.12210507891732575,1e-06,2.0,0.3333333333333333,pcgrad,closed_form,,,,
PCGrad-nf,0.1,medical_resource_allocation,plg,33.0,0.0,0.0,25.0,0.19611613513818404,0.0,0.0004938271604938272,44788.511825156136,379.6361599698959,111.6924184664122,4.359165312247489,50.952539516613335,1e-06,50.05530726542199,0.024718670254529368,,,,,,-0.2963834344450215,0.0,0.0,2.0,21.656007000274258,0.0,0.0,0.0,0.0,0.0,cuda,0.23992861660515402,0.3156658990811059,4.359165312247489,1e-06,50.952539516613335,0.0,-0.2963834344450215,0.0,0.07943698200522203,1e-06,2.0,0.3333333333333333,pcgrad,closed_form,,,,
PCGrad-nf,0.1,medical_resource_allocation,plg,33.0,0.0,0.0,30.0,0.1796053020267749,0.0,0.0004926108374384237,44787.12220464641,372.78305707594234,108.20803879766781,3.5799104628525766,60.88030667584638,1e-06,59.166237571185846,0.029145929838022597,,,,,,-0.30148579300568745,0.0,0.0,2.0,24.892018999707943,0.0,0.0,0.0,0.0,0.0,cuda,0.23992117251485232,0.3156530136600082,3.5799104628525766,1e-06,60.88030667584638,0.0,-0.30148579300568745,0.0,0.055006357481842925,1e-06,2.0,0.3333333333333333,pcgrad,closed_form,,,,
PCGrad-nf,0.1,medical_resource_allocation,plg,33.0,0.0,0.0,35.0,0.16666666666666666,0.0,0.0004914004914004914,44759.278183042654,362.95763487708876,103.18132030977004,2.994606535837227,73.29200806626075,1e-06,70.55398582901199,0.0346702633066398,,,,,,-0.3128741676029987,0.0,0.0,2.0,21.643624999342137,0.0,0.0,0.0,0.0,0.0,cuda,0.23977201423046474,0.31539487985009823,2.994606535837227,1e-06,73.29200806626075,0.0,-0.3128741676029987,0.0,0.038289314733379994,1e-06,2.0,0.3333333333333333,pcgrad,closed_form,,,,
PCGrad-nf,0.1,medical_resource_allocation,plg,33.0,0.0,0.0,40.0,0.15617376188860607,0.0,0.0004901960784313725,44744.23806955555,348.8165830933852,95.95869312888203,2.9933216422206432,88.10425628916592,1e-06,84.7907554946166,0.0415640958306944,,,,,,-0.306104840002591,0.0,0.0,2.0,22.844993000035174,0.0,0.0,0.0,0.0,0.0,cuda,0.23969144549809354,0.3152554894704825,2.9933216422206432,1e-06,88.10425628916592,0.0,-0.306104840002591,0.0,0.03199460684661858,1e-06,2.0,0.3333333333333333,pcgrad,closed_form,,,,
PCGrad-nf,0.1,medical_resource_allocation,plg,33.0,0.0,0.0,45.0,0.14744195615489714,0.0,0.000488997555012225,44647.94698144955,328.52007270745327,85.71209630293951,2.607553011177326,104.19305413487517,1e-06,100.16687811224202,0.0489813584900939,,,,,,-0.3000426799624998,0.0,0.0,2.0,20.91358800043963,0.0,0.0,0.0,0.0,0.0,cuda,0.23917562153745683,0.3143637721240972,2.607553011177326,1e-06,104.19305413487517,0.0,-0.3000426799624998,0.0,0.023688533634829104,1e-06,2.0,0.3333333333333333,pcgrad,closed_form,,,,
PCGrad-nf,0.1,medical_resource_allocation,plg,33.0,0.0,0.0,50.0,0.14002800840280097,0.0,0.00048780487804878054,44594.26640011836,301.20943662160755,72.3295620825506,2.5757228923338236,118.06967051467036,1e-06,113.27238911833241,0.055254823960162146,,,,,,-0.30341827623868317,0.0,0.0,2.0,22.149462000015774,0.0,0.0,0.0,0.0,0.0,cuda,0.23888805878771352,0.3138671801774869,2.5757228923338236,1e-06,118.06967051467036,0.0,-0.30341827623868317,0.0,0.02064576402493798,1e-06,2.0,0.3333333333333333,pcgrad,closed_form,,,,
PCGrad-nf,0.1,medical_resource_allocation,plg,33.0,0.0,0.0,55.0,0.1336306209562122,0.0,0.00048661800486618,44507.50185591073,268.8055724191448,57.590748352622256,2.1813351278858666,122.74635565006967,1e-06,117.2198887685078,0.05704130840316682,,,,,,-0.31361574774247064,0.0,0.0,2.0,21.11071599938441,0.0,0.0,0.0,0.0,0.0,cuda,0.23842326779078601,0.3130653258000119,2.1813351278858666,1e-06,122.74635565006967,0.0,-0.31361574774247064,0.0,0.016778639589989968,1e-06,2.0,0.3333333333333333,pcgrad,closed_form,,,,
PCGrad-nf,0.1,medical_resource_allocation,plg,33.0,0.0,0.0,60.0,0.12803687993289598,0.0,0.0004854368932038835,44482.205868621415,237.701146586215,45.63833981358319,2.0446674507809406,112.04720898549715,1e-06,106.60392706326151,0.05174947915692305,,,,,,-0.32513080850836545,0.0,0.0,2.0,22.05529899947578,0.0,0.0,0.0,0.0,0.0,cuda,0.2382877591304474,0.31283173138772685,2.0446674507809406,1e-06,112.04720898549715,0.0,-0.32513080850836545,0.0,0.017152516025768002,1e-06,2.0,0.3333333333333333,pcgrad,closed_form,,,,
PCGrad-nf,0.1,medical_resource_allocation,plg,33.0,0.0,0.0,65.0,0.12309149097933272,0.0,0.00048426150121065375,44471.9710252753,214.77383535487917,39.8138519379839,1.773205159844064,90.31253827747706,1e-06,85.98308744189883,0.041638299003340845,,,,,,-0.3245391378487617,0.0,0.0,2.0,21.891983000386972,0.0,0.0,0.0,0.0,0.0,cuda,0.23823293186101743,0.31273724190129,1.773205159844064,1e-06,90.31253827747706,0.0,-0.3245391378487617,0.0,0.018450618807141637,1e-06,2.0,0.3333333333333333,pcgrad,closed_form,,,,
MGDA-nf,0.1,medical_resource_allocation,plg,11.0,0.0,0.0,0.0,1.0,0.0,0.0005,124520.38667261759,398.71754303455754,120.5593327340108,20.974545942843726,20.074414216546376,1e-06,1e-06,0.0,,,,,,0.579054225439145,0.0,0.0,2.0,15.872940000008384,0.0,0.0,0.0,0.0,0.0,cuda,0.6670461441123322,2.003419189526914,20.974545942843726,1e-06,20.074414216546376,0.0,0.579054225439145,0.0,0.0,1e-06,,,mgda,closed_form,0.0,0.9999999999989999,0.0,1e-06
MGDA-nf,0.1,medical_resource_allocation,plg,11.0,0.0,0.0,5.0,0.4082482904638631,0.0,0.0004987531172069826,124520.38667261759,398.7175430345576,120.5593327340108,20.97454594284372,20.074414216546376,1e-06,1e-06,0.0,,,,,,0.5790542254391441,0.0,0.0,2.0,20.939754999744764,0.0,0.0,0.0,0.0,0.0,cuda,0.6670461441123322,2.003419189526914,20.97454594284372,1e-06,20.074414216546376,0.0,0.5790542254391441,0.0,0.0,1e-06,,,mgda,closed_form,0.0,0.9999999999989999,0.0,1e-06
MGDA-nf,0.1,medical_resource_allocation,plg,11.0,0.0,0.0,10.0,0.30151134457776363,0.0,0.0004975124378109454,124520.3866726176,398.7175430345576,120.55933273401082,20.97454594284372,20.074414216546376,1e-06,1e-06,0.0,,,,,,0.5790542254391444,0.0,0.0,2.0,21.050406999165716,0.0,0.0,0.0,0.0,0.0,cuda,0.6670461441123323,2.0034191895269142,20.97454594284372,1e-06,20.074414216546376,0.0,0.5790542254391444,0.0,0.0,1e-06,,,mgda,closed_form,0.0,0.9999999999989999,0.0,1e-06
MGDA-nf,0.1,medical_resource_allocation,plg,11.0,0.0,0.0,15.0,0.25,0.0,0.0004962779156327543,124520.38667261763,398.71754303455754,120.5593327340108,20.974545942843722,20.074414216546376,1e-06,1e-06,0.0,,,,,,0.5790542254391451,0.0,0.0,2.0,21.968125999592303,0.0,0.0,0.0,0.0,0.0,cuda,0.6670461441123323,2.0034191895269147,20.974545942843722,1e-06,20.074414216546376,0.0,0.5790542254391451,0.0,0.0,1e-06,,,mgda,closed_form,0.0,0.9999999999989999,0.0,1e-06
MGDA-nf,0.1,medical_resource_allocation,plg,11.0,0.0,0.0,20.0,0.2182178902359924,0.0,0.0004950495049504951,124520.38667261759,398.71754303455754,120.55933273401082,20.97454594284372,20.074414216546376,1e-06,1e-06,0.0,,,,,,0.5790542254391449,0.0,0.0,2.0,20.648321000408032,0.0,0.0,0.0,0.0,0.0,cuda,0.6670461441123322,2.003419189526914,20.97454594284372,1e-06,20.074414216546376,0.0,0.5790542254391449,0.0,0.0,1e-06,,,mgda,closed_form,0.0,0.9999999999989999,0.0,1e-06
MGDA-nf,0.1,medical_resource_allocation,plg,11.0,0.0,0.0,25.0,0.19611613513818404,0.0,0.0004938271604938272,124520.38667261765,398.71754303455754,120.55933273401082,20.974545942843722,20.074414216546376,1e-06,1e-06,0.0,,,,,,0.5790542254391443,0.0,0.0,2.0,20.77697000004264,0.0,0.0,0.0,0.0,0.0,cuda,0.6670461441123323,2.0034191895269147,20.974545942843722,1e-06,20.074414216546376,0.0,0.5790542254391443,0.0,0.0,1e-06,,,mgda,closed_form,0.0,0.9999999999989999,0.0,1e-06
MGDA-nf,0.1,medical_resource_allocation,plg,11.0,0.0,0.0,30.0,0.1796053020267749,0.0,0.0004926108374384237,124520.3866726176,398.71754303455754,120.5593327340108,20.97454594284374,20.074414216546376,1e-06,1e-06,0.0,,,,,,0.5790542254391465,0.0,0.0,2.0,22.06582399958279,0.0,0.0,0.0,0.0,0.0,cuda,0.6670461441123323,2.0034191895269142,20.97454594284374,1e-06,20.074414216546376,0.0,0.5790542254391465,0.0,0.0,1e-06,,,mgda,closed_form,0.0,0.9999999999989999,0.0,1e-06
MGDA-nf,0.1,medical_resource_allocation,plg,11.0,0.0,0.0,35.0,0.16666666666666666,0.0,0.0004914004914004914,124520.38667261759,398.71754303455754,120.55933273401082,20.974545942843733,20.074414216546376,1e-06,1e-06,0.0,,,,,,0.5790542254391458,0.0,0.0,2.0,23.35286699963035,0.0,0.0,0.0,0.0,0.0,cuda,0.6670461441123322,2.003419189526914,20.974545942843733,1e-06,20.074414216546376,0.0,0.5790542254391458,0.0,0.0,1e-06,,,mgda,closed_form,0.0,0.9999999999989999,0.0,1e-06
MGDA-nf,0.1,medical_resource_allocation,plg,11.0,0.0,0.0,40.0,0.15617376188860607,0.0,0.0004901960784313725,124520.38667261758,398.71754303455754,120.55933273401085,20.974545942843726,20.074414216546376,1e-06,1e-06,0.0,,,,,,0.5790542254391453,0.0,0.0,2.0,21.812912999848777,0.0,0.0,0.0,0.0,0.0,cuda,0.6670461441123322,2.003419189526914,20.974545942843726,1e-06,20.074414216546376,0.0,0.5790542254391453,0.0,0.0,1e-06,,,mgda,closed_form,0.0,0.9999999999989999,0.0,1e-06
MGDA-nf,0.1,medical_resource_allocation,plg,11.0,0.0,0.0,45.0,0.14744195615489714,0.0,0.000488997555012225,124520.3866726176,398.71754303455754,120.5593327340108,20.97454594284375,20.074414216546376,1e-06,1e-06,0.0,,,,,,0.5790542254391473,0.0,0.0,2.0,23.80390200050897,0.0,0.0,0.0,0.0,0.0,cuda,0.6670461441123323,2.0034191895269147,20.97454594284375,1e-06,20.074414216546376,0.0,0.5790542254391473,0.0,0.0,1e-06,,,mgda,closed_form,0.0,0.9999999999989999,0.0,1e-06
MGDA-nf,0.1,medical_resource_allocation,plg,11.0,0.0,0.0,50.0,0.14002800840280097,0.0,0.00048780487804878054,124520.38667261759,398.71754303455754,120.5593327340108,20.97454594284374,20.074414216546376,1e-06,1e-06,0.0,,,,,,0.579054225439146,0.0,0.0,2.0,39.437427999473584,0.0,0.0,0.0,0.0,0.0,cuda,0.6670461441123322,2.003419189526914,20.97454594284374,1e-06,20.074414216546376,0.0,0.579054225439146,0.0,0.0,1e-06,,,mgda,closed_form,0.0,0.9999999999989999,0.0,1e-06
MGDA-nf,0.1,medical_resource_allocation,plg,11.0,0.0,0.0,55.0,0.1336306209562122,0.0,0.00048661800486618,124520.3866726176,398.71754303455754,120.5593327340108,20.974545942843708,20.074414216546376,1e-06,1e-06,0.0,,,,,,0.5790542254391452,0.0,0.0,2.0,26.449613999830035,0.0,0.0,0.0,0.0,0.0,cuda,0.6670461441123323,2.0034191895269142,20.974545942843708,1e-06,20.074414216546376,0.0,0.5790542254391452,0.0,0.0,1e-06,,,mgda,closed_form,0.0,0.9999999999989999,0.0,1e-06
MGDA-nf,0.1,medical_resource_allocation,plg,11.0,0.0,0.0,60.0,0.12803687993289598,0.0,0.0004854368932038835,124520.38667261763,398.71754303455754,120.5593327340108,20.974545942843708,20.074414216546376,1e-06,1e-06,0.0,,,,,,0.5790542254391431,0.0,0.0,2.0,23.323770000388322,0.0,0.0,0.0,0.0,0.0,cuda,0.6670461441123323,2.0034191895269147,20.974545942843708,1e-06,20.074414216546376,0.0,0.5790542254391431,0.0,0.0,1e-06,,,mgda,closed_form,0.0,0.9999999999989999,0.0,1e-06
MGDA-nf,0.1,medical_resource_allocation,plg,11.0,0.0,0.0,65.0,0.12309149097933272,0.0,0.00048426150121065375,124520.3866726176,398.71754303455754,120.5593327340108,20.9745459428437,20.074414216546376,1e-06,1e-06,0.0,,,,,,0.5790542254391419,0.0,0.0,2.0,15.53439800045453,0.0,0.0,0.0,0.0,0.0,cuda,0.6670461441123323,2.0034191895269142,20.9745459428437,1e-06,20.074414216546376,0.0,0.5790542254391419,0.0,0.0,1e-06,,,mgda,closed_form,0.0,0.9999999999989999,0.0,1e-06
MGDA-nf,0.1,medical_resource_allocation,plg,22.0,0.0,0.0,0.0,1.0,0.0,0.0005,123454.28186467003,399.09143602082656,120.72162861209776,52.79681745405892,20.312846362724432,1e-06,1e-06,0.0,,,,,,0.3527608681372673,0.0,0.0,2.0,23.42247199976555,0.0,0.0,0.0,0.0,0.0,cuda,0.661335102568342,1.9527713311409798,52.79681745405892,1e-06,20.312846362724432,0.0,0.3527608681372673,0.0,0.0,1e-06,,,mgda,closed_form,0.0,0.9999999999989999,0.0,1e-06
MGDA-nf,0.1,medical_resource_allocation,plg,22.0,0.0,0.0,5.0,0.4082482904638631,0.0,0.0004987531172069826,123454.28183651516,399.0914360143644,120.72162861024665,52.796818439269025,20.312846370055023,1e-06,1e-06,0.0,,,,,,0.35276086497117604,0.0,0.0,2.0,25.667238000096404,0.0,0.0,0.0,0.0,0.0,cuda,0.6613351024175186,1.9527713298259712,52.796818439269025,1e-06,20.312846370055023,0.0,0.35276086497117604,0.0,3.633891241852251e-10,1e-06,,,mgda,closed_form,2.1603708946485773e-21,0.9999999999989999,5.069725123372412e-17,1e-06
MGDA-nf,0.1,medical_resource_allocation,plg,22.0,0.0,0.0,10.0,0.30151134457776363,0.0,0.0004975124378109454,123454.28183651516,399.0914360143643,120.72162861024668,52.796818439269074,20.312846370055023,1e-06,1e-06,0.0,,,,,,0.3527608649711771,0.0,0.0,2.0,22.047022999686305,0.0,0.0,0.0,0.0,0.0,cuda,0.6613351024175186,1.9527713298259712,52.796818439269074,1e-06,20.312846370055023,0.0,0.3527608649711771,0.0,7.085652112867774e-11,1e-06,,,mgda,closed_form,2.1380428723969247e-20,0.9999999999989999,9.730926256284485e-18,1e-06
MGDA-nf,0.1,medical_resource_allocation,plg,22.0,0.0,0.0,15.0,0.25,0.0,0.0004962779156327543,123454.2818365152,399.0914360143644,120.72162861024668,52.79681843926905,20.312846370055023,1e-06,1e-06,0.0,,,,,,0.35276086497117765,0.0,0.0,2.0,37.795361000462435,0.0,0.0,0.0,0.0,0.0,cuda,0.6613351024175187,1.9527713298259723,52.79681843926905,1e-06,20.312846370055023,0.0,0.35276086497117765,0.0,0.0,1e-06,,,mgda,closed_form,0.0,0.9999999999989999,0.0,1e-06
MGDA-nf,0.1,medical_resource_allocation,plg,22.0,0.0,0.0,20.0,0.2182178902359924,0.0,0.0004950495049504951,123454.28183651519,399.0914360143643,120.72162861024668,52.79681843926902,20.312846370055023,1e-06,1e-06,0.0,,,,,,0.35276086497117654,0.0,0.0,2.0,21.906810000473342,0.0,0.0,0.0,0.0,0.0,cuda,0.6613351024175187,1.9527713298259717,52.79681843926902,1e-06,20.312846370055023,0.0,0.35276086497117654,0.0,1.3408543272579877e-10,1e-06,,,mgda,closed_form,0.0,0.9999999999989999,1.8712440112486476e-17,1e-06
MGDA-nf,0.1,medical_resource_allocation,plg,22.0,0.0,0.0,25.0,0.19611613513818404,0.0,0.0004938271604938272,123454.28183651519,399.0914360143644,120.72162861024665,52.79681843926903,20.312846370055023,1e-06,1e-06,0.0,,,,,,0.3527608649711769,0.0,0.0,2.0,20.753955000145652,0.0,0.0,0.0,0.0,0.0,cuda,0.6613351024175187,1.9527713298259717,52.79681843926903,1e-06,20.312846370055023,0.0,0.3527608649711769,0.0,3.782579430645228e-10,1e-06,,,mgda,closed_form,4.734675515589479e-21,0.9999999999989999,5.2753317834063477e-17,1e-06
MGDA-nf,0.1,medical_resource_allocation,plg,22.0,0.0,0.0,30.0,0.1796053020267749,0.0,0.0004926108374384237,123454.2818365152,399.0914360143644,120.72162861024668,52.796818439269096,20.31284637005502,1e-06,1e-06,0.0,,,,,,0.3527608649711784,0.0,0.0,2.0,20.6364969999413,0.0,0.0,0.0,0.0,0.0,cuda,0.6613351024175187,1.9527713298259723,52.796818439269096,1e-06,20.31284637005502,0.0,0.3527608649711784,0.0,1.5703413625251186e-10,1e-06,,,mgda,closed_form,0.0,0.9999999999989999,2.1915071686051784e-17,1e-06
MGDA-nf,0.1,medical_resource_allocation,plg,22.0,0.0,0.0,35.0,0.16666666666666666,0.0,0.0004914004914004914,123454.28183651518,399.0914360143644,120.72162861024668,52.79681843926906,20.312846370055023,1e-06,1e-06,0.0,,,,,,0.3527608649711772,0.0,0.0,2.0,21.19237099941529,0.0,0.0,0.0,0.0,0.0,cuda,0.6613351024175187,1.952771329825972,52.79681843926906,1e-06,20.312846370055023,0.0,0.3527608649711772,0.0,1.5934888415187656e-10,1e-06,,,mgda,closed_form,0.0,0.9999999999989999,2.223810887631057e-17,1e-06
MGDA-nf,0.1,medical_resource_allocation,plg,22.0,0.0,0.0,40.0,0.15617376188860607,0.0,0.0004901960784313725,123454.28183651518,399.0914360143644,120.72162861024665,52.7968184392691,20.312846370055023,1e-06,1e-06,0.0,,,,,,0.3527608649711785,0.0,0.0,2.0,21.140480999747524,0.0,0.0,0.0,0.0,0.0,cuda,0.6613351024175187,1.952771329825972,52.7968184392691,1e-06,20.312846370055023,0.0,0.3527608649711785,0.0,0.0,1e-06,,,mgda,closed_form,0.0,0.9999999999989999,0.0,1e-06
MGDA-nf,0.1,medical_resource_allocation,plg,22.0,0.0,0.0,45.0,0.14744195615489714,0.0,0.000488997555012225,123454.28183651519,399.0914360143643,120.72162861024668,52.79681843926913,20.31284637005502,1e-06,1e-06,0.0,,,,,,0.35276086497117926,0.0,0.0,2.0,21.642414999405446,0.0,0.0,0.0,0.0,0.0,cuda,0.6613351024175187,1.9527713298259717,52.79681843926913,1e-06,20.31284637005502,0.0,0.35276086497117926,0.0,0.0,1e-06,,,mgda,closed_form,0.0,0.9999999999989999,0.0,1e-06
MGDA-nf,0.1,medical_resource_allocation,plg,22.0,0.0,0.0,50.0,0.14002800840280097,0.0,0.00048780487804878054,123454.28183651518,399.0914360143644,120.72162861024668,52.79681843926903,20.31284637005502,1e-06,1e-06,0.0,,,,,,0.3527608649711775,0.0,0.0,2.0,20.149261000369734,0.0,0.0,0.0,0.0,0.0,cuda,0.6613351024175187,1.952771329825972,52.79681843926903,1e-06,20.31284637005502,0.0,0.3527608649711775,0.0,0.0,1e-06,,,mgda,closed_form,0.0,0.9999999999989999,0.0,1e-06
MGDA-nf,0.1,medical_resource_allocation,plg,22.0,0.0,0.0,55.0,0.1336306209562122,0.0,0.00048661800486618,123454.28183651518,399.0914360143644,120.72162861024665,52.796818439269074,20.312846370055023,1e-06,1e-06,0.0,,,,,,0.35276086497117815,0.0,0.0,2.0,21.24732199990831,0.0,0.0,0.0,0.0,0.0,cuda,0.6613351024175187,1.952771329825972,52.796818439269074,1e-06,20.312846370055023,0.0,0.35276086497117815,0.0,1.0554609244772052e-13,1e-06,,,mgda,closed_form,1.9990995208968357e-21,0.9999999999989999,0.0,1e-06
MGDA-nf,0.1,medical_resource_allocation,plg,22.0,0.0,0.0,60.0,0.12803687993289598,0.0,0.0004854368932038835,123454.28183651518,399.0914360143644,120.72162861024668,52.796818439269074,20.312846370055023,1e-06,1e-06,0.0,,,,,,0.35276086497117853,0.0,0.0,2.0,20.872711000265554,0.0,0.0,0.0,0.0,0.0,cuda,0.6613351024175187,1.952771329825972,52.796818439269074,1e-06,20.312846370055023,0.0,0.35276086497117853,0.0,2.573896840275748e-10,1e-06,,,mgda,closed_form,1.0341256880225258e-20,0.9999999999989999,3.584410498716119e-17,1e-06
MGDA-nf,0.1,medical_resource_allocation,plg,22.0,0.0,0.0,65.0,0.12309149097933272,0.0,0.00048426150121065375,123454.28183651518,399.09143601436426,120.72162861024665,52.796818439269096,20.312846370055023,1e-06,1e-06,0.0,,,,,,0.35276086497117853,0.0,0.0,2.0,21.1668779993488,0.0,0.0,0.0,0.0,0.0,cuda,0.6613351024175187,1.9527713298259717,52.796818439269096,1e-06,20.312846370055023,0.0,0.35276086497117853,0.0,1.5712230837945428e-10,1e-06,,,mgda,closed_form,6.928741070179033e-22,0.9999999999989999,2.1922271466103436e-17,1e-06
MGDA-nf,0.1,medical_resource_allocation,plg,33.0,0.0,0.0,0.0,1.0,0.0,0.0005,121979.91913262244,397.10809412711205,120.23053286635995,49.39398000621275,22.13710375791305,1e-06,1e-06,3.3881317890172014e-21,,,,,,0.5325430459307094,0.0,0.0,2.0,20.57322499967995,0.0,0.0,0.0,0.0,0.0,cuda,0.6534370546926882,1.8854787089637013,49.39398000621275,1e-06,22.13710375791305,0.0,0.5325430459307094,0.0,4.1256316223657425e-10,1e-06,,,mgda,closed_form,8.35030051684242e-18,0.9999999999989999,9.211483301381303e-21,1e-06
MGDA-nf,0.1,medical_resource_allocation,plg,33.0,0.0,0.0,5.0,0.4082482904638631,0.0,0.0004987531172069826,121979.91913262244,397.10809412711205,120.23053286635992,49.39398000621273,22.13710375791305,1e-06,1e-06,1.1742027646676772e-19,,,,,,0.5325430459307094,0.0,0.0,2.0,20.44449499953771,0.0,0.0,0.0,0.0,0.0,cuda,0.6534370546926882,1.8854787089637013,49.39398000621273,1e-06,22.13710375791305,0.0,0.5325430459307094,0.0,2.503627130976658e-09,1e-06,,,mgda,closed_form,5.0686168790466614e-17,0.9999999999989999,3.017554874590427e-21,1e-06
MGDA-nf,0.1,medical_resource_allocation,plg,33.0,0.0,0.0,10.0,0.30151134457776363,0.0,0.0004975124378109454,121979.91913262245,397.10809412711205,120.23053286635992,49.39398000621279,22.13710375791305,1e-06,1e-06,0.0,,,,,,0.5325430459307118,0.0,0.0,2.0,21.526118000110728,0.0,0.0,0.0,0.0,0.0,cuda,0.6534370546926882,1.8854787089637017,49.39398000621279,1e-06,22.13710375791305,0.0,0.5325430459307118,0.0,5.832564849532755e-13,1e-06,,,mgda,closed_form,9.167158497750227e-22,0.9999999999989999,4.563390003327979e-20,1e-06
MGDA-nf,0.1,medical_resource_allocation,plg,33.0,0.0,0.0,15.0,0.25,0.0,0.0004962779156327543,121979.91913262244,397.10809412711205,120.23053286635992,49.39398000621279,22.13710375791305,1e-06,1e-06,0.0,,,,,,0.532543045930712,0.0,0.0,2.0,21.255978999761282,0.0,0.0,0.0,0.0,0.0,cuda,0.6534370546926882,1.8854787089637013,49.39398000621279,1e-06,22.13710375791305,0.0,0.532543045930712,0.0,2.4992418650735484e-13,1e-06,,,mgda,closed_form,5.0598107610629885e-21,0.9999999999989999,0.0,1e-06
MGDA-nf,0.1,medical_resource_allocation,plg,33.0,0.0,0.0,20.0,0.2182178902359924,0.0,0.0004950495049504951,121979.91913262244,397.10809412711205,120.23053286635995,49.39398000621273,22.13710375791305,1e-06,1e-06,0.0,,,,,,0.532543045930709,0.0,0.0,2.0,12.989140000172483,0.0,0.0,0.0,0.0,0.0,cuda,0.6534370546926882,1.8854787089637013,49.39398000621273,1e-06,22.13710375791305,0.0,0.532543045930709,0.0,7.626530941196211e-13,1e-06,,,mgda,closed_form,0.0,0.9999999999989999,6.469214134648249e-20,1e-06
MGDA-nf,0.1,medical_resource_allocation,plg,33.0,0.0,0.0,25.0,0.19611613513818404,0.0,0.0004938271604938272,121979.91913262245,397.10809412711205,120.23053286635992,49.39398000621276,22.13710375791305,1e-06,1e-06,0.0,,,,,,0.5325430459307099,0.0,0.0,2.0,22.47213800001191,0.0,0.0,0.0,0.0,0.0,cuda,0.6534370546926882,1.8854787089637017,49.39398000621276,1e-06,22.13710375791305,0.0,0.5325430459307099,0.0,3.9942551574186445e-14,1e-06,,,mgda,closed_form,0.0,0.9999999999989999,3.388131789013813e-21,1e-06
MGDA-nf,0.1,medical_resource_allocation,plg,33.0,0.0,0.0,30.0,0.1796053020267749,0.0,0.0004926108374384237,121979.91913262244,397.1080941271121,120.23053286635995,49.39398000621273,22.13710375791305,1e-06,1e-06,2.0227778143546502e-19,,,,,,0.532543045930709,0.0,0.0,2.0,20.582195999850228,0.0,0.0,0.0,0.0,0.0,cuda,0.6534370546926882,1.8854787089637013,49.39398000621273,1e-06,22.13710375791305,0.0,0.532543045930709,0.0,4.629691834357232e-09,1e-06,,,mgda,closed_form,9.3726584429588e-17,0.9999999999989999,1.3817224952071956e-20,1e-06
MGDA-nf,0.1,medical_resource_allocation,plg,33.0,0.0,0.0,35.0,0.16666666666666666,0.0,0.0004914004914004914,121979.91913262245,397.10809412711205,120.2305328663599,49.3939800062127,22.13710375791305,1e-06,1e-06,0.0,,,,,,0.5325430459307093,0.0,0.0,2.0,21.98226699965744,0.0,0.0,0.0,0.0,0.0,cuda,0.6534370546926882,1.8854787089637017,49.3939800062127,1e-06,22.13710375791305,0.0,0.5325430459307093,0.0,4.336964176499963e-14,1e-06,,,mgda,closed_form,8.780349880203954e-22,0.9999999999989999,0.0,1e-06
MGDA-nf,0.1,medical_resource_allocation,plg,33.0,0.0,0.0,40.0,0.15617376188860607,0.0,0.0004901960784313725,121979.91913262245,397.10809412711205,120.23053286636001,49.39398000621278,22.13710375791305,1e-06,1e-06,0.0,,,,,,0.5325430459307112,0.0,0.0,2.0,21.82697499938513,0.0,0.0,0.0,0.0,0.0,cuda,0.6534370546926882,1.8854787089637017,49.39398000621278,1e-06,22.13710375791305,0.0,0.5325430459307112,0.0,0.0,1e-06,,,mgda,closed_form,0.0,0.9999999999989999,0.0,1e-06
MGDA-nf,0.1,medical_resource_allocation,plg,33.0,0.0,0.0,45.0,0.14744195615489714,0.0,0.000488997555012225,121979.91913262244,397.1080941271121,120.23053286635998,49.39398000621275,22.13710375791305,1e-06,1e-06,0.0,,,,,,0.5325430459307097,0.0,0.0,2.0,20.50221799981955,0.0,0.0,0.0,0.0,0.0,cuda,0.6534370546926882,1.8854787089637013,49.39398000621275,1e-06,22.13710375791305,0.0,0.5325430459307097,0.0,2.305701882896618e-10,1e-06,,,mgda,closed_form,4.6670213889970765e-18,0.9999999999989999,4.023406499453903e-21,1e-06
MGDA-nf,0.1,medical_resource_allocation,plg,33.0,0.0,0.0,50.0,0.14002800840280097,0.0,0.00048780487804878054,121979.91913262241,397.1080941271121,120.2305328663599,49.39398000621275,22.13710375791305,1e-06,1e-06,0.0,,,,,,0.5325430459307101,0.0,0.0,2.0,21.91007300007186,0.0,0.0,0.0,0.0,0.0,cuda,0.6534370546926881,1.8854787089637008,49.39398000621275,1e-06,22.13710375791305,0.0,0.5325430459307101,0.0,9.044402044893212e-13,1e-06,,,mgda,closed_form,7.697177322570093e-21,0.9999999999989999,4.4469229730806297e-20,1e-06
MGDA-nf,0.1,medical_resource_allocation,plg,33.0,0.0,0.0,55.0,0.1336306209562122,0.0,0.00048661800486618,121979.91913262241,397.10809412711205,120.2305328663599,49.39398000621273,22.13710375791305,1e-06,1e-06,0.0,,,,,,0.5325430459307092,0.0,0.0,2.0,20.683884999925795,0.0,0.0,0.0,0.0,0.0,cuda,0.6534370546926881,1.8854787089637008,49.39398000621273,1e-06,22.13710375791305,0.0,0.5325430459307092,0.0,7.551638656994613e-14,1e-06,,,mgda,closed_form,0.0,0.9999999999989999,6.40568666360424e-21,1e-06
MGDA-nf,0.1,medical_resource_allocation,plg,33.0,0.0,0.0,60.0,0.12803687993289598,0.0,0.0004854368932038835,121979.91913262244,397.1080941271121,120.2305328663599,49.39398000621275,22.13710375791305,1e-06,1e-06,0.0,,,,,,0.5325430459307101,0.0,0.0,2.0,20.88197500052047,0.0,0.0,0.0,0.0,0.0,cuda,0.6534370546926882,1.8854787089637013,49.39398000621275,1e-06,22.13710375791305,0.0,0.5325430459307101,0.0,3.994255157418647e-14,1e-06,,,mgda,closed_form,0.0,0.9999999999989999,3.388131789013813e-21,1e-06
MGDA-nf,0.1,medical_resource_allocation,plg,33.0,0.0,0.0,65.0,0.12309149097933272,0.0,0.00048426150121065375,121979.91913262244,397.10809412711205,120.23053286635998,49.39398000621275,22.13710375791305,1e-06,1e-06,0.0,,,,,,0.5325430459307101,0.0,0.0,2.0,21.308506000423222,0.0,0.0,0.0,0.0,0.0,cuda,0.6534370546926882,1.8854787089637013,49.39398000621275,1e-06,22.13710375791305,0.0,0.5325430459307101,0.0,8.331114330859677e-13,1e-06,,,mgda,closed_form,5.924584088699337e-21,0.9999999999989999,4.5845658270093157e-20,1e-06
