task,method,seed,stage_idx,lambda,iter,stage_type,alpha_t,beta_t,lr_t,loss_dec,loss_pred,loss_fair,grad_norm_dec,grad_norm_pred,grad_norm_fair,grad_norm_combined,delta_theta_l2,cos_dec_pred,cos_dec_fair,cos_pred_fair,solver_calls,decision_ms,nan_or_inf_flag,nan_or_inf_steps_so_far,exploding_steps_so_far,device,guided_norm_dec,guided_norm_pred,guided_scale,guided_ratio_pred_over_dec,guided_dir_norm,loss_dec_normalized,loss_dec_normalized_true,mo_grad_norm_decision_regret,mo_grad_norm_pred_fairness,mo_grad_norm_pred_loss,mo_cos_decision_regret_pred_fairness,mo_cos_decision_regret_pred_loss,mo_cos_pred_fairness_pred_loss,direction_alignment_with_dec_regret,stationarity_proxy,mo_pcgrad_n_projections,mo_pcgrad_conflict_fraction,mo_pcgrad_normalize,mo_method,mo_mgda_lambda_decision_regret,mo_mgda_lambda_pred_fairness,mo_mgda_lambda_pred_loss,mo_mgda_min_norm
md_knapsack,fpto,55,0,0.0,0,train,1.0,0.0,0.0005,0.0,4.055100309426248,0.11766178368983296,1e-06,0.9803117506255139,0.3306844790799317,0.9803117506255139,0.0004901558753125078,0.0,0.0,-0.4103593208132254,0,0.0,0,0,0,cpu,,,,,,0.0,0.0,,,,,,,,,,,,,,,,
md_knapsack,fpto,55,0,0.0,5,train,1.0,0.0,0.0004987531172069826,0.0,4.0526989086888,0.11799415439797556,1e-06,0.9808927236440041,0.3311870214369013,0.9808927236440041,0.0004892233035628318,0.0,0.0,-0.40979750775727825,0,0.0,0,0,0,cpu,,,,,,0.0,0.0,,,,,,,,,,,,,,,,
md_knapsack,fpto,55,0,0.0,10,train,1.0,0.0,0.0004975124378109454,0.0,4.050300727748207,0.11832587378995013,1e-06,0.9814348878862611,0.33165383416386096,0.9814348878862611,0.0004882760636247549,0.0,0.0,-0.4091222603591991,0,0.0,0,0,0,cpu,,,,,,0.0,0.0,,,,,,,,,,,,,,,,
md_knapsack,fpto,55,0,0.0,15,train,1.0,0.0,0.0004962779156327543,0.0,4.0479047928259595,0.1186563324233825,1e-06,0.9824646725770553,0.33193956465238544,0.9824646725770553,0.00048757551988910016,0.0,0.0,-0.40728375193184385,0,0.0,0,0,0,cpu,,,,,,0.0,0.0,,,,,,,,,,,,,,,,
md_knapsack,fpto,55,0,0.0,20,train,1.0,0.0,0.0004950495049504951,0.0,4.045510806597759,0.11898578646382744,1e-06,0.9830307696566941,0.3323827714604817,0.9830307696566941,0.00048664889586939544,0.0,0.0,-0.4069520223019635,0,0.0,0,0,0,cpu,,,,,,0.0,0.0,,,,,,,,,,,,,,,,
md_knapsack,fpto,55,0,0.0,25,train,1.0,0.0,0.0004938271604938272,0.0,4.043119898110274,0.11931470922059564,1e-06,0.9838452429568261,0.3326525479488661,0.9838452429568261,0.0004858495026944781,0.0,0.0,-0.4061745088889448,0,0.0,0,0,0,cpu,,,,,,0.0,0.0,,,,,,,,,,,,,,,,
md_knapsack,fpto,55,1,0.5,0,train,1.0,0.5,0.0005,0.0,4.055100309426248,0.11766178368983296,1e-06,0.9803117506255139,0.3306844790799317,0.9248358833463164,0.0004624179416728914,0.0,0.0,-0.4103593208132254,0,0.0,0,0,0,cpu,,,,,,0.0,0.0,,,,,,,,,,,,,,,,
md_knapsack,fpto,55,1,0.5,5,train,1.0,0.5,0.0004987531172069826,0.0,4.052865009832623,0.11785736905075916,1e-06,0.9809087151622551,0.3310832887590949,0.9254844840533862,0.0004615882713480489,0.0,0.0,-0.40972840179263814,0,0.0,0,0,0,cpu,,,,,,0.0,0.0,,,,,,,,,,,,,,,,
md_knapsack,fpto,55,1,0.5,10,train,1.0,0.5,0.0004975124378109454,0.0,4.050632420923192,0.11805219834513278,1e-06,0.9814667058821472,0.33144658745340655,0.926119788602243,0.0004607561137321953,0.0,0.0,-0.40898153030642964,0,0.0,0,0,0,cpu,,,,,,0.0,0.0,,,,,,,,,,,,,,,,
md_knapsack,fpto,55,1,0.5,15,train,1.0,0.5,0.0004962779156327543,0.0,4.048401917013374,0.11824589965049179,1e-06,0.9825254219319072,0.33163516303627005,0.9274653641072853,0.0004602805777204721,0.0,0.0,-0.40713135962806857,0,0.0,0,0,0,cpu,,,,,,0.0,0.0,,,,,,,,,,,,,,,,
md_knapsack,fpto,55,1,0.5,20,train,1.0,0.5,0.0004950495049504951,0.0,4.046172194291441,0.11843841545561937,1e-06,0.9830952210571039,0.3319697111690476,0.928062151065044,0.0004594367084477695,0.0,0.0,-0.4066941707208652,0,0.0,0,0,0,cpu,,,,,,0.0,0.0,,,,,,,,,,,,,,,,
md_knapsack,fpto,55,1,0.5,25,train,1.0,0.5,0.0004938271604938272,0.0,4.043945015472521,0.11863029835867141,1e-06,0.9837644433113296,0.33232228493515253,0.9287647700860722,0.00045864926917803933,0.0,0.0,-0.40620098347706063,0,0.0,0,0,0,cpu,,,,,,0.0,0.0,,,,,,,,,,,,,,,,
md_knapsack,fpto,55,2,1.0,0,train,1.0,1.0,0.0005,0.0,4.055100309426248,0.11766178368983296,1e-06,0.9803117506255139,0.3306844790799317,0.8968320947575116,0.00044841604737847043,0.0,0.0,-0.4103593208132254,0,0.0,0,0,0,cpu,,,,,,0.0,0.0,,,,,,,,,,,,,,,,
md_knapsack,fpto,55,2,1.0,5,train,1.0,1.0,0.0004987531172069826,0.0,4.053031054376797,0.1177206607179007,1e-06,0.9809247440007206,0.33097969196866117,0.8976391647944199,0.0004477003315680166,0.0,0.0,-0.4096590045558641,0,0.0,0,0,0,cpu,,,,,,0.0,0.0,,,,,,,,,,,,,,,,
md_knapsack,fpto,55,2,1.0,10,train,1.0,1.0,0.0004975124378109454,0.0,4.050963872017655,0.11777883821983437,1e-06,0.981537179419377,0.3312648612207521,0.8984453312980292,0.00044698772701367103,0.0,0.0,-0.4089629854290221,0,0.0,0,0,0,cpu,,,,,,0.0,0.0,,,,,,,,,,,,,,,,
md_knapsack,fpto,55,2,1.0,15,train,1.0,1.0,0.0004962779156327543,0.0,4.048898503397016,0.1178360656568797,1e-06,0.9821676267601006,0.33152187255358245,0.8994024403806878,0.00044635356842685585,0.0,0.0,-0.4079039461958052,0,0.0,0,0,0,cpu,,,,,,0.0,0.0,,,,,,,,,,,,,,,,
md_knapsack,fpto,55,2,1.0,20,train,1.0,1.0,0.0004950495049504951,0.0,4.046832922779972,0.11789229093404505,1e-06,0.9831578352023834,0.33155599753246845,0.9008745310533238,0.00044597749062018675,0.0,0.0,-0.40640589969377267,0,0.0,0,0,0,cpu,,,,,,0.0,0.0,,,,,,,,,,,,,,,,
md_knapsack,fpto,55,2,1.0,25,train,1.0,1.0,0.0004938271604938272,0.0,4.044768744833556,0.11794790918093653,1e-06,0.983872118530004,0.33186796930778717,0.901816566277321,0.00044534151421075083,0.0,0.0,-0.4055970700336136,0,0.0,0,0,0,cpu,,,,,,0.0,0.0,,,,,,,,,,,,,,,,
md_knapsack,fpto,55,3,2.0,0,train,1.0,2.0,0.0005,0.0,4.055100309426248,0.11766178368983296,1e-06,0.9803117506255139,0.3306844790799317,0.9307571828176043,0.00046537859140852086,0.0,0.0,-0.4103593208132254,0,0.0,0,0,0,cpu,,,,,,0.0,0.0,,,,,,,,,,,,,,,,
md_knapsack,fpto,55,3,2.0,5,train,1.0,2.0,0.0004987531172069826,0.0,4.053362556970657,0.11744773977383852,1e-06,0.9811041198666524,0.3305294199986473,0.9318304780953641,0.0004647533556582759,0.0,0.0,-0.4095610726297009,0,0.0,0,0,0,cpu,,,,,,0.0,0.0,,,,,,,,,,,,,,,,
md_knapsack,fpto,55,3,2.0,10,train,1.0,2.0,0.0004975124378109454,0.0,4.051624695898659,0.11723377277269642,1e-06,0.9818184710622706,0.3306189255015056,0.9331475820599328,0.000464252528387755,0.0,0.0,-0.408522722033273,0,0.0,0,0,0,cpu,,,,,,0.0,0.0,,,,,,,,,,,,,,,,
md_knapsack,fpto,55,3,2.0,15,train,1.0,2.0,0.0004962779156327543,0.0,4.0498865591554765,0.11701971117276537,1e-06,0.9822720320479397,0.33094120063129423,0.9341785887139423,0.00046361220283543255,0.0,0.0,-0.40779680665590856,0,0.0,0,0,0,cpu,,,,,,0.0,0.0,,,,,,,,,,,,,,,,
md_knapsack,fpto,55,3,2.0,20,train,1.0,2.0,0.0004950495049504951,0.0,4.0481493661345604,0.11680531423890622,1e-06,0.9831666174564182,0.33107236154814856,0.9355856366717165,0.00046316120627286025,0.0,0.0,-0.4068609045269085,0,0.0,0,0,0,cpu,,,,,,0.0,0.0,,,,,,,,,,,,,,,,
md_knapsack,fpto,55,3,2.0,25,train,1.0,2.0,0.0004938271604938272,0.0,4.046410343850351,0.11659021004021497,1e-06,0.9841127064421376,0.33082659902407197,0.9370389250068522,0.00046273527160805477,0.0,0.0,-0.40561150913051663,0,0.0,0,0,0,cpu,,,,,,0.0,0.0,,,,,,,,,,,,,,,,
md_knapsack,wdro,55,0,0.0,0,train,1.0,0.0,0.0005,0.0,5.506552516793514,0.11766178368983296,1e-06,0.984931610432342,1e-06,0.9803117506255139,0.0004901558753125078,0.0,0.0,0.0,0,0.0,0,0,0,cpu,,,,,,0.0,0.0,,,,,,,,,,,,,,,,
md_knapsack,wdro,55,0,0.0,5,train,1.0,0.0,0.0004987531172069826,0.0,5.498228744337699,0.11799415439797556,1e-06,0.9847984634579336,1e-06,0.9808927236440041,0.0004892233035628318,0.0,0.0,0.0,0,0.0,0,0,0,cpu,,,,,,0.0,0.0,,,,,,,,,,,,,,,,
md_knapsack,wdro,55,0,0.0,10,train,1.0,0.0,0.0004975124378109454,0.0,5.489934429852239,0.11832587378995013,1e-06,0.9846366874912624,1e-06,0.9814348878862611,0.0004882760636247549,0.0,0.0,0.0,0,0.0,0,0,0,cpu,,,,,,0.0,0.0,,,,,,,,,,,,,,,,
md_knapsack,wdro,55,0,0.0,15,train,1.0,0.0,0.0004962779156327543,0.0,5.481640711948125,0.1186563324233825,1e-06,0.9850180734585442,1e-06,0.9824646725770553,0.00048757551988910016,0.0,0.0,0.0,0,0.0,0,0,0,cpu,,,,,,0.0,0.0,,,,,,,,,,,,,,,,
md_knapsack,wdro,55,0,0.0,20,train,1.0,0.0,0.0004950495049504951,0.0,5.473391422212023,0.11898578646382744,1e-06,0.984886515584693,1e-06,0.9830307696566941,0.00048664889586939544,0.0,0.0,0.0,0,0.0,0,0,0,cpu,,,,,,0.0,0.0,,,,,,,,,,,,,,,,
md_knapsack,wdro,55,0,0.0,25,train,1.0,0.0,0.0004938271604938272,0.0,5.465145397020015,0.11931470922059564,1e-06,0.9851587571208356,1e-06,0.9838452429568261,0.0004858495026944781,0.0,0.0,0.0,0,0.0,0,0,0,cpu,,,,,,0.0,0.0,,,,,,,,,,,,,,,,
md_knapsack,fdfl,55,0,0.0,0,train,0.0,0.0,0.0005,0.0,4.055100309426248,0.11766178368983296,4756.025868656874,1e-06,0.3306844790799317,4756.025868656874,2.3780129343284373,0.0,0.5954886004645817,0.0,17,2164.444099999855,0,0,0,cpu,,,,,,0.0,0.0,,,,,,,,,,,,,,,,
md_knapsack,fdfl,55,0,0.0,5,train,0.0,0.0,0.0004987531172069826,0.0,192.78900284542513,15.259815269966706,12204439012203.346,1e-06,46.92770214766176,12204439012203.346,4.987531172069826,0.0,0.22996457124992561,0.0,17,2478.350500000033,0,0,4,cpu,,,,,,0.0,0.0,,,,,,,,,,,,,,,,
md_knapsack,fdfl,55,0,0.0,10,train,0.0,0.0,0.0004975124378109454,0.0,76505.12438522652,5238.954031959417,1948901647682939.5,1e-06,5969.575223072987,1948901647682939.5,4.975124378109454,0.0,0.4952882148790914,0.0,17,6558.804400000099,0,0,9,cpu,,,,,,0.0,0.0,,,,,,,,,,,,,,,,
md_knapsack,fdfl,55,0,0.0,15,train,0.0,0.0,0.0004962779156327543,0.0,5.556616400226225,0.09822883357464407,1e-06,1e-06,1e-06,1e-06,0.0,0.0,0.0,0.0,17,10678.209000000152,0,0,11,cpu,,,,,,0.0,0.0,,,,,,,,,,,,,,,,
md_knapsack,fdfl,55,0,0.0,20,train,0.0,0.0,0.0004950495049504951,0.0,5.556616400226225,0.09822883357464407,1e-06,1e-06,1e-06,1e-06,0.0,0.0,0.0,0.0,17,10692.6169999997,0,0,11,cpu,,,,,,0.0,0.0,,,,,,,,,,,,,,,,
md_knapsack,fdfl,55,0,0.0,25,train,0.0,0.0,0.0004938271604938272,0.0,5.556616400226225,0.09822883357464407,1e-06,1e-06,1e-06,1e-06,0.0,0.0,0.0,0.0,17,10644.276699999864,0,0,11,cpu,,,,,,0.0,0.0,,,,,,,,,,,,,,,,
md_knapsack,fdfl,55,1,0.5,0,train,0.0,0.5,0.0005,0.0,4.055100309426248,0.11766178368983296,4372.031949911131,1e-06,0.3306844790799317,4371.9298655723605,2.1859649327861805,0.0,-0.6174240394986624,0.0,17,2163.6420999998336,0,0,0,cpu,,,,,,0.0,0.0,,,,,,,,,,,,,,,,
md_knapsack,fdfl,55,1,0.5,5,train,0.0,0.5,0.0004987531172069826,0.0,723.9443633986458,184.38767703311493,12484.839368227444,1e-06,194.00983369584068,12453.01762918001,4.9875311716693185,0.0,-0.3315093833182441,0.0,17,2169.451199999912,0,0,0,cpu,,,,,,0.0,0.0,,,,,,,,,,,,,,,,
md_knapsack,fdfl,55,1,0.5,10,train,0.0,0.5,0.0004975124378109454,0.0,140.87760500008721,7.178595327254175,2181.747455715092,1e-06,12.474940427052683,2179.7709461485206,1.0844631572878214,0.0,-0.3181627269866803,0.0,17,2206.4391999997497,0,0,0,cpu,,,,,,0.0,0.0,,,,,,,,,,,,,,,,
md_knapsack,fdfl,55,1,0.5,15,train,0.0,0.5,0.0004962779156327543,0.0,885.6435801799424,18.195287945594032,5331.638825029153,1e-06,36.851696269202925,5334.241878032634,2.6472664407109847,0.0,0.13957832882854587,0.0,17,2151.1724000001777,0,0,0,cpu,,,,,,0.0,0.0,,,,,,,,,,,,,,,,
md_knapsack,fdfl,55,1,0.5,20,train,0.0,0.5,0.0004950495049504951,0.0,606.8676204078018,60.82933071151204,1608.6199968321093,1e-06,88.29225566349665,1611.9416083116002,0.7979908952037625,0.0,0.0615972302295164,0.0,17,2180.2818999999545,0,0,0,cpu,,,,,,0.0,0.0,,,,,,,,,,,,,,,,
md_knapsack,fdfl,55,1,0.5,25,train,0.0,0.5,0.0004938271604938272,0.0,1369.6939707059832,201.2305025686729,319390.4693443342,1e-06,230.81498661444056,319453.9644518034,4.938271604922812,0.0,0.5500558638897484,0.0,17,2431.7166999999245,0,0,1,cpu,,,,,,0.0,0.0,,,,,,,,,,,,,,,,
md_knapsack,fdfl,55,2,1.0,0,train,0.0,1.0,0.0005,0.0,4.055100309426248,0.11766178368983296,2522.0492964336804,1e-06,0.3306844790799317,2521.9035793982616,1.2609517896991307,0.0,-0.4407056100768017,0.0,17,2161.826099999871,0,0,0,cpu,,,,,,0.0,0.0,,,,,,,,,,,,,,,,
md_knapsack,fdfl,55,2,1.0,5,train,0.0,1.0,0.0004987531172069826,0.0,412.10685135123776,34.525668850647506,3396.133623817256,1e-06,60.96915539794367,3428.7781531843043,1.7101137921118725,0.0,0.5290240299084017,0.0,17,2146.9858999998905,0,0,0,cpu,,,,,,0.0,0.0,,,,,,,,,,,,,,,,
md_knapsack,fdfl,55,2,1.0,10,train,0.0,1.0,0.0004975124378109454,0.0,27807.086485181648,405.2509993474146,3490896958105.2627,1e-06,957.9724729433797,3490896958042.719,4.975124378109452,0.0,-0.06528722087794459,0.0,17,2649.2527000000337,0,0,2,cpu,,,,,,0.0,0.0,,,,,,,,,,,,,,,,
md_knapsack,fdfl,55,2,1.0,15,train,0.0,1.0,0.0004962779156327543,0.0,196.9440856749523,4.6364569322350855,24609.516797608223,1e-06,26.04404265704947,24617.5509599223,4.962779156125949,0.0,0.30800489632874617,0.0,17,2215.6451999999263,0,0,4,cpu,,,,,,0.0,0.0,,,,,,,,,,,,,,,,
md_knapsack,fdfl,55,2,1.0,20,train,0.0,1.0,0.0004950495049504951,0.0,343.30905986121877,33.06427130385709,524974781734.36127,1e-06,62.50856736923961,524974781705.96466,4.9504950495049505,0.0,-0.4542840716230396,0.0,17,2718.2048999998187,0,0,6,cpu,,,,,,0.0,0.0,,,,,,,,,,,,,,,,
md_knapsack,fdfl,55,2,1.0,25,train,0.0,1.0,0.0004938271604938272,0.0,21.799908734235892,0.5917387884926942,14843720237703.525,1e-06,6.78312960712268,14843720237702.895,4.938271604938271,0.0,-0.09323007487104357,0.0,17,2596.027100000356,0,0,11,cpu,,,,,,0.0,0.0,,,,,,,,,,,,,,,,
md_knapsack,fdfl,55,3,2.0,0,train,0.0,2.0,0.0005,0.0,4.055100309426248,0.11766178368983296,2395.232614663181,1e-06,0.3306844790799317,2395.559718098297,1.1977798590491484,0.0,0.4944811185783669,0.0,17,2147.7349000001595,0,0,0,cpu,,,,,,0.0,0.0,,,,,,,,,,,,,,,,
md_knapsack,fdfl,55,3,2.0,5,train,0.0,2.0,0.0004987531172069826,0.0,32.58567211661249,2.3830254787967426,862233076237.3597,1e-06,4.989997955439059,862233076237.7556,4.987531172069826,0.0,0.03966707048434486,0.0,17,2822.5453000000016,0,0,1,cpu,,,,,,0.0,0.0,,,,,,,,,,,,,,,,
md_knapsack,fdfl,55,3,2.0,10,train,0.0,2.0,0.0004975124378109454,0.0,3.7840383555756745,0.18632008122057506,1875.8590268827393,1e-06,0.33542600335456113,1875.7072285643458,0.9331876759026597,0.0,-0.22644656543211564,0.0,17,2176.6194000001633,0,0,3,cpu,,,,,,0.0,0.0,,,,,,,,,,,,,,,,
md_knapsack,fdfl,55,3,2.0,15,train,0.0,2.0,0.0004962779156327543,0.0,4.379160308575785,0.1573668324973831,2359.0084268019505,1e-06,0.18334936595093193,2359.1076760646024,1.1707730402305718,0.0,0.2705841086965155,0.0,17,2179.7834999997576,0,0,3,cpu,,,,,,0.0,0.0,,,,,,,,,,,,,,,,
md_knapsack,fdfl,55,3,2.0,20,train,0.0,2.0,0.0004950495049504951,0.0,4.284383203270014,0.13615561917923685,2608.0028092527127,1e-06,0.1919605679556722,2608.0469106080204,1.2911123319841682,0.0,0.11479823787886097,0.0,17,2180.2568000002793,0,0,3,cpu,,,,,,0.0,0.0,,,,,,,,,,,,,,,,
md_knapsack,fdfl,55,3,2.0,25,train,0.0,2.0,0.0004938271604938272,0.0,35917.50145397207,76.18836027150951,3348414433452.0522,1e-06,1227.425379187571,3348414435068.528,4.938271604938272,0.0,0.6584822110613566,0.0,17,2835.17430000029,0,0,5,cpu,,,,,,0.0,0.0,,,,,,,,,,,,,,,,
md_knapsack,fdfl-0.1,55,0,0.0,0,train,0.1,0.0,0.0005,0.0,4.055100309426248,0.11766178368983296,2962.1275633037294,0.9803117506255139,0.3306844790799317,32.62299322432777,0.01631149661216387,0.5213949107905828,-0.5147499216571882,-0.4103593208132254,17,2156.0073000000557,0,0,0,cpu,1112.4698236300128,0.0841058920842871,9.672914086936354,7.560285258781023e-05,1.0135394637077078,0.0,0.0,,,,,,,,,,,,,,,,
md_knapsack,fdfl-0.1,55,0,0.0,5,train,0.1,0.0,0.0004987531172069826,0.0,4.016106588570096,0.1244046213054867,1578.463588639189,0.9967209778266124,0.3409944342564211,21.739686688276105,0.010842736502880838,0.46727458914482684,-0.6253348224892117,-0.40589412631355654,17,2158.1731000001128,0,0,0,cpu,963.0290305103496,0.08561084884309877,9.079963257774642,8.889747466670863e-05,1.008073811730869,0.0,0.0,,,,,,,,,,,,,,,,
md_knapsack,fdfl-0.1,55,0,0.0,10,train,0.1,0.0,0.0004975124378109454,0.0,3.9902835019242517,0.12288933391813907,1821.9187949072227,1.008150208545667,0.34417806784141775,27.291113227463036,0.013577668272369663,0.8885368112267467,-0.28840394323223456,-0.40067606518212856,17,2211.931100000129,0,0,0,cpu,831.3390159195652,0.08665847158473024,8.487789375823557,0.00010423963019331542,1.0167216635268057,0.0,0.0,,,,,,,,,,,,,,,,
md_knapsack,fdfl-0.1,55,0,0.0,15,train,0.1,0.0,0.0004962779156327543,0.0,3.9424323471168523,0.1332372573915151,2600.334873447624,1.0267619855444785,0.35880180146077484,30.489769334741553,0.015131399173569,0.6157442386953162,-0.5840346342630184,-0.3995505626444308,17,2086.0545000000457,0,0,0,cpu,1280.14127091026,0.08846439012695106,10.641753464886142,6.910517779342227e-05,1.0101671474056348,0.0,0.0,,,,,,,,,,,,,,,,
md_knapsack,fdfl-0.1,55,0,0.0,20,train,0.1,0.0,0.0004950495049504951,0.0,3.912745109529263,0.1323555745864645,4598.437826700053,1.0407902223672416,0.36247960448713273,44.48435061384345,0.02202195574942744,0.7590755744612528,-0.7552077841589541,-0.3963912257365699,17,2173.260300000038,0,0,0,cpu,1740.9491023440137,0.08956886639101538,12.48738713828514,5.144829694930189e-05,1.0116030121001163,0.0,0.0,,,,,,,,,,,,,,,,
md_knapsack,fdfl-0.1,55,0,0.0,25,train,0.1,0.0,0.0004938271604938272,0.0,3.849319498559289,0.13935319367810367,2285.2593468228274,1.0687362654670303,0.3796976942293755,28.66070601097165,0.014153435067146477,0.6612237867397073,-0.4445430837665285,-0.3970790522805947,17,2120.2927999997883,0,0,0,cpu,1380.3541856651548,0.09197826294866833,11.267767314397496,6.663381319363808e-05,1.0126739921466443,0.0,0.0,,,,,,,,,,,,,,,,
md_knapsack,fdfl-0.1,55,1,0.5,0,train,0.1,0.5,0.0005,0.0,4.055100309426248,0.11766178368983296,1400.2738161725656,0.9803117506255139,0.3306844790799317,14.991474699875852,0.007495737349937909,-0.2265089902385917,-0.423041687329061,-0.4103593208132254,17,2135.3260000000773,0,0,0,cpu,831.5139890890266,0.0841058920842871,8.362728372540673,0.00010114789791622165,1.0069167368824843,0.0,0.0,,,,,,,,,,,,,,,,
md_knapsack,fdfl-0.1,55,1,0.5,5,train,0.1,0.5,0.0004987531172069826,0.0,4.012959071785736,0.1210284662869868,1191.1733452034493,0.9968147528404834,0.3390418691854886,16.60117502443853,0.008279887792737407,0.16557510274648915,-0.46371409613642595,-0.4000081427339856,17,2166.8719000003875,0,0,0,cpu,806.4829375292052,0.08587641403295847,8.322130896217303,0.00010648261734594803,1.008817159326449,0.0,0.0,,,,,,,,,,,,,,,,
md_knapsack,fdfl-0.1,55,1,0.5,10,train,0.1,0.5,0.0004975124378109454,0.0,3.9753679124266985,0.13430159934509606,2330.1322850545266,1.0147407274684503,0.3539113603884242,26.362538345098383,0.013115690718954411,0.34945013816135284,-0.6929520882427366,-0.4004446490719032,17,2143.1993999999577,0,0,0,cpu,1144.952865006163,0.08726349091033535,9.99562824079746,7.621579331116451e-05,1.0089702932267646,0.0,0.0,,,,,,,,,,,,,,,,
md_knapsack,fdfl-0.1,55,1,0.5,15,train,0.1,0.5,0.0004962779156327543,0.0,3.946576513026495,0.13993627025889835,1743.7362836065165,1.027740954710718,0.3638406739678902,23.794599768789325,0.01180873437657038,0.5349869363442545,-0.15825524395213608,-0.400462139465207,17,2188.4337000001324,0,0,0,cpu,951.8964782000539,0.08833317587884951,9.16973494858509,9.279704033140156e-05,1.0166601524131536,0.0,0.0,,,,,,,,,,,,,,,,
md_knapsack,fdfl-0.1,55,1,0.5,20,train,0.1,0.5,0.0004950495049504951,0.0,3.9279419583483133,0.13991950949575413,4797.599780392966,1.0408463083233868,0.36705087489985233,48.58730514108396,0.024053121356972244,0.8564779281841705,-0.3856130160498632,-0.40560093895583693,17,2189.730999999938,0,0,0,cpu,1463.0896597239632,0.08892548231853475,11.406399680276609,6.077924324563408e-05,1.0135694810312166,0.0,0.0,,,,,,,,,,,,,,,,
md_knapsack,fdfl-0.1,55,1,0.5,25,train,0.1,0.5,0.0004938271604938272,0.0,3.8486167335400894,0.15027238805404336,1892.1715527826177,1.0668248738229453,0.3880843743504114,24.986190372045762,0.012338859442985541,0.31484024107390995,0.2744178155468716,-0.40206979355450384,17,2164.97389999995,0,0,0,cpu,817.8673979586579,0.09211903366736357,8.67992824670761,0.0001126332140115702,1.0061627569675067,0.0,0.0,,,,,,,,,,,,,,,,
md_knapsack,fdfl-0.1,55,2,1.0,0,train,0.1,1.0,0.0005,0.0,4.055100309426248,0.11766178368983296,3917.612546211366,0.9803117506255139,0.3306844790799317,23.621199745891253,0.011810599872945611,-0.6355473756079715,0.41106141430838783,-0.4103593208132254,17,2267.6516000001357,0,0,0,cpu,1443.030099199214,0.0841058920842871,11.016684337750048,5.82842257628308e-05,1.0161104962025211,0.0,0.0,,,,,,,,,,,,,,,,
md_knapsack,fdfl-0.1,55,2,1.0,5,train,0.1,1.0,0.0004987531172069826,0.0,4.034607086895862,0.12109872981486851,5184.7343202097745,0.9899393193830424,0.3352144410978272,50.85652345006809,0.025364849601031466,0.7928264097691983,-0.7097600689261078,-0.4113219614872225,17,2235.4792999999518,0,0,0,cpu,1326.7430925142933,0.08489364541409011,10.612825149388911,6.398649888819793e-05,1.0148320722886561,0.0,0.0,,,,,,,,,,,,,,,,
md_knapsack,fdfl-0.1,55,2,1.0,10,train,0.1,1.0,0.0004975124378109454,0.0,3.9844995632096585,0.13595960999606813,3343.030255998022,1.0100036882970453,0.3530067451483151,26.888194490005237,0.013377211189057317,-0.2211547595451441,-0.4257458314692785,-0.4048807663264501,17,2239.443299999948,0,0,0,cpu,1287.4101356874537,0.08683972460322975,10.573473489563641,6.745303784396487e-05,1.0143842830326388,0.0,0.0,,,,,,,,,,,,,,,,
md_knapsack,fdfl-0.1,55,2,1.0,15,train,0.1,1.0,0.0004962779156327543,0.0,3.9489129269461576,0.14016550593300187,1343.075345718363,1.0244251283908241,0.36171686610245046,14.123516725651852,0.007009189442010833,-0.34074600533316113,-0.16563314915157626,-0.39831310548178694,17,2239.893200000097,0,0,0,cpu,744.1580512597312,0.08828311755296568,8.105343466957383,0.00011863490209306692,1.012054854338228,0.0,0.0,,,,,,,,,,,,,,,,
md_knapsack,fdfl-0.1,55,2,1.0,20,train,0.1,1.0,0.0004950495049504951,0.0,3.9227354074454777,0.14000439160895992,1957.5692830881194,1.0360556282716622,0.36632068023523506,24.943908838536377,0.012348469722047697,0.4366445396029678,-0.7165722725384399,-0.3933749687138343,17,2293.6776000001373,0,0,0,cpu,963.5280160463102,0.08933867726973324,9.277947966328957,9.272037323452288e-05,1.0103951524783594,0.0,0.0,,,,,,,,,,,,,,,,
md_knapsack,fdfl-0.1,55,2,1.0,25,train,0.1,1.0,0.0004938271604938272,0.0,3.906273486571137,0.14260939296743644,3702.993035984143,1.0470079632622795,0.36980905795838376,26.282772525858476,0.012979146926349864,-0.7470080351524899,0.4227081661127491,-0.39170378300134434,17,2352.7068999997027,0,0,0,cpu,1077.9242883897055,0.0899021950322951,9.844173891437473,8.340307014196574e-05,1.0090110827172591,0.0,0.0,,,,,,,,,,,,,,,,
md_knapsack,fdfl-0.1,55,3,2.0,0,train,0.1,2.0,0.0005,0.0,4.055100309426248,0.11766178368983296,2820.8202349822877,0.9803117506255139,0.3306844790799317,18.09069797012677,0.00904534898506337,-0.5211037535469577,0.14048527003646444,-0.4103593208132254,17,2310.7668000002377,0,0,0,cpu,1464.919752517675,0.0841058920842871,11.09992714468848,5.74133101418962e-05,1.0093023683644577,0.0,0.0,,,,,,,,,,,,,,,,
md_knapsack,fdfl-0.1,55,3,2.0,5,train,0.1,2.0,0.0004987531172069826,0.0,4.029161134925302,0.1245387687614211,3585.758906274776,0.9938031962417874,0.3395235678329717,32.0483310013939,0.015984204988226388,0.41424217305548294,-0.41680455176230335,-0.40787019254733015,17,2324.2809000003035,0,0,0,cpu,1981.9182931985958,0.08510239732430756,12.987147417816601,4.293940755093478e-05,1.013884222530438,0.0,0.0,,,,,,,,,,,,,,,,
md_knapsack,fdfl-0.1,55,3,2.0,10,train,0.1,2.0,0.0004975124378109454,0.0,3.9742642273388977,0.1331150935487383,2904.5227739641277,1.0092160649911914,0.35258447303335766,26.974698745560932,0.013420248132119866,-0.027674361355159504,-0.5727270903695955,-0.4000529851385651,17,2273.189200000161,0,0,0,cpu,1124.796481073597,0.08732467860055311,9.910726068295148,7.763598132633145e-05,1.0105117511260788,0.0,0.0,,,,,,,,,,,,,,,,
md_knapsack,fdfl-0.1,55,3,2.0,15,train,0.1,2.0,0.0004962779156327543,0.0,3.950379173413253,0.14726568925425887,4580.732204845113,1.022812038183408,0.36659792246261946,29.855411755931858,0.014816581516591487,-0.3276765716204131,-0.32185951084144343,-0.40645507812482723,17,2281.1243000001014,0,0,0,cpu,1797.212871130073,0.08806259039722929,12.580430077185598,4.899953244929536e-05,1.0109983288964286,0.0,0.0,,,,,,,,,,,,,,,,
md_knapsack,fdfl-0.1,55,3,2.0,20,train,0.1,2.0,0.0004950495049504951,0.0,3.913318743395413,0.1555442373909565,1473.1224846227947,1.038470920526411,0.37929417034962026,24.659333619110974,0.01220759090054998,0.6525417409787829,-0.3346805131207286,-0.4021332755232793,17,2291.619200000241,0,0,0,cpu,521.658214788992,0.08941713547885968,6.8297279056670614,0.0001714094266013398,1.0100345148038785,0.0,0.0,,,,,,,,,,,,,,,,
md_knapsack,fdfl-0.1,55,3,2.0,25,train,0.1,2.0,0.0004938271604938272,0.0,3.8668693228210826,0.16330882107331976,2212.915101397134,1.0599384545559278,0.39342304802804334,24.266710149048425,0.011983560567431313,0.25215774691450765,0.34857735224055325,-0.39380814719978313,17,2294.5322999999007,0,0,0,cpu,1439.3226768049158,0.09107551773842015,11.449325656240916,6.327665033430473e-05,1.0159129136068359,0.0,0.0,,,,,,,,,,,,,,,,
md_knapsack,fdfl-0.5,55,0,0.0,0,train,0.5,0.0,0.0005,0.0,4.055100309426248,0.11766178368983296,2277.355790267603,0.9803117506255139,0.3306844790799317,53.41867632076371,0.026709338160381842,-0.5724357194047918,0.3919734726267582,-0.4103593208132254,17,2268.8630000002377,0,0,0,cpu,1626.6834479848023,0.0841058920842871,11.696737260086929,5.170390845771542e-05,1.128942172500335,0.0,0.0,,,,,,,,,,,,,,,,
md_knapsack,fdfl-0.5,55,0,0.0,5,train,0.5,0.0,0.0004987531172069826,0.0,3.9086689015385363,0.13897334040211246,2085.611576208172,1.026379909974441,0.36723630306359206,63.48930225440985,0.03166548740868321,0.4517160552226431,-0.6101563321220257,-0.37909044217055726,17,2302.014400000189,0,0,0,cpu,1414.4784827004087,0.09021339060413663,11.296233879528101,6.37785528076104e-05,1.1546153130461383,0.0,0.0,,,,,,,,,,,,,,,,
md_knapsack,fdfl-0.5,55,0,0.0,10,train,0.5,0.0,0.0004975124378109454,0.0,3.76583509380259,0.1596120258432146,1819.5544358991142,1.0828139447256226,0.40924271899763554,57.7136367576465,0.028713252118232082,0.5042162622843599,0.2370248316559243,-0.3721015188109818,17,2280.827699999918,0,0,0,cpu,927.6764702926052,0.09542958535124792,9.408920283440208,0.00010286946840545365,1.120699390446721,0.0,0.0,,,,,,,,,,,,,,,,
md_knapsack,fdfl-0.5,55,0,0.0,15,train,0.5,0.0,0.0004962779156327543,0.0,3.6178753502379983,0.18032627089257663,3209.393947080259,1.1251055249692536,0.45933330161942065,41.216773149655644,0.020454974267819184,-0.5568083351730059,0.5572483830928768,-0.3482059802175342,17,2287.7116000004207,0,0,0,cpu,1016.7530226330351,0.10040842672635157,10.103987894482335,9.875399875018697e-05,1.140877344827183,0.0,0.0,,,,,,,,,,,,,,,,
md_knapsack,fdfl-0.5,55,0,0.0,20,train,0.5,0.0,0.0004950495049504951,0.0,3.494023896433262,0.18575785372191053,3201.2544972972705,1.1616462576933764,0.49864655965658067,64.56364421525085,0.03196220010655981,-0.008661681153388785,0.20219485873106474,-0.3431818696569625,17,2311.783899999682,0,0,0,cpu,1538.6269485794737,0.1038265006929797,12.639234626468644,6.747997023504416e-05,1.165115871760217,0.0,0.0,,,,,,,,,,,,,,,,
md_knapsack,fdfl-0.5,55,0,0.0,25,train,0.5,0.0,0.0004938271604938272,0.0,3.3231671664679396,0.22499144215181974,3488.916364648709,1.1532851286002728,0.5805281153828048,67.81170654039994,0.03348726248908639,0.1921013597018024,0.2364926045664098,-0.25829475533575863,17,2302.5487999998404,0,0,0,cpu,1377.3461101291755,0.10776009124889972,12.182895489531091,7.823748181841771e-05,1.1399320269627942,0.0,0.0,,,,,,,,,,,,,,,,
md_knapsack,fdfl-0.5,55,1,0.5,0,train,0.5,0.5,0.0005,0.0,4.055100309426248,0.11766178368983296,4040.6806749989255,0.9803117506255139,0.3306844790799317,69.85862952120307,0.03492931476060152,0.04420604985176072,-0.18143738168188203,-0.4103593208132254,17,2299.753900000269,0,0,0,cpu,2027.969689743601,0.0841058920842871,13.060022966127606,4.147295322491764e-05,1.165689970358976,0.0,0.0,,,,,,,,,,,,,,,,
md_knapsack,fdfl-0.5,55,1,0.5,5,train,0.5,0.5,0.0004987531172069826,0.0,3.933247806671036,0.13462162525859545,2589.8972771211993,1.0271137734485527,0.36173721945141035,63.71653513776092,0.031778820517586494,0.6141119207244177,0.18296398981575526,-0.3883008248884867,17,2258.201200000258,0,0,0,cpu,1097.3928061886259,0.08900799578964329,9.883154065014976,8.11086014849856e-05,1.1556450617302045,0.0,0.0,,,,,,,,,,,,,,,,
md_knapsack,fdfl-0.5,55,1,0.5,10,train,0.5,0.5,0.0004975124378109454,0.0,3.7932324441266823,0.1600004528425111,2015.7901305101216,1.087414700001031,0.40768534210859353,59.35139901557178,0.029528059211727256,0.2437412915408986,0.5670510821379678,-0.37684547428515397,17,2293.9410999997563,0,0,0,cpu,1272.6837361412965,0.09418868709933349,10.948625950310992,7.400792861933487e-05,1.1700880478076146,0.0,0.0,,,,,,,,,,,,,,,,
md_knapsack,fdfl-0.5,55,1,0.5,15,train,0.5,0.5,0.0004962779156327543,0.0,3.6675076097875587,0.1771113635633732,1736.4859176330215,1.1349855635622206,0.448685180002289,56.57244124009201,0.028075653220889323,-0.07930434050323718,0.41389198046727477,-0.3562866762590712,17,2291.3328999998157,0,0,0,cpu,1224.7698621685495,0.09829747828773681,10.972319214003363,8.025791728226685e-05,1.1304992210899112,0.0,0.0,,,,,,,,,,,,,,,,
md_knapsack,fdfl-0.5,55,1,0.5,20,train,0.5,0.5,0.0004950495049504951,0.0,3.492952337806966,0.19959366297873457,2711.566594574218,1.1544195337739789,0.5115674676468519,42.58067191337756,0.021079540551177,-0.5771922973264471,0.4010795975513079,-0.3186740349576266,17,2315.7483999998476,0,0,0,cpu,1035.3652341511443,0.10377137717412858,10.365388377966276,0.00010022683179931835,1.114017297007239,0.0,0.0,,,,,,,,,,,,,,,,
md_knapsack,fdfl-0.5,55,1,0.5,25,train,0.5,0.5,0.0004938271604938272,0.0,3.3447132823391352,0.22280460619368586,2447.7008613585795,1.1517074421082611,0.5768329245129901,60.25756508330642,0.029756822263361186,0.41541978743255653,-0.8074914071208706,-0.27051294750875327,17,2315.2971999998044,0,0,0,cpu,916.8341855968143,0.10735867529914696,9.921194667712465,0.00011709715560972642,1.1354487476499762,0.0,0.0,,,,,,,,,,,,,,,,
md_knapsack,fdfl-0.5,55,2,1.0,0,train,0.5,1.0,0.0005,0.0,4.055100309426248,0.11766178368983296,2276.5722045218004,0.9803117506255139,0.3306844790799317,35.78915215518384,0.017894576077591914,-0.5153301867382764,0.7982110850161805,-0.4103593208132254,17,2290.51040000013,0,0,0,cpu,780.4565039580152,0.0841058920842871,8.101912767882213,0.00010776499607313362,1.1307150753906776,0.0,0.0,,,,,,,,,,,,,,,,
md_knapsack,fdfl-0.5,55,2,1.0,5,train,0.5,1.0,0.0004987531172069826,0.0,3.9434288530332364,0.1310442005799748,3783.2619156433757,1.0174804591678202,0.35603038450026386,64.24846294025292,0.032044121167208436,0.2308953270689748,-0.6477681391530627,-0.3830525281337538,17,2296.9123000002583,0,0,0,cpu,1335.3085099360276,0.08883233125073048,10.891215169876892,6.652569843577668e-05,1.1745783703062456,0.0,0.0,,,,,,,,,,,,,,,,
md_knapsack,fdfl-0.5,55,2,1.0,10,train,0.5,1.0,0.0004975124378109454,0.0,3.7902587473915035,0.15859698005737455,1202.3935683618756,1.0745371205960976,0.40498984264912186,48.985040615805055,0.024370666973037334,0.3210915533038158,-0.4813396396297356,-0.37147156384953267,17,2259.451899999931,0,0,0,cpu,812.8745667770289,0.0946429031292226,8.771134982411748,0.0001164298982861191,1.125585792384412,0.0,0.0,,,,,,,,,,,,,,,,
md_knapsack,fdfl-0.5,55,2,1.0,15,train,0.5,1.0,0.0004962779156327543,0.0,3.6459153511818854,0.17867345558368739,2724.8076639302762,1.1197788987599473,0.4517193637472169,60.16156367954812,0.02985685542409336,-0.11560795741356178,0.4434508362018843,-0.35126059573130974,17,2249.320600000374,0,0,0,cpu,1488.5787059130787,0.09941036584576564,12.164709357195326,6.678206899700903e-05,1.1543047735998342,0.0,0.0,,,,,,,,,,,,,,,,
md_knapsack,fdfl-0.5,55,2,1.0,20,train,0.5,1.0,0.0004950495049504951,0.0,3.483049064037284,0.1989577291785538,2874.0497991885995,1.1513010075676025,0.5111478684121967,57.371548904451686,0.02840175688339191,-0.14290842009688337,0.5739864609271549,-0.31812302205898924,17,2270.4757999999856,0,0,0,cpu,1372.1792858175133,0.10407622578111138,11.950365733437103,7.584739607776918e-05,1.1712003367420654,0.0,0.0,,,,,,,,,,,,,,,,
md_knapsack,fdfl-0.5,55,2,1.0,25,train,0.5,1.0,0.0004938271604938272,0.0,3.3463593151430078,0.21365587990657395,2619.013131268878,1.1463664164286718,0.5660084893559677,50.30267557308141,0.02484082744349698,-0.1548230219179657,-0.15077171910401152,-0.27759800679333085,17,2310.4677999999694,0,0,0,cpu,1009.3770432096877,0.10762646442019519,10.422844258050164,0.00010662662197859883,1.1459541979164387,0.0,0.0,,,,,,,,,,,,,,,,
md_knapsack,fdfl-0.5,55,3,2.0,0,train,0.5,2.0,0.0005,0.0,4.055100309426248,0.11766178368983296,1632.417892146632,0.9803117506255139,0.3306844790799317,55.54438767882193,0.027772193839410955,0.32754323417462267,-0.6052299470912389,-0.4103593208132254,17,2334.232499999871,0,0,0,cpu,1114.1635302364607,0.0841058920842871,9.680274667503816,7.548792417073388e-05,1.1187725092498886,0.0,0.0,,,,,,,,,,,,,,,,
md_knapsack,fdfl-0.5,55,3,2.0,5,train,0.5,2.0,0.0004987531172069826,0.0,3.9291056711797046,0.14002490712515503,2285.601636569486,1.0191088790976282,0.36405866474921883,53.96313324212908,0.02691428091876761,0.012580549176677652,-0.5181371036704427,-0.3862005876430109,17,2337.8069999998843,0,0,0,cpu,1159.989497542863,0.08931777857007349,10.17878603199538,7.699878210903636e-05,1.1348080840826629,0.0,0.0,,,,,,,,,,,,,,,,
md_knapsack,fdfl-0.5,55,3,2.0,10,train,0.5,2.0,0.0004975124378109454,0.0,3.7913819086621676,0.1652857910818356,2161.087848268561,1.0699219275989607,0.40989346804631244,64.2384044659262,0.03195940520692845,0.7619024162063522,-0.18777247761337085,-0.3686288795532313,17,2258.8802999998734,0,0,0,cpu,1002.6750968444663,0.09461071491635059,9.739805323581987,9.435829733290612e-05,1.1216410635140435,0.0,0.0,,,,,,,,,,,,,,,,
md_knapsack,fdfl-0.5,55,3,2.0,15,train,0.5,2.0,0.0004962779156327543,0.0,3.659688833854084,0.1848473598195373,4817.607091576904,1.115621308392197,0.4548462500096079,81.90233198467607,0.04064631860281691,0.5007003690531715,0.27683949004488545,-0.3499162196967992,17,2278.2302999999047,0,0,0,cpu,1467.0241317310702,0.09891092566385451,12.045941841165122,6.74228347880964e-05,1.1483038581068352,0.0,0.0,,,,,,,,,,,,,,,,
md_knapsack,fdfl-0.5,55,3,2.0,20,train,0.5,2.0,0.0004950495049504951,0.0,3.4956559628804227,0.20381229775430887,4486.415872096039,1.1399904758796375,0.5111792978521786,82.59924352290686,0.04089071461530042,0.7894725265987316,-0.4302855716869612,-0.3187959201355209,17,2269.7910000001684,0,0,0,cpu,961.6439551907041,0.10382475563856128,9.992119327698925,0.00010796590055824947,1.1569721273755813,0.0,0.0,,,,,,,,,,,,,,,,
md_knapsack,fdfl-0.5,55,3,2.0,25,train,0.5,2.0,0.0004938271604938272,0.0,3.3401554207261626,0.2208141740953683,1757.6038637293555,1.1401731997422602,0.5728630295608186,53.59486576244091,0.026466600376514018,0.03980034525501877,0.3415955478248217,-0.2909854559246677,17,2288.8732999999775,0,0,0,cpu,1115.2316014469181,0.10760386144298331,10.954598428008694,9.648566387768824e-05,1.1378971863109524,0.0,0.0,,,,,,,,,,,,,,,,
md_knapsack,fdfl-scal,55,0,0.0,0,train,1.0,0.0,0.0005,0.0,4.055100309426248,0.11766178368983296,2116.809851316802,0.9803117506255139,0.3306844790799317,79.33314802997837,0.03966657401498918,0.5665304906182063,-0.7829538402359473,-0.4103593208132254,17,2329.104699999789,0,0,0,cpu,911.4409550218566,0.0841058920842871,8.75543000681679,9.227793816031695e-05,1.4470627753886607,0.0,0.0,,,,,,,,,,,,,,,,
md_knapsack,fdfl-scal,55,0,0.0,5,train,1.0,0.0,0.0004987531172069826,0.0,3.8423303686901047,0.1517893960665692,1777.2921014682065,1.0489433177392204,0.3871635983619718,90.45206702949987,0.045113250388777996,0.26833497187534333,-0.12029720317713441,-0.37537479122750406,17,2308.118299999933,0,0,0,cpu,1389.3037127395817,0.09279159318395964,11.354105201269538,6.678999871164454e-05,1.4702354118196088,0.0,0.0,,,,,,,,,,,,,,,,
md_knapsack,fdfl-scal,55,0,0.0,10,train,1.0,0.0,0.0004975124378109454,0.0,3.5909226500699574,0.1795062564643268,2582.4338787854567,1.116704206863591,0.46676961685344265,97.53348063892255,0.04852411972085699,0.5390948429988852,-0.6003535342511043,-0.33868194418395886,17,2342.535599999792,0,0,0,cpu,1391.0372663371775,0.10165210378535336,11.891251598002667,7.307647770862353e-05,1.473755965110939,0.0,0.0,,,,,,,,,,,,,,,,
md_knapsack,fdfl-scal,55,0,0.0,15,train,1.0,0.0,0.0004962779156327543,0.0,3.368709089224748,0.21892888488395668,1498.4592957738876,1.1029279827820286,0.5627233268759081,66.45631703187549,0.03298080249720869,0.06464543336869748,0.2070962814214828,-0.2695515422198394,17,2347.9597999998987,0,0,0,cpu,745.6498210250336,0.10799394502149301,8.97360940631269,0.00014483198678038353,1.422597584089287,0.0,0.0,,,,,,,,,,,,,,,,
md_knapsack,fdfl-scal,55,0,0.0,20,train,1.0,0.0,0.0004950495049504951,0.0,3.177199458443016,0.24999471559850267,1920.007081458568,1.066224637491687,0.650440462475904,63.00649543483494,0.031191334373680657,0.14374344387028912,0.6603884315126682,-0.14259597540073923,17,2349.649600000248,0,0,0,cpu,680.8307981735206,0.11178907275658721,8.724072651688834,0.0001641950879080179,1.4299671676066215,0.0,0.0,,,,,,,,,,,,,,,,
md_knapsack,fdfl-scal,55,0,0.0,25,train,1.0,0.0,0.0004938271604938272,0.0,2.9985842487831254,0.26829494117058106,2514.385087114818,1.0557723667986212,0.7243006418672404,64.7810478100705,0.031990640893861964,0.06517775656430849,0.25452194360455893,0.004483826010457509,17,2296.0026999999172,0,0,0,cpu,742.0709594011581,0.11388749731002705,9.193073718438713,0.0001534725161619757,1.4298017849457967,0.0,0.0,,,,,,,,,,,,,,,,
md_knapsack,fdfl-scal,55,1,0.5,0,train,1.0,0.5,0.0005,0.0,4.055100309426248,0.11766178368983296,1496.167712493398,0.9803117506255139,0.3306844790799317,69.75124060455644,0.03487562030227822,0.5137908534497112,-0.681700727083469,-0.4103593208132254,17,2342.773500000021,0,0,0,cpu,726.2037192713766,0.0841058920842871,7.815242263951024,0.0001158158376945153,1.4366206432373874,0.0,0.0,,,,,,,,,,,,,,,,
md_knapsack,fdfl-scal,55,1,0.5,5,train,1.0,0.5,0.0004987531172069826,0.0,3.845439227654177,0.14359554196767302,3571.9357344887667,1.0457776439010016,0.38103757238957775,101.36761798968635,0.05055741545620265,0.7998077447081996,-0.35897255521565163,-0.371095088458287,17,2296.4818000000378,0,0,0,cpu,1314.4497913540572,0.09277698811892338,11.043128753907412,7.05823750204645e-05,1.474444681494028,0.0,0.0,,,,,,,,,,,,,,,,
md_knapsack,fdfl-scal,55,1,0.5,10,train,1.0,0.5,0.0004975124378109454,0.0,3.6227926268388826,0.1692201161615876,1986.1446220089001,1.1059118030617567,0.4501749422620043,79.28990698898956,0.0394477149198953,0.39060093587453937,-0.4291932282904503,-0.3301390318333093,17,2252.625999999964,0,0,0,cpu,856.3886237398643,0.10095329502974752,9.298131715163533,0.00011788257367184852,1.4116850703722212,0.0,0.0,,,,,,,,,,,,,,,,
md_knapsack,fdfl-scal,55,1,0.5,15,train,1.0,0.5,0.0004962779156327543,0.0,3.411281907170059,0.19909134097840964,3488.6968370891304,1.119946954580818,0.5333548151518358,93.76332607160118,0.046532668025608515,0.22413277409912347,-0.6368361286557787,-0.27997013956325517,17,2313.8386999999057,0,0,0,cpu,1367.3391078882119,0.1071547963500544,12.104418352288821,7.836738942949545e-05,1.4571785798346621,0.0,0.0,,,,,,,,,,,,,,,,
md_knapsack,fdfl-scal,55,1,0.5,20,train,1.0,0.5,0.0004950495049504951,0.0,3.2168980952707225,0.2376599088721349,1560.6917655243628,1.0735343370929749,0.6283544873688621,65.7045890629511,0.032527024288589675,0.3325348733332284,-0.10315340715066978,-0.1662042883114253,17,2334.5524999999725,0,0,0,cpu,707.9828113491864,0.11144933511980991,8.882804377060245,0.0001574181368999955,1.4280909500953731,0.0,0.0,,,,,,,,,,,,,,,,
md_knapsack,fdfl-scal,55,1,0.5,25,train,1.0,0.5,0.0004938271604938272,0.0,3.027943419146665,0.2658049471885752,4161.113579303758,1.0357093288603005,0.7189415934359245,68.0191873301296,0.0335897221383356,-0.24231327623650917,0.6614355267490357,0.02560108886583433,17,2285.9639999996944,0,0,0,cpu,989.1364979342242,0.11446503461470744,10.640561238708768,0.00011572218278646428,1.4114799151577577,0.0,0.0,,,,,,,,,,,,,,,,
md_knapsack,fdfl-scal,55,2,1.0,0,train,1.0,1.0,0.0005,0.0,4.055100309426248,0.11766178368983296,2126.8597007530434,0.9803117506255139,0.3306844790799317,79.76213339130555,0.039881066695652785,0.04156163815914252,-0.10582280378690362,-0.4103593208132254,17,2327.8989000000365,0,0,0,cpu,1216.7709874883383,0.0841058920842871,10.116205284838067,6.912220372536882e-05,1.501304655859925,0.0,0.0,,,,,,,,,,,,,,,,
md_knapsack,fdfl-scal,55,2,1.0,5,train,1.0,1.0,0.0004987531172069826,0.0,3.8362385150178957,0.1471758389500684,2029.5946295166416,1.0532536547355473,0.38467542940763083,85.36358523109836,0.04257535422997426,0.4147600074253617,0.35293457712328913,-0.37332035659149015,17,2321.422700000312,0,0,0,cpu,1088.6310376512768,0.09303429495389656,10.063797546295104,8.545989571877191e-05,1.4379265443891638,0.0,0.0,,,,,,,,,,,,,,,,
md_knapsack,fdfl-scal,55,2,1.0,10,train,1.0,1.0,0.0004975124378109454,0.0,3.6266182430856255,0.17252315554140304,4082.762043978362,1.1198854238586384,0.45357800220000216,94.07970050833987,0.0468058211484278,0.028879377020711163,-0.5870770716342173,-0.33988817970749957,17,2316.189900000154,0,0,0,cpu,1400.782383776861,0.10039817801136727,11.859004980250944,7.167293019538736e-05,1.460161674253832,0.0,0.0,,,,,,,,,,,,,,,,
md_knapsack,fdfl-scal,55,2,1.0,15,train,1.0,1.0,0.0004962779156327543,0.0,3.3823099449930925,0.21243083346658195,2107.977728934594,1.1294693548403438,0.5546786318463411,58.903245149140794,0.029232379726620742,-0.23154013669721266,0.5090001588363263,-0.2663041321704241,17,2315.2875999999196,0,0,0,cpu,654.6100087834734,0.10732476741665822,8.38187729218836,0.00016395222495316022,1.4596051756611748,0.0,0.0,,,,,,,,,,,,,,,,
md_knapsack,fdfl-scal,55,2,1.0,20,train,1.0,1.0,0.0004950495049504951,0.0,3.182387163494033,0.23030186323325283,3640.956781144695,1.1346321794182852,0.6318009842380659,90.26793781668641,0.04468709792905266,0.17281165282744415,-0.7070217800615085,-0.18843833169858232,17,2297.401499999978,0,0,0,cpu,1180.8143424680056,0.11076432483707224,11.436437531040864,9.380333626839685e-05,1.41490063525281,0.0,0.0,,,,,,,,,,,,,,,,
md_knapsack,fdfl-scal,55,2,1.0,25,train,1.0,1.0,0.0004938271604938272,0.0,2.9810548735196094,0.256513577534025,3141.744891068736,1.1154027249815233,0.7167244392609887,70.17549911706162,0.03465456746521561,0.015386487949076703,-0.38246240612443744,-0.02079128971904672,17,2325.143200000184,0,0,0,cpu,814.0644704505514,0.11276699272386394,9.581210895082807,0.0001385234177600848,1.4548914106886837,0.0,0.0,,,,,,,,,,,,,,,,
md_knapsack,fdfl-scal,55,3,2.0,0,train,1.0,2.0,0.0005,0.0,4.055100309426248,0.11766178368983296,2200.1123371365543,0.9803117506255139,0.3306844790799317,74.98416567726802,0.03749208283863401,-0.6659774681063064,0.46960498657236305,-0.4103593208132254,17,2338.386999999784,0,0,0,cpu,1219.2713860227595,0.0841058920842871,10.126594077689171,6.898045262805597e-05,1.4188353955513067,0.0,0.0,,,,,,,,,,,,,,,,
md_knapsack,fdfl-scal,55,3,2.0,5,train,1.0,2.0,0.0004987531172069826,0.0,3.8516612665873557,0.13865819663124354,5207.83976927732,1.0466475152178498,0.3754193199315531,124.6775901603712,0.06218333673833974,0.8346151108725175,-0.4828481415267216,-0.3757035877359073,17,2276.862500000334,0,0,0,cpu,2065.3481117548235,0.09250752846353937,13.822454530049162,4.479028398991796e-05,1.4920002457110164,0.0,0.0,,,,,,,,,,,,,,,,
md_knapsack,fdfl-scal,55,3,2.0,10,train,1.0,2.0,0.0004975124378109454,0.0,3.5975539056388866,0.18132772642454836,1742.2198624250275,1.114078838644487,0.46594834093806886,86.0731873856817,0.04282248128640881,0.24658126371856953,-0.29498290049550935,-0.34207651316746907,17,2341.1144000001514,0,0,0,cpu,1166.6854509426578,0.10139219912933416,10.876249517332479,8.690619999367555e-05,1.4409104524049987,0.0,0.0,,,,,,,,,,,,,,,,
md_knapsack,fdfl-scal,55,3,2.0,15,train,1.0,2.0,0.0004962779156327543,0.0,3.3743272090790333,0.2061809557976542,2150.26096908085,1.1241276427892828,0.5506139285584823,77.63765880036767,0.038529855484053445,0.23443047732811345,-0.6749812523034306,-0.28588470262926635,17,2361.6366999999627,0,0,0,cpu,934.3048040195905,0.10774427412443191,10.033244386541195,0.00011532026129041795,1.4390657459584153,0.0,0.0,,,,,,,,,,,,,,,,
md_knapsack,fdfl-scal,55,3,2.0,20,train,1.0,2.0,0.0004950495049504951,0.0,3.15274064209101,0.2414735288632416,1233.464061408546,1.0534980379773458,0.6551716035055786,48.839106686590156,0.024177775587420857,-0.034561001987932397,0.29070106047509636,-0.16032187104941414,17,2428.5131999999976,0,0,0,cpu,471.71628257735046,0.11276721921779538,7.293430841929166,0.00023905729647842757,1.4332562535828821,0.0,0.0,,,,,,,,,,,,,,,,
md_knapsack,fdfl-scal,55,3,2.0,25,train,1.0,2.0,0.0004938271604938272,0.0,2.990895271590548,0.25487734554695957,2374.1899308504503,1.0613864762419085,0.7180571657330845,75.37466789998163,0.037222058222213146,0.31622208081295944,0.2870846895188749,-0.03586369718923836,17,2411.1038000000917,0,0,0,cpu,963.333153514158,0.11425738539343505,10.491326292864038,0.00011860630455479888,1.4400076543965465,0.0,0.0,,,,,,,,,,,,,,,,
md_knapsack,fplg,55,0,0.0,0,train,1.0,0.0,0.0005,0.0,4.055100309426248,0.11766178368983296,2553.4904054949325,0.9803117506255139,0.3306844790799317,92.59334970826366,0.04629667485413182,0.056798293899762764,0.3395163572752059,-0.4103593208132254,17,2390.6903000001876,0,0,0,cpu,1543.4471223955907,0.0841058920842871,11.393550680714377,5.449224068897547e-05,1.4600029060316553,0.0,0.0,,,,,,,,,,,,,,,,
md_knapsack,fplg,55,0,0.0,5,train,0.4082482904638631,0.0,0.0004987531172069826,0.0,3.8927641893373175,0.14352506465664008,2423.1961722525148,1.0335437708288393,0.3728237843635464,49.838601193877565,0.024857157702682077,-0.030619935829267874,-0.2953637694950267,-0.382013573436181,17,2398.6925999997766,0,0,0,cpu,1313.7746599122963,0.09072357613070332,10.917432636711897,6.905565992326246e-05,1.0844290254358264,0.0,0.0,,,,,,,,,,,,,,,,
md_knapsack,fplg,55,0,0.0,10,train,0.30151134457776363,0.0,0.0004975124378109454,0.0,3.7986614812836677,0.15972171727390588,3683.3285107748125,1.076815372943382,0.40340612496346023,62.51579464717746,0.031102385396605696,0.8776452960435364,-0.37761292644392275,-0.37564089536296014,17,2367.341899999701,0,0,0,cpu,1345.674658991199,0.09408402834851645,11.251955064094782,6.991588027603021e-05,1.0796199153830477,0.0,0.0,,,,,,,,,,,,,,,,
md_knapsack,fplg,55,0,0.0,15,train,0.25,0.0,0.0004962779156327543,0.0,3.689428909399809,0.17237379844924988,3788.30100940466,1.108768140095626,0.4362999560963694,53.747732521283886,0.02667381266564957,0.44761590081158537,0.229760795512396,-0.366317881792024,17,2305.59489999996,0,0,0,cpu,1811.1338571675985,0.09796320741079621,13.320078141603554,5.4089435202762544e-05,1.0420450012116813,0.0,0.0,,,,,,,,,,,,,,,,
md_knapsack,fplg,55,0,0.0,20,train,0.2182178902359924,0.0,0.0004950495049504951,0.0,3.609991163845002,0.17419693762469468,2524.6351910194053,1.128028168455398,0.4585804192189933,37.054401047805825,0.01834376289495337,0.16477952258826248,-0.7588400323503242,-0.36257326891680763,17,2304.827099999784,0,0,0,cpu,890.6405123116086,0.1006149033828229,9.466346132223372,0.00011296915196646786,1.0316130147551528,0.0,0.0,,,,,,,,,,,,,,,,
md_knapsack,fplg,55,0,0.0,25,train,0.19611613513818404,0.0,0.0004938271604938272,0.0,3.5237108842605678,0.20589145622897137,2819.0876362515914,1.1351880889537327,0.5032111943854993,43.05427433683728,0.021261370042882616,0.5179729032245367,-0.7560833114135115,-0.3324068863049642,17,2296.812200000204,0,0,0,cpu,987.8380021354504,0.1029090005401625,10.08253051050926,0.00010417598869217405,1.0266664496682785,0.0,0.0,,,,,,,,,,,,,,,,
md_knapsack,fplg,55,1,0.5,0,train,1.0,0.5,0.0005,0.0,3.447465052588545,0.22735482050939082,3791.3235708690645,1.1320018512325978,0.5432681978363332,84.46864043757002,0.042234320218785,-0.11256121807290517,-0.3405991684918626,-0.29528130427647403,17,2303.9659000005486,0,0,0,cpu,1292.2013887748103,0.10477094413699022,11.63551286007913,8.107942387860138e-05,1.4958261158235873,0.0,0.0,,,,,,,,,,,,,,,,
md_knapsack,fplg,55,1,0.5,5,train,0.4082482904638631,0.5,0.0004987531172069826,0.0,3.2782702570380398,0.23678987712300262,2115.8294204047684,1.1360843497923347,0.6053221431981345,42.55369488678525,0.021223787973458967,0.035678628999314746,-0.6179704457954321,-0.2528976196546082,17,2327.0386999993207,0,0,0,cpu,653.3487564861009,0.10843583988878483,8.417031611551872,0.00016596930630431475,1.0749311959792918,0.0,0.0,,,,,,,,,,,,,,,,
md_knapsack,fplg,55,1,0.5,10,train,0.30151134457776363,0.5,0.0004975124378109454,0.0,3.166552400871277,0.24853854841564918,3169.109351531086,1.1209017052432948,0.6502189505658114,50.18124111929847,0.02496579160164102,0.3430165864993699,0.3140366954439944,-0.19086143980282497,17,2339.2823000003773,0,0,0,cpu,1012.3178297522103,0.11033975568619464,10.568770127675105,0.00010899714738127552,1.0695154477953561,0.0,0.0,,,,,,,,,,,,,,,,
md_knapsack,fplg,55,1,0.5,15,train,0.25,0.5,0.0004962779156327543,0.0,3.090188070511754,0.2647200547637675,3451.2823538905136,1.127586720625646,0.6828755287733599,45.88711903489956,0.022772763789032046,0.06363582637017652,0.2627412687889814,-0.11993021012362204,17,2317.8960000004736,0,0,0,cpu,914.270252601793,0.11070050524148176,10.060326977304248,0.000121080725230264,1.0284945778171293,0.0,0.0,,,,,,,,,,,,,,,,
md_knapsack,fplg,55,1,0.5,20,train,0.2182178902359924,0.5,0.0004950495049504951,0.0,3.0181759165387505,0.28590714941112066,2719.022616970704,1.114500847661089,0.7187072448163541,38.284121815921175,0.018952535552436228,0.13145969440080443,0.07105393303802596,-0.030800354000307714,17,2356.0004999999364,0,0,0,cpu,1041.9202575055217,0.11089791431992276,10.749268972587819,0.00010643608617940231,1.0175362350860897,0.0,0.0,,,,,,,,,,,,,,,,
md_knapsack,fplg,55,1,0.5,25,train,0.19611613513818404,0.5,0.0004938271604938272,0.0,2.9463671945388206,0.27715108367447844,4159.998866833784,1.1378766318182532,0.7319963150091056,55.7285355927997,0.02752026449027146,0.6886038132610602,-0.33081057795127833,-0.026449278195016995,17,2330.490700000155,0,0,0,cpu,1246.681106230144,0.11121278952841243,11.774841123183844,8.920708669814553e-05,1.0417297862060306,0.0,0.0,,,,,,,,,,,,,,,,
md_knapsack,fplg,55,2,1.0,0,train,1.0,1.0,0.0005,0.0,2.879495495216251,0.28444443058240215,3393.2467355506924,1.1273387206597647,0.7568206669093483,63.220139534862945,0.031610069767431456,-0.2545342558462412,0.12810509361442335,0.01814134417502911,17,2287.9966000000422,0,0,0,cpu,696.3794078161721,0.11146996558477491,8.810527147862077,0.0001600707377812073,1.401590100203974,0.0,0.0,,,,,,,,,,,,,,,,
md_knapsack,fplg,55,2,1.0,5,train,0.4082482904638631,1.0,0.0004987531172069826,0.0,2.729546043994168,0.28837826943863276,3244.7151846825795,1.1187553923016136,0.8016351660449528,57.50809996290298,0.028682344121148604,0.30618530724851917,0.6040274068678709,0.17038109618036223,17,2349.0363999999317,0,0,0,cpu,1171.1655527199678,0.11229114701798132,11.467847368310814,9.587982395587992e-05,1.1191332140498451,0.0,0.0,,,,,,,,,,,,,,,,
md_knapsack,fplg,55,2,1.0,10,train,0.30151134457776363,1.0,0.0004975124378109454,0.0,2.5969081439110977,0.26800352754677337,1615.9570954638675,1.1335979645286853,0.8197898234392955,39.30468000586668,0.01955456716709785,0.5507861797069666,0.16265521961695942,0.15598841678466394,17,2306.9212999998854,0,0,0,cpu,625.1554537996485,0.1116944667022702,8.356219541046505,0.00017866670765391156,1.0620905956095996,0.0,0.0,,,,,,,,,,,,,,,,
md_knapsack,fplg,55,2,1.0,15,train,0.25,1.0,0.0004962779156327543,0.0,2.526857447973479,0.23998691636934696,4506.8489021055875,1.1670698450336647,0.8167928012982182,53.510998785413754,0.026556326940651995,0.0427549221074459,-0.7481475635932571,0.026546609755673575,17,2299.1321999998036,0,0,0,cpu,981.8244714448674,0.11096833048771002,10.43797980589229,0.0001130225755367529,1.0408802168809772,0.0,0.0,,,,,,,,,,,,,,,,
md_knapsack,fplg,55,2,1.0,20,train,0.2182178902359924,1.0,0.0004950495049504951,0.0,2.4462458451570894,0.2333191634561778,2819.017495385103,1.1830951050369023,0.8233262712765109,44.663223017908976,0.022110506444509393,0.3276121496778967,-0.19648549594328502,0.0914030989220585,17,2308.6875999997574,0,0,0,cpu,709.7161733078918,0.10961049229414548,8.81999655019179,0.0001544427144491659,1.0328510100019945,0.0,0.0,,,,,,,,,,,,,,,,
md_knapsack,fplg,55,2,1.0,25,train,0.19611613513818404,1.0,0.0004938271604938272,0.0,2.37106876657325,0.2397637147237351,3177.84390804109,1.1671216908653128,0.8366846705717842,47.78736549654376,0.023598699010638904,0.3088494730598562,0.7133704145313464,0.18231283458383524,17,2338.183100000606,0,0,0,cpu,675.5230168725853,0.1086206411467408,8.565964230726207,0.00016079487809255274,1.036903105793418,0.0,0.0,,,,,,,,,,,,,,,,
md_knapsack,fplg,55,3,2.0,0,train,1.0,2.0,0.0005,0.0,2.3020464536301244,0.19805194882855448,3408.7498933383213,1.1976422823393031,0.8246993106346917,84.18756884437519,0.04209378442218758,-0.11652527369725385,-0.411354033850707,-0.043918148220745544,17,2344.2785999995976,0,0,0,cpu,1167.3407678362914,0.10799024617925512,11.227707552912207,9.250961600477551e-05,1.480817402561575,0.0,0.0,,,,,,,,,,,,,,,,
md_knapsack,fplg,55,3,2.0,5,train,0.4082482904638631,2.0,0.0004987531172069826,0.0,2.1395334064077027,0.20924669354941838,5567.486485171678,1.0996368995967887,0.848484830847947,75.95587244679356,0.03788322815301425,0.30181253641548805,-0.5110066334239755,0.2536381327506518,17,2330.226899999616,0,0,0,cpu,851.8466919155206,0.10495057880853338,9.455252686875603,0.00012320359966713534,1.0926422371547977,0.0,0.0,,,,,,,,,,,,,,,,
md_knapsack,fplg,55,3,2.0,10,train,0.30151134457776363,2.0,0.0004975124378109454,0.0,2.0524983171169393,0.1946945110522921,5335.798721914118,1.0659267608971956,0.848506052373375,67.63188672313952,0.03364770483738283,0.21483927339785264,-0.4479395596486,0.2740749179404559,17,2365.5502000001434,0,0,0,cpu,789.5064424009862,0.10325281585609816,9.028774186700662,0.00013078147347612978,1.064425200278509,0.0,0.0,,,,,,,,,,,,,,,,
md_knapsack,fplg,55,3,2.0,15,train,0.25,2.0,0.0004962779156327543,0.0,1.9632392862275514,0.17683997086222605,5447.05107644877,0.9910545288841583,0.8608262512787923,55.09435787609264,0.027342113089872278,-0.09946257776037014,-0.7168768987892443,0.28191880955266485,17,2356.8630999998277,0,0,0,cpu,1007.9749751772264,0.10149612950992484,10.11462103211737,0.00010069310450101142,1.0295905916190085,0.0,0.0,,,,,,,,,,,,,,,,
md_knapsack,fplg,55,3,2.0,20,train,0.2182178902359924,2.0,0.0004950495049504951,0.0,1.9141104829151352,0.16487522928807843,3888.582006553135,1.005520301649226,0.8486135960232709,50.09857598570547,0.02480127524044823,0.1529901883538332,0.6215119914782423,0.35030173041409385,17,2321.436000000176,0,0,0,cpu,797.1256457660422,0.09986685288908205,8.922243529507131,0.00012528370329009984,1.0297471048971676,0.0,0.0,,,,,,,,,,,,,,,,
md_knapsack,fplg,55,3,2.0,25,train,0.19611613513818404,2.0,0.0004938271604938272,0.0,1.8591427043303743,0.1484261603313695,3631.319027788103,0.9968778072004415,0.8363310333451828,41.123296640055884,0.020307800809904155,-0.049318694814396415,-0.14476699129905146,0.3498505261717069,17,2190.5699999997523,0,0,0,cpu,873.8662779622199,0.09830620564308118,9.268574756989768,0.00011249570800731972,1.0198837977798614,0.0,0.0,,,,,,,,,,,,,,,,
md_knapsack,pcgrad,55,0,0.0,0,train,1.0,0.0,0.0005,0.0,4.055100309426248,0.11766178368983296,1981.810640943143,0.9803117506255139,0.3306844790799317,1325.7466112283896,0.6628733056141949,0.3864677526605584,-0.49872083839396725,-0.4103593208132254,17,2197.3841999997603,0,0,0,cpu,,,,,,0.0,0.0,1981.810640943143,0.3306844790799317,0.9803117506255139,-0.49872083839396725,0.3864677526605584,-0.4103593208132254,0.5071905790650697,0.258536760662457,4.0,0.6666666666666666,1.0,pcgrad,,,,
md_knapsack,pcgrad,55,0,0.0,5,train,1.0,0.0,0.0004987531172069826,0.0,8.689850087278918,0.8642181678473764,328637406324.7811,19.747708618436878,3.328039323568501,193464975722.94208,4.987531172069827,-0.7745259363476126,-0.7748221557036786,0.9508401099294882,17,2652.5885000000926,0,0,2,cpu,,,,,,0.0,0.0,328637406324.7811,3.328039323568501,19.747708618436878,-0.7748221557036786,-0.7745259363476126,0.9508401099294882,0.20971951223502863,3.328039323568501,4.0,0.6666666666666666,1.0,pcgrad,,,,
md_knapsack,pcgrad,55,0,0.0,10,train,1.0,0.0,0.0004975124378109454,0.0,4.191658881380652,0.47429253183237025,592802912952.3536,2.0786834354359955,1.9567917188909079,301676060256.35315,4.975124378109453,0.14115482419996717,-0.18655841834484282,-0.8414326631660503,17,2910.2500999997574,0,0,7,cpu,,,,,,0.0,0.0,592802912952.3536,1.9567917188909079,2.0786834354359955,-0.18655841834484282,0.14115482419996717,-0.8414326631660503,0.6972125051499346,0.5711433492050069,4.0,0.6666666666666666,1.0,pcgrad,,,,
md_knapsack,pcgrad,55,0,0.0,15,train,1.0,0.0,0.0004962779156327543,0.0,4.825880201899595,0.030855723161023724,3547888826044.587,0.9136207613348917,0.4436506074055007,2267599515662.3784,4.962779156327544,-0.2112296029682408,-0.3152849194376051,0.0764108861099927,17,3039.5910999995976,0,0,12,cpu,,,,,,0.0,0.0,3547888826044.587,0.4436506074055007,0.9136207613348917,-0.3152849194376051,-0.2112296029682408,0.0764108861099927,0.4490750831910021,0.4113713238829156,4.0,0.6666666666666666,1.0,pcgrad,,,,
md_knapsack,pcgrad,55,0,0.0,20,train,1.0,0.0,0.0004950495049504951,0.0,4.420775972975564,0.04222398314860517,131866284306.8972,3.1165437859548004,0.8956439868191524,102442744280.6481,4.95049504950495,0.18925419864266185,0.24219835250310195,0.7844074815027663,17,2549.6808999996574,0,0,17,cpu,,,,,,0.0,0.0,131866284306.8972,0.8956439868191524,3.1165437859548004,0.24219835250310195,0.18925419864266185,0.7844074815027663,0.6141978149598203,0.8956439868191524,0.0,0.0,1.0,pcgrad,,,,
md_knapsack,pcgrad,55,0,0.0,25,train,1.0,0.0,0.0004938271604938272,0.0,3.96295536390986,0.02204927369927603,156923570502.42712,0.4719301244024251,0.24179798887837106,126722771212.22285,4.938271604938271,0.462964139197428,0.33918806484614134,0.632424562028648,17,2602.0237000002453,0,0,22,cpu,,,,,,0.0,0.0,156923570502.42712,0.24179798887837106,0.4719301244024251,0.33918806484614134,0.462964139197428,0.632424562028648,0.7438814554111302,0.24179798887837106,0.0,0.0,1.0,pcgrad,,,,
md_knapsack,mgda,55,0,0.0,0,train,1.0,0.0,0.0005,0.0,4.055100309426248,0.11766178368983296,2366.0807724891292,0.9803117506255139,0.3306844790799317,0.25572036803218745,0.0001278601840151201,0.35798873699309325,-0.10976606804015117,-0.4103593208132254,17,2147.1951000003173,0,0,0,cpu,,,,,,0.0,0.0,2366.0807724891292,0.3306844790799317,0.9803117506255139,-0.10976606804015117,0.35798873699309325,-0.4103593208132254,0.13269841289953613,0.258536760662457,,,,mgda,0.0,0.818634712393569,0.18136528760543094,0.25572036803218745
md_knapsack,mgda,55,0,0.0,5,train,1.0,0.0,0.0004987531172069826,0.0,900.4438637472961,87.97678663421152,205756696395168.2,920.1996078528666,125.45173604372927,68585565464856.1,4.987531172069827,-0.6000897163620977,-0.38018258725410786,0.7482764706925015,17,9650.110499999755,0,0,2,cpu,,,,,,0.0,0.0,205756696395168.2,125.45173604372927,920.1996078528666,-0.38018258725410786,-0.6000897163620977,0.7482764706925015,1.0,125.45173604372927,,,,mgda,0.3333333333333333,0.3333333333333333,0.3333333333333333,68585565464856.1
md_knapsack,mgda,55,0,0.0,10,train,1.0,0.0,0.0004975124378109454,0.0,420.9955544377808,27.745661383651047,106307.51138914369,701.8769025632698,90.77216310219488,35210.379797311914,4.9751243779681555,-0.8921576968203673,-0.5598769677975767,0.7175637967483872,17,2225.3688000000693,0,0,5,cpu,,,,,,0.0,0.0,106307.51138914369,90.77216310219488,701.8769025632698,-0.5598769677975767,-0.8921576968203673,0.7175637967483872,0.9999939967790171,90.77216310219488,,,,mgda,0.3333333333333333,0.3333333333333333,0.3333333333333333,35210.379797311914
md_knapsack,mgda,55,0,0.0,15,train,1.0,0.0,0.0004962779156327543,0.0,176989.1604965215,30226.40418575093,236481.88992331672,73857.872605105,14076.035318841687,101279.99254088198,4.962779156278543,0.7097148794630252,0.6218902226913892,0.8704530982580156,17,2186.5508000000773,0,0,5,cpu,,,,,,0.0,0.0,236481.88992331672,14076.035318841687,73857.872605105,0.6218902226913892,0.7097148794630252,0.8704530982580156,0.9796395857603754,14076.035318841687,,,,mgda,0.3333333333333333,0.3333333333333333,0.3333333333333333,101279.99254088198
md_knapsack,mgda,55,0,0.0,20,train,1.0,0.0,0.0004950495049504951,0.0,53.20681525995151,6.1018671017324015,7272.191634989317,97.53423924054367,18.23474112631779,2407.951807003978,1.1920553500019693,-0.4117536798393412,-0.48611199861209575,0.7021068114294956,17,2132.112700000107,0,0,5,cpu,,,,,,0.0,0.0,7272.191634989317,18.23474112631779,97.53423924054367,-0.48611199861209575,-0.4117536798393412,0.7021068114294956,0.9999047607737893,18.23474112631779,,,,mgda,0.33333333333299997,0.33333333333299997,0.33333333333299997,2407.951807003978
md_knapsack,mgda,55,0,0.0,25,train,1.0,0.0,0.0004938271604938272,0.0,488.24666757829624,64.96730664637401,4372.8872620312,714.3217063112743,109.02852108200173,109.02852108189269,0.05384124497871247,0.36657347719071876,0.20141165076209971,0.9113805604703586,17,2136.341400000674,0,0,5,cpu,,,,,,0.0,0.0,4372.8872620312,109.02852108200173,714.3217063112743,0.20141165076209971,0.36657347719071876,0.9113805604703586,0.20141165076209974,109.02852108200173,,,,mgda,0.0,0.9999999999989999,0.0,109.02852108189269
