task,method,seed,stage_idx,lambda,early_stop_enabled,early_stop_applied,early_stop_step,early_stop_metric,train_regret,train_fairness,train_pred_mse,val_regret,val_fairness,val_pred_mse,test_regret,test_fairness,test_pred_mse,stage_wallclock_sec,solver_calls_train,solver_calls_eval,decision_ms_train,decision_ms_eval,nan_or_inf_steps,exploding_steps,avg_grad_norm_combined,grad_norm_min,grad_norm_median,grad_norm_max,avg_cos_dec_pred,avg_cos_dec_fair,avg_cos_pred_fair,weight_norm,device,val_regret_normalized,test_regret_normalized,train_regret_normalized,val_regret_normalized_true,test_regret_normalized_true,train_regret_normalized_true,train_decision_ms_eval,train_decision_ms,train_decision_alloc_gap,train_decision_selection_gap,train_decision_welfare_gap,train_group_0_benefit_mean_r0,train_group_0_benefit_std_r0,train_group_0_cost_mean_r0,train_group_0_cost_std_r0,train_group_0_benefit_mean_r1,train_group_0_benefit_std_r1,train_group_0_cost_mean_r1,train_group_0_cost_std_r1,train_group_0_decision_mean_r0,train_group_0_decision_mean_r1,train_group_1_benefit_mean_r0,train_group_1_benefit_std_r0,train_group_1_cost_mean_r0,train_group_1_cost_std_r0,train_group_1_benefit_mean_r1,train_group_1_benefit_std_r1,train_group_1_cost_mean_r1,train_group_1_cost_std_r1,train_group_1_decision_mean_r0,train_group_1_decision_mean_r1,val_decision_ms_eval,val_decision_ms,val_decision_alloc_gap,val_decision_selection_gap,val_decision_welfare_gap,val_group_0_benefit_mean_r0,val_group_0_benefit_std_r0,val_group_0_cost_mean_r0,val_group_0_cost_std_r0,val_group_0_benefit_mean_r1,val_group_0_benefit_std_r1,val_group_0_cost_mean_r1,val_group_0_cost_std_r1,val_group_0_decision_mean_r0,val_group_0_decision_mean_r1,val_group_1_benefit_mean_r0,val_group_1_benefit_std_r0,val_group_1_cost_mean_r0,val_group_1_cost_std_r0,val_group_1_benefit_mean_r1,val_group_1_benefit_std_r1,val_group_1_cost_mean_r1,val_group_1_cost_std_r1,val_group_1_decision_mean_r0,val_group_1_decision_mean_r1,test_decision_ms_eval,test_decision_ms,test_decision_alloc_gap,test_decision_selection_gap,test_decision_welfare_gap,test_group_0_benefit_mean_r0,test_group_0_benefit_std_r0,test_group_0_cost_mean_r0,test_group_0_cost_std_r0,test_group_0_benefit_mean_r1,test_group_0_benefit_std_r1,test_group_0_cost_mean_r1,test_group_0_cost_std_r1,test_group_0_decision_mean_r0,test_group_0_decision_mean_r1,test_group_1_benefit_mean_r0,test_group_1_benefit_std_r0,test_group_1_cost_mean_r0,test_group_1_cost_std_r0,test_group_1_benefit_mean_r1,test_group_1_benefit_std_r1,test_group_1_cost_mean_r1,test_group_1_cost_std_r1,test_group_1_decision_mean_r0,test_group_1_decision_mean_r1,cumulative_wallclock_sec
md_knapsack,fpto,55,0,0.0,0,0,30,,2910.3953786868515,0.11964403496766363,4.040728528629196,133.28684054183827,3.7640232018503497,9.927914712284513,388.84524477831883,1.5096023050547946,5.550057854814781,0.05231559999992896,0,6.0,0.0,345.2674999998635,0,0,0.9823294518120911,0.9803117506255139,0.9824051118564803,0.9851097764507785,0.0,0.0,-0.40813004435198047,4.861636316798093,cpu,0.12037393417702356,0.2027757608308761,0.20411423589720024,0.27369342236496325,0.5087044544544649,0.5129234498307119,286.82579999986046,286.82579999986046,0.0034354076926038646,0.006666666666666667,0.1068888050479434,1.518719278024647,1.8162782628275898,1.007034543105429,0.21588838062044266,1.5824997221010217,1.7888717023012572,0.9813440468746001,0.19261141715740732,0.3577376389036038,0.3609177911027166,1.5697829675773418,2.3244797511991675,0.9976968361541384,0.19397453450769755,0.9473715990580008,1.466934910292863,1.0091270066032751,0.19765030600043262,0.35755464530717784,0.3542299693139349,28.375299999879644,28.375299999879644,0.017105783746680703,0.05,0.3985368283777009,3.8535335194652847,3.367549689592585,1.0472025299260168,0.17032334625236514,1.398962311387416,2.323739703576465,1.0751176899533141,0.10191632769166978,0.35269182900602325,0.34536695998443034,2.8427190215485822,2.6909414316214693,0.9831718205331196,0.16313337378069784,0.13333514954454903,0.12912119594429408,0.9851443104054669,0.28435406119489304,0.3576245434200884,0.37464581306372663,30.066400000123394,30.066400000123394,0.007251842619125759,0.0,0.17503626474926837,1.5007359641064044,2.130339290161463,1.005832986080987,0.24067390877891268,2.069127292078624,2.713986971269821,1.0112963397431336,0.1867508774573924,0.36675978901569545,0.35628932906543426,1.0841467190940066,1.9657598574154087,1.0745673108288627,0.1985592613737706,1.5111513475042602,1.8873285334122039,1.000532585381814,0.19340195174663227,0.3515180205424142,0.3570274123004641,0.05231559999992896
md_knapsack,fpto,55,1,0.5,0,0,30,,2910.90997323784,0.11882156108121684,4.041720194017257,133.30149756459866,3.7652741595063857,9.926802879153067,388.88080236539054,1.5104076881649784,5.552402723227103,0.05636460000005172,0,6.0,0.0,333.8983999992706,0,0,0.9270694588221975,0.9248358833463164,0.927398671546944,0.9293195733280182,0.0,0.0,-0.40789871018384777,4.861612774197365,cpu,0.1203855776699879,0.20279054319757145,0.2041429583516789,0.27372351934006345,0.5087509724540442,0.5130141411554336,281.46639999977197,281.46639999977197,0.003447988594264151,0.006666666666666667,0.10692766251760605,1.518719278024647,1.8162782628275898,1.007034543105429,0.21588838062044266,1.5824997221010217,1.7888717023012572,0.9813440468746001,0.19261141715740732,0.35773976949885256,0.36092813476036656,1.5697829675773418,2.3244797511991675,0.9976968361541384,0.19397453450769755,0.9473715990580008,1.466934910292863,1.0091270066032751,0.19765030600043262,0.35755198954327405,0.35421993752741676,22.06469999964611,22.06469999964611,0.017093362443024063,0.05,0.39860568066270285,3.8535335194652847,3.367549689592585,1.0472025299260168,0.17032334625236514,1.398962311387416,2.323739703576465,1.0751176899533141,0.10191632769166978,0.35270460014900584,0.3453652834308784,2.8427190215485822,2.6909414316214693,0.9831718205331196,0.16313337378069784,0.13333514954454903,0.12912119594429408,0.9851443104054669,0.28435406119489304,0.35761507229127015,0.37464153617466245,30.36729999985255,30.36729999985255,0.0072477939516082945,0.0,0.1750659949485437,1.5007359641064044,2.130339290161463,1.005832986080987,0.24067390877891268,2.069127292078624,2.713986971269821,1.0112963397431336,0.1867508774573924,0.3667676595907705,0.3562787624773394,1.0841467190940066,1.9657598574154087,1.0745673108288627,0.1985592613737706,1.5111513475042602,1.8873285334122039,1.000532585381814,0.19340195174663227,0.35151915786613297,0.35703167629876054,0.10868019999998069
md_knapsack,fpto,55,2,1.0,0,0,30,,2911.4226047712127,0.11800250778448051,4.042706372218386,133.31612004833073,3.766515536098577,9.925689988503482,388.91625576576257,1.5112070153119221,5.5547368063479485,0.05063010000003487,0,6.0,0.0,338.9024000007339,0,0,0.8996019088467492,0.8968320947575116,0.8993203848063265,0.9024852391611651,0.0,0.0,-0.4077192360486551,4.861592144913597,cpu,0.12039719341810241,0.202805281704917,0.20417156917776888,0.2737535453921466,0.5087973541519999,0.5131044865210548,294.6123000001535,294.6123000001535,0.003460720655645344,0.006666666666666667,0.10696669871832137,1.518719278024647,1.8162782628275898,1.007034543105429,0.21588838062044266,1.5824997221010217,1.7888717023012572,0.9813440468746001,0.19261141715740732,0.35774197237905875,0.3609385734765231,1.5697829675773418,2.3244797511991675,0.9976968361541384,0.19397453450769755,0.9473715990580008,1.466934910292863,1.0091270066032751,0.19765030600043262,0.35754921808090984,0.3542098864633814,18.533900000420545,18.533900000420545,0.017081083682920162,0.05,0.3986737850850669,3.8535335194652847,3.367549689592585,1.0472025299260168,0.17032334625236514,1.398962311387416,2.323739703576465,1.0751176899533141,0.10191632769166978,0.35271728129829955,0.3453636127154637,2.8427190215485822,2.6909414316214693,0.9831718205331196,0.16313337378069784,0.13333514954454903,0.12912119594429408,0.9851443104054669,0.28435406119489304,0.3576057727845473,0.3746372885950562,25.75620000015988,25.75620000015988,0.007243822702248159,0.0,0.17509553478593465,1.5007359641064044,2.130339290161463,1.005832986080987,0.24067390877891268,2.069127292078624,2.713986971269821,1.0112963397431336,0.1867508774573924,0.36677555181327914,0.3562682607960316,1.0841467190940066,1.9657598574154087,1.0745673108288627,0.1985592613737706,1.5111513475042602,1.8873285334122039,1.000532585381814,0.19340195174663227,0.351520278689941,0.35703588851487345,0.15931030000001556
md_knapsack,fpto,55,3,2.0,0,0,30,,2912.448222804436,0.11637564601203709,4.0446711498471055,133.34515932291583,3.768978538666007,9.923490747677274,388.9877270071877,1.5127933941770588,5.559377497307735,0.05145069999980478,0,6.0,0.0,313.4433000000172,0,0,0.9343133595456611,0.9307571828176043,0.9341047610398634,0.9379902600791473,0.0,0.0,-0.40766854154698906,4.861560804901382,cpu,0.12042026060730504,0.20283499170944083,0.2042288044668016,0.2738131751231229,0.5088908559740398,0.5132852398110243,268.96480000004885,268.96480000004885,0.0034862165822575064,0.006666666666666667,0.10704506169356232,1.518719278024647,1.8162782628275898,1.007034543105429,0.21588838062044266,1.5824997221010217,1.7888717023012572,0.9813440468746001,0.19261141715740732,0.3577463403312414,0.36095948856085985,1.5697829675773418,2.3244797511991675,0.9976968361541384,0.19397453450769755,0.9473715990580008,1.466934910292863,1.0091270066032751,0.19765030600043262,0.3575436537200386,0.35418974200754766,19.113000000288594,19.113000000288594,0.017056653490299667,0.05,0.39880977348027213,3.8535335194652847,3.367549689592585,1.0472025299260168,0.17032334625236514,1.398962311387416,2.323739703576465,1.0751176899533141,0.10191632769166978,0.35274273730737493,0.3453601835241293,2.8427190215485822,2.6909414316214693,0.9831718205331196,0.16313337378069784,0.13333514954454903,0.12912119594429408,0.9851443104054669,0.28435406119489304,0.3575871352140877,0.3746290925980159,25.36549999967974,25.36549999967974,0.007235989790842889,0.0,0.17515507536777802,1.5007359641064044,2.130339290161463,1.005832986080987,0.24067390877891268,2.069127292078624,2.713986971269821,1.0112963397431336,0.1867508774573924,0.36679105463526895,0.35624750322332827,1.0841467190940066,1.9657598574154087,1.0745673108288627,0.1985592613737706,1.5111513475042602,1.8873285334122039,1.000532585381814,0.19340195174663227,0.351522543696308,0.35704403458060346,0.21076099999982034
md_knapsack,saa,55,0,0.0,0,0,0,,2950.6162544629406,0.37606822715482374,3.6319511176394736,132.8302791722931,2.698976368726569,8.181605062035178,394.3747278851838,1.096696466578655,4.961968915548619,1.9999999949504854e-05,0,6.0,0.0,299.13929999975153,0,0,0.0,0.0,0.0,0.0,0.0,0.0,0.0,4.861067122300475,cpu,0.12001108884257222,0.20506796754592582,0.20635295821105765,0.27275591163065166,0.5159383674958768,0.5200119129685252,253.61560000010286,253.61560000010286,0.0019866239019569742,0.0033333333333333335,0.10243796294976576,1.518719278024647,1.8162782628275898,1.007034543105429,0.21588838062044266,1.5824997221010217,1.7888717023012572,0.9813440468746001,0.19261141715740732,0.357428912255394,0.35990188303349424,1.5697829675773418,2.3244797511991675,0.9976968361541384,0.19397453450769755,0.9473715990580008,1.466934910292863,1.0091270066032751,0.19765030600043262,0.35812426459923696,0.35523328288573724,19.700299999840354,19.700299999840354,0.01868636119211292,0.05,0.3844659500108777,3.8535335194652847,3.367549689592585,1.0472025299260168,0.17032334625236514,1.398962311387416,2.323739703576465,1.0751176899533141,0.10191632769166978,0.34959040638805294,0.3458095422504734,2.8427190215485822,2.6909414316214693,0.9831718205331196,0.16313337378069784,0.13333514954454903,0.12912119594429408,0.9851443104054669,0.28435406119489304,0.3604335639912979,0.37233910703145445,25.823399999808316,25.823399999808316,0.006093759664170528,0.0,0.18008738776741212,1.5007359641064044,2.130339290161463,1.005832986080987,0.24067390877891268,2.069127292078624,2.713986971269821,1.0112963397431336,0.1867508774573924,0.3660804788247857,0.355540741218333,1.0841467190940066,1.9657598574154087,1.0745673108288627,0.1985592613737706,1.5111513475042602,1.8873285334122039,1.000532585381814,0.19340195174663227,0.3511489045580679,0.3582847961567098,1.9999999949504854e-05
md_knapsack,wdro,55,0,0.0,0,0,30,,2910.3953786868515,0.11964403496766363,4.040728528629196,133.28684054183827,3.7640232018503497,9.927914712284513,388.84524477831883,1.5096023050547946,5.550057854814781,0.08118319999994128,0,6.0,0.0,337.50359999976354,0,0,0.9823294518120911,0.9803117506255139,0.9824051118564803,0.9851097764507785,0.0,0.0,0.0,4.861636316798093,cpu,0.12037393417702356,0.2027757608308761,0.20411423589720024,0.27369342236496325,0.5087044544544649,0.5129234498307119,283.0533999999716,283.0533999999716,0.0034354076926038646,0.006666666666666667,0.1068888050479434,1.518719278024647,1.8162782628275898,1.007034543105429,0.21588838062044266,1.5824997221010217,1.7888717023012572,0.9813440468746001,0.19261141715740732,0.3577376389036038,0.3609177911027166,1.5697829675773418,2.3244797511991675,0.9976968361541384,0.19397453450769755,0.9473715990580008,1.466934910292863,1.0091270066032751,0.19765030600043262,0.35755464530717784,0.3542299693139349,20.764800000051764,20.764800000051764,0.017105783746680703,0.05,0.3985368283777009,3.8535335194652847,3.367549689592585,1.0472025299260168,0.17032334625236514,1.398962311387416,2.323739703576465,1.0751176899533141,0.10191632769166978,0.35269182900602325,0.34536695998443034,2.8427190215485822,2.6909414316214693,0.9831718205331196,0.16313337378069784,0.13333514954454903,0.12912119594429408,0.9851443104054669,0.28435406119489304,0.3576245434200884,0.37464581306372663,33.685399999740184,33.685399999740184,0.007251842619125759,0.0,0.17503626474926837,1.5007359641064044,2.130339290161463,1.005832986080987,0.24067390877891268,2.069127292078624,2.713986971269821,1.0112963397431336,0.1867508774573924,0.36675978901569545,0.35628932906543426,1.0841467190940066,1.9657598574154087,1.0745673108288627,0.1985592613737706,1.5111513475042602,1.8873285334122039,1.000532585381814,0.19340195174663227,0.3515180205424142,0.3570274123004641,0.08118319999994128
md_knapsack,fdfl,55,0,0.0,0,0,30,,376534702.20311284,0.09822883357464407,5.556616400226225,19999999513.006783,4.547565099475746,12.225869113703732,19999999235.616592,1.8880938026341811,7.330654241758118,236.99518239999998,510,6.0,236919.74259999875,486.6129999995792,0,11,426345199741600.25,1e-06,1e-06,4588309629667095.0,0.0,0.018964982340214206,0.0,18.309222759520885,cpu,0.9999999513006794,0.9999999235616621,0.9999698622145741,41068332.715818234,26164878.796561632,66359.87668525668,296.55019999972865,296.55019999972865,0.4104198206079549,0.0,0.46000463724154583,1.518719278024647,1.8162782628275898,1.007034543105429,0.21588838062044266,1.5824997221010217,1.7888717023012572,0.9813440468746001,0.19261141715740732,1.3762700275288742,6.992061379691124e-06,1.5697829675773418,2.3244797511991675,0.9976968361541384,0.19397453450769755,0.9473715990580008,1.466934910292863,1.0091270066032751,0.19765030600043262,2.230300002256586e-05,2.197094357806141,70.4608000000917,70.4608000000917,0.26080285740934017,0.0,0.12707945730202383,3.8535335194652847,3.367549689592585,1.0472025299260168,0.17032334625236514,1.398962311387416,2.323739703576465,1.0751176899533141,0.10191632769166978,0.96862518219646,0.0,2.8427190215485822,2.6909414316214693,0.9831718205331196,0.16313337378069784,0.13333514954454903,0.12912119594429408,0.9851443104054669,0.28435406119489304,0.0,1.4902308970151403,119.60199999975885,119.60199999975885,0.3334629300366092,0.0,0.38259551623521865,1.5007359641064044,2.130339290161463,1.005832986080987,0.24067390877891268,2.069127292078624,2.713986971269821,1.0112963397431336,0.1867508774573924,2.391354203483343,0.0,1.0841467190940066,1.9657598574154087,1.0745673108288627,0.1985592613737706,1.5111513475042602,1.8873285334122039,1.000532585381814,0.19340195174663227,0.0,1.7244283434101244,236.99518239999998
md_knapsack,fdfl,55,1,0.5,0,0,30,,2815.612908864079,1.336056329250822,6.323754985503845,130.57920471325224,1.8459356214970863,10.160458985478845,369.80215404721866,0.2334469404843434,5.871059453626643,66.34818859999996,510,6.0,66274.13140000045,321.9473000003745,0,1,140820686498.83908,1170.391443427583,4031.528353888395,4224620064800.96,0.0,-0.06642529233918108,0.0,9.715844929586746,cpu,0.11821769559494331,0.19477941529267298,0.19878829169981796,0.2681335177754994,0.4837914454577522,0.49621913818941626,271.8187000000398,271.8187000000398,0.0021961383123341727,0.0,0.08227541846382364,1.518719278024647,1.8162782628275898,1.007034543105429,0.21588838062044266,1.5824997221010217,1.7888717023012572,0.9813440468746001,0.19261141715740732,0.35563713753992404,0.3572877013209262,1.5697829675773418,2.3244797511991675,0.9976968361541384,0.19397453450769755,0.9473715990580008,1.466934910292863,1.0091270066032751,0.19765030600043262,0.3598986130679741,0.35741850241754464,20.917000000281405,20.917000000281405,0.01936699492190519,0.05,0.37279529248171017,3.8535335194652847,3.367549689592585,1.0472025299260168,0.17032334625236514,1.398962311387416,2.323739703576465,1.0751176899533141,0.10191632769166978,0.34653026888407656,0.3496251366347306,2.8427190215485822,2.6909414316214693,0.9831718205331196,0.16313337378069784,0.13333514954454903,0.12912119594429408,0.9851443104054669,0.28435406119489304,0.3615841319366753,0.373305263425942,29.211600000053295,29.211600000053295,0.004742861495026673,0.025,0.09359491318109153,1.5007359641064044,2.130339290161463,1.005832986080987,0.24067390877891268,2.069127292078624,2.713986971269821,1.0112963397431336,0.1867508774573924,0.3601862587552686,0.35173995960490606,1.0841467190940066,1.9657598574154087,1.0745673108288627,0.1985592613737706,1.5111513475042602,1.8873285334122039,1.000532585381814,0.19340195174663227,0.3552716172368096,0.36614032411341846,303.34337099999993
md_knapsack,fdfl,55,2,1.0,0,0,30,,2334729670.3134913,0.12800054335274405,7.269918087053044,45287528.260920025,4.067811509636155,14.586077865399881,120374073.27209684,1.5918013408578346,10.629056031215075,74.94133730000021,510,6.0,74861.9320000007,419.58270000031916,0,15,14225597446944.688,2284.3768158645476,262487403782.2089,87443389907977.88,0.0,-0.02618120546930309,0.0,19.137724676718953,cpu,0.9999784937370866,0.9999873000276553,0.9999951393906296,92994.16618920065,157478.6578893458,411469.04152233654,315.43760000022303,315.43760000022303,0.26884094419370097,0.01,0.17388669938866824,1.518719278024647,1.8162782628275898,1.007034543105429,0.21588838062044266,1.5824997221010217,1.7888717023012572,0.9813440468746001,0.19261141715740732,0.701233979430106,0.25400234768394897,1.5697829675773418,2.3244797511991675,0.9976968361541384,0.19397453450769755,0.9473715990580008,1.466934910292863,1.0091270066032751,0.19765030600043262,0.0036297248590034005,0.4139247138676496,70.35739999992074,70.35739999992074,0.07084901703507479,0.0,0.10286485062145001,3.8535335194652847,3.367549689592585,1.0472025299260168,0.17032334625236514,1.398962311387416,2.323739703576465,1.0751176899533141,0.10191632769166978,0.7062164280562176,0.25900976414140653,2.8427190215485822,2.6909414316214693,0.9831718205331196,0.16313337378069784,0.13333514954454903,0.12912119594429408,0.9851443104054669,0.28435406119489304,0.17975313285094013,0.6437750252765347,33.78770000017539,33.78770000017539,0.9816820514692226,0.05,0.2546798499012636,1.5007359641064044,2.130339290161463,1.005832986080987,0.24067390877891268,2.069127292078624,2.713986971269821,1.0112963397431336,0.1867508774573924,1.2056124195457512,0.7591074502028307,1.0841467190940066,1.9657598574154087,1.0745673108288627,0.1985592613737706,1.5111513475042602,1.8873285334122039,1.000532585381814,0.19340195174663227,0.0005725924353589219,0.0007831743747775966,378.28470830000015
md_knapsack,fdfl,55,3,2.0,0,0,30,,108445984.53859656,137.03422875164853,17403.191806188494,10775162.523780564,12247.836042361525,29433.267982300727,443123.64544269483,6023.107970374094,11897.38057317491,68.74142740000025,510,6.0,68661.87850000097,365.26580000008835,0,8,532127361220.83124,1125.6196098876185,3617.365021539981,7294129909783.996,0.0,-0.01271127531825782,0.0,14.815576176463392,cpu,0.9999096163606158,0.9965618834516223,0.9998953665577172,22125.89851843992,579.7138459011153,19112.347730198202,307.3460000000523,307.3460000000523,0.16165343188312875,0.04999999999999999,0.5111940276882614,1.518719278024647,1.8162782628275898,1.007034543105429,0.21588838062044266,1.5824997221010217,1.7888717023012572,0.9813440468746001,0.19261141715740732,0.125833993776559,0.39623076096206095,1.5697829675773418,2.3244797511991675,0.9976968361541384,0.19397453450769755,0.9473715990580008,1.466934910292863,1.0091270066032751,0.19765030600043262,0.5353432496647362,0.31002836884014123,24.030300000049465,24.030300000049465,0.026804279010703924,0.1,0.12402384927220422,3.8535335194652847,3.367549689592585,1.0472025299260168,0.17032334625236514,1.398962311387416,2.323739703576465,1.0751176899533141,0.10191632769166978,0.14307748870974216,0.48483873759528817,2.8427190215485822,2.6909414316214693,0.9831718205331196,0.16313337378069784,0.13333514954454903,0.12912119594429408,0.9851443104054669,0.28435406119489304,0.45338835162258884,0.22813643270384945,33.88949999998658,33.88949999998658,0.18741301434430277,0.125,0.11510541217427528,1.5007359641064044,2.130339290161463,1.005832986080987,0.24067390877891268,2.069127292078624,2.713986971269821,1.0112963397431336,0.1867508774573924,0.14739204773346534,0.3368890012213721,1.0841467190940066,1.9657598574154087,1.0745673108288627,0.1985592613737706,1.5111513475042602,1.8873285334122039,1.000532585381814,0.19340195174663227,0.49124243267566914,0.3678646449677738,447.0261357000004
md_knapsack,fdfl-0.1,55,0,0.0,0,0,30,,2801.05298087534,0.15244796373937494,3.7763333701701187,129.0405860315983,3.6405757267615035,9.480587627619391,375.0345155359223,1.3702192625165788,5.217623919548778,64.20714749999979,510,6.0,64134.68759999979,337.79399999957604,0,0,28.336042070275248,14.950716120175818,26.88435930274525,47.671275028518636,0.24059123581896072,-0.04221325281919037,-0.3995808957892823,4.887807189445224,cpu,0.116987692431604,0.19699246405234544,0.19796382895486525,0.2649740925015216,0.49063665092795666,0.4936531196518798,285.5657999998584,285.5657999998584,0.0024828717559225444,0.006666666666666667,0.10528081439690212,1.518719278024647,1.8162782628275898,1.007034543105429,0.21588838062044266,1.5824997221010217,1.7888717023012572,0.9813440468746001,0.19261141715740732,0.35787451165785494,0.3599282296561375,1.5697829675773418,2.3244797511991675,0.9976968361541384,0.19397453450769755,0.9473715990580008,1.466934910292863,1.0091270066032751,0.19765030600043262,0.3574365793000764,0.35540041850207094,24.531499999739026,24.531499999739026,0.018190642046514438,0.05,0.3963159366169431,3.8535335194652847,3.367549689592585,1.0472025299260168,0.17032334625236514,1.398962311387416,2.323739703576465,1.0751176899533141,0.10191632769166978,0.35426669061740984,0.343346866128138,2.8427190215485822,2.6909414316214693,0.9831718205331196,0.16313337378069784,0.13333514954454903,0.12912119594429408,0.9851443104054669,0.28435406119489304,0.3559940489691454,0.37800079186943136,27.69669999997859,27.69669999997859,0.007412955546311717,0.0,0.1635030809729605,1.5007359641064044,2.130339290161463,1.005832986080987,0.24067390877891268,2.069127292078624,2.713986971269821,1.0112963397431336,0.1867508774573924,0.3675281055280754,0.3565384609110273,1.0841467190940066,1.9657598574154087,1.0745673108288627,0.1985592613737706,1.5111513475042602,1.8873285334122039,1.000532585381814,0.19340195174663227,0.3513638232636143,0.3578768320828648,64.20714749999979
md_knapsack,fdfl-0.1,55,1,0.5,0,0,30,,2818.254576719033,0.15087112331100389,3.801517375271453,129.54359586266503,3.638883997106925,9.493390464150233,376.9222298099164,1.3919494735282258,5.243791333189075,65.48589469999979,510,6.0,65410.346800000305,353.9630999994188,0,0,27.80690373644132,14.991474699875852,26.13214972995094,48.58730514108396,0.19772687828006674,-0.0672731309582427,-0.4023430553247149,4.883976428290101,cpu,0.11739018611887747,0.19778789748907405,0.1989376957465932,0.2660069812817509,0.49310624178142215,0.49668470152812705,296.50169999968057,296.50169999968057,0.002927161588388183,0.006666666666666667,0.10598050841637308,1.518719278024647,1.8162782628275898,1.007034543105429,0.21588838062044266,1.5824997221010217,1.7888717023012572,0.9813440468746001,0.19261141715740732,0.35812377578709925,0.36016207219569873,1.5697829675773418,2.3244797511991675,0.9976968361541384,0.19397453450769755,0.9473715990580008,1.466934910292863,1.0091270066032751,0.19765030600043262,0.3573097862742347,0.3551217385317867,27.71009999969465,27.71009999969465,0.017529049063946645,0.05,0.3970513037723784,3.8535335194652847,3.367549689592585,1.0472025299260168,0.17032334625236514,1.398962311387416,2.323739703576465,1.0751176899533141,0.10191632769166978,0.3539900402789104,0.3441795485957643,2.8427190215485822,2.6909414316214693,0.9831718205331196,0.16313337378069784,0.13333514954454903,0.12912119594429408,0.9851443104054669,0.28435406119489304,0.35613015593085,0.37709753107171806,29.751300000043557,29.751300000043557,0.007834292158929723,0.0,0.16693163438753178,1.5007359641064044,2.130339290161463,1.005832986080987,0.24067390877891268,2.069127292078624,2.713986971269821,1.0112963397431336,0.1867508774573924,0.36737874956850575,0.3570089351021533,1.0841467190940066,1.9657598574154087,1.0745673108288627,0.1985592613737706,1.5111513475042602,1.8873285334122039,1.000532585381814,0.19340195174663227,0.35150405345721225,0.35721504689558714,129.69304219999958
md_knapsack,fdfl-0.1,55,2,1.0,0,0,30,,2819.322948743924,0.14968530119093634,3.8677209800013914,129.57255646548538,3.680600244516951,9.676158113566121,377.33172523841813,1.423395010330211,5.306533357235381,68.37542480000002,510,6.0,68301.3487000003,351.1913000002096,0,0,23.81677170180884,11.982446471549565,23.00584653480606,50.85652345006809,0.023288402706753527,-0.038278128576997326,-0.40067918051740264,4.878748141041675,cpu,0.11741334837158243,0.1979602401992806,0.19899810353197037,0.26606644946681274,0.49364196171462155,0.4968729897135477,290.4065000002447,290.4065000002447,0.0031341212882404212,0.006666666666666667,0.10658839938692127,1.518719278024647,1.8162782628275898,1.007034543105429,0.21588838062044266,1.5824997221010217,1.7888717023012572,0.9813440468746001,0.19261141715740732,0.3583819830469634,0.36006799942703044,1.5697829675773418,2.3244797511991675,0.9976968361541384,0.19397453450769755,0.9473715990580008,1.466934910292863,1.0091270066032751,0.19765030600043262,0.35697442615133,0.3552073137461829,26.526300000114134,26.526300000114134,0.017541399532742252,0.05,0.3973682732568865,3.8535335194652847,3.367549689592585,1.0472025299260168,0.17032334625236514,1.398962311387416,2.323739703576465,1.0751176899533141,0.10191632769166978,0.3541728607655649,0.34382920326045185,2.8427190215485822,2.6909414316214693,0.9831718205331196,0.16313337378069784,0.13333514954454903,0.12912119594429408,0.9851443104054669,0.28435406119489304,0.35614734381940966,0.3769375192720915,34.258499999850756,34.258499999850756,0.007405107570776226,0.0,0.16838096812416353,1.5007359641064044,2.130339290161463,1.005832986080987,0.24067390877891268,2.069127292078624,2.713986971269821,1.0112963397431336,0.1867508774573924,0.36747259219646805,0.356564397740278,1.0841467190940066,1.9657598574154087,1.0745673108288627,0.1985592613737706,1.5111513475042602,1.8873285334122039,1.000532585381814,0.19340195174663227,0.3517667431446175,0.35746003165057594,198.0684669999996
md_knapsack,fdfl-0.1,55,3,2.0,0,0,30,,2789.272713566741,0.17207144569057525,3.82487880930295,128.6362620674057,3.6458219046450546,9.68449691314937,374.1570096358132,1.3833485332829203,5.222347737211499,68.61918579999974,510,6.0,68537.93530000167,345.3426999999465,0,0,25.51422006287161,13.510003067530313,26.6666038739615,42.092548167114174,0.1377887962999573,-0.265335078414907,-0.40242544283264414,4.88614936537401,cpu,0.1166638980483055,0.19662216869905133,0.19729552296709585,0.2641438469269834,0.48948865910810024,0.49157698408895817,294.6273000002293,294.6273000002293,0.0028468311880978092,0.006666666666666667,0.10591042976424225,1.518719278024647,1.8162782628275898,1.007034543105429,0.21588838062044266,1.5824997221010217,1.7888717023012572,0.9813440468746001,0.19261141715740732,0.35833788085730517,0.3598228819936226,1.5697829675773418,2.3244797511991675,0.9976968361541384,0.19397453450769755,0.9473715990580008,1.466934910292863,1.0091270066032751,0.19765030600043262,0.3570433587846667,0.35542374169006546,21.232799999779672,21.232799999779672,0.017811485700994667,0.05,0.3963714030019988,3.8535335194652847,3.367549689592585,1.0472025299260168,0.17032334625236514,1.398962311387416,2.323739703576465,1.0751176899533141,0.10191632769166978,0.3540993120357604,0.3438741866219562,2.8427190215485822,2.6909414316214693,0.9831718205331196,0.16313337378069784,0.13333514954454903,0.12912119594429408,0.9851443104054669,0.28435406119489304,0.3561301119647392,0.37746635809496654,29.48259999993752,29.48259999993752,0.007255142729423292,0.0,0.1658034733622058,1.5007359641064044,2.130339290161463,1.005832986080987,0.24067390877891268,2.069127292078624,2.713986971269821,1.0112963397431336,0.1867508774573924,0.3671861511124416,0.35676785469558875,1.0841467190940066,1.9657598574154087,1.0745673108288627,0.1985592613737706,1.5111513475042602,1.8873285334122039,1.000532585381814,0.19340195174663227,0.35184342600801666,0.3576002943411673,266.68765279999934
md_knapsack,fdfl-0.5,55,0,0.0,0,0,30,,2590.484786585108,0.23439904137593143,3.1801087482703467,119.63226539727918,3.278004888893011,8.254538699193102,345.7534579172284,0.9674607082388955,4.3583447960684705,68.80324239999982,510,6.0,68728.06400000083,366.5015999999923,0,0,58.29689348924305,34.80880259688889,55.47523169633028,86.51983120452189,0.03187387137795985,-0.00826265820680282,-0.3396449184340899,5.0179182640860205,cpu,0.10939120299629697,0.18444903614460928,0.1858477265696134,0.24565488992573978,0.4523298832824906,0.45654291619605225,306.4574999998513,306.4574999998513,0.0014847412351401412,0.0,0.10429334082898101,1.518719278024647,1.8162782628275898,1.007034543105429,0.21588838062044266,1.5824997221010217,1.7888717023012572,0.9813440468746001,0.19261141715740732,0.35897918906707627,0.3580676391494036,1.5697829675773418,2.3244797511991675,0.9976968361541384,0.19397453450769755,0.9473715990580008,1.466934910292863,1.0091270066032751,0.19765030600043262,0.35641287698014024,0.3576644687660592,26.702099999965867,26.702099999965867,0.019489057687265554,0.05,0.39120510523594065,3.8535335194652847,3.367549689592585,1.0472025299260168,0.17032334625236514,1.398962311387416,2.323739703576465,1.0751176899533141,0.10191632769166978,0.358685429424469,0.33895735608805533,2.8427190215485822,2.6909414316214693,0.9831718205331196,0.16313337378069784,0.13333514954454903,0.12912119594429408,0.9851443104054669,0.28435406119489304,0.35162253265897325,0.38499836822808226,33.342000000175176,33.342000000175176,0.008519877187552982,0.025,0.14599524645144507,1.5007359641064044,2.130339290161463,1.005832986080987,0.24067390877891268,2.069127292078624,2.713986971269821,1.0112963397431336,0.1867508774573924,0.36896343051856273,0.3585064310137788,1.0841467190940066,1.9657598574154087,1.0745673108288627,0.1985592613737706,1.5111513475042602,1.8873285334122039,1.000532585381814,0.19340195174663227,0.35240484298090285,0.3580252641763329,68.80324239999982
md_knapsack,fdfl-0.5,55,1,0.5,0,0,30,,2613.5315081275257,0.2566395837972473,3.1953533845249606,121.64530875708965,3.2448622064697243,8.347985875716791,350.96126981385214,0.9464112849110681,4.346875657364869,68.75885979999975,510,6.0,68680.68879999965,345.2326999995421,0,0,57.6354519471299,32.28608432987576,59.44574658928107,84.25120847785045,0.05888657721728541,-0.09135492795345322,-0.33913590546054284,5.021001057496139,cpu,0.11102755036674777,0.18670853103749654,0.18719164688639842,0.2497885067499952,0.4591429718964038,0.4606046337232971,290.39419999980964,290.39419999980964,0.0020006541679344347,0.0,0.10504055612237989,1.518719278024647,1.8162782628275898,1.007034543105429,0.21588838062044266,1.5824997221010217,1.7888717023012572,0.9813440468746001,0.19261141715740732,0.35897505319232476,0.3585645519988651,1.5697829675773418,2.3244797511991675,0.9976968361541384,0.19397453450769755,0.9473715990580008,1.466934910292863,1.0091270066032751,0.19765030600043262,0.3564424233319512,0.35709587352336974,23.436899999978777,23.436899999978777,0.01833132656817288,0.05,0.3945451653805162,3.8535335194652847,3.367549689592585,1.0472025299260168,0.17032334625236514,1.398962311387416,2.323739703576465,1.0751176899533141,0.10191632769166978,0.3587635800558615,0.3402878624511212,2.8427190215485822,2.6909414316214693,0.9831718205331196,0.16313337378069784,0.13333514954454903,0.12912119594429408,0.9851443104054669,0.28435406119489304,0.35132663244146517,0.38438746320186307,31.40159999975367,31.40159999975367,0.009779223558150196,0.025,0.14804935668861513,1.5007359641064044,2.130339290161463,1.005832986080987,0.24067390877891268,2.069127292078624,2.713986971269821,1.0112963397431336,0.1867508774573924,0.3694249145417285,0.3590275038088677,1.0841467190940066,1.9657598574154087,1.0745673108288627,0.1985592613737706,1.5111513475042602,1.8873285334122039,1.000532585381814,0.19340195174663227,0.3518563140540317,0.35703765718026415,137.56210219999957
md_knapsack,fdfl-0.5,55,2,1.0,0,0,30,,2607.853755747821,0.25204103697394425,3.199054666271927,119.99662897852727,3.250849653683125,8.328419279501475,348.0271877740913,0.9577509243550819,4.349258547827826,68.79964849999988,510,6.0,68720.9256000001,383.9051999998446,0,0,56.97701860828839,29.213280212556484,57.83353759926063,77.1362858010754,0.09501873904805942,-0.06898500499945955,-0.33726554083299126,5.016411682295993,cpu,0.10968783044974519,0.18543707349539318,0.18686097293981044,0.24640308018316914,0.4553044767022242,0.4596039956796796,329.24759999968956,329.24759999968956,0.0016810505429479816,0.0,0.10494092392913362,1.518719278024647,1.8162782628275898,1.007034543105429,0.21588838062044266,1.5824997221010217,1.7888717023012572,0.9813440468746001,0.19261141715740732,0.35909291654555037,0.3581271199849391,1.5697829675773418,2.3244797511991675,0.9976968361541384,0.19397453450769755,0.9473715990580008,1.466934910292863,1.0091270066032751,0.19765030600043262,0.3563370358371822,0.3575208996074115,23.97659999996904,23.97659999996904,0.018812379773487153,0.05,0.39164405530215063,3.8535335194652847,3.367549689592585,1.0472025299260168,0.17032334625236514,1.398962311387416,2.323739703576465,1.0751176899533141,0.10191632769166978,0.3585238674899552,0.33991758459067173,2.8427190215485822,2.6909414316214693,0.9831718205331196,0.16313337378069784,0.13333514954454903,0.12912119594429408,0.9851443104054669,0.28435406119489304,0.35183721384858285,0.3842289977790184,30.68100000018603,30.68100000018603,0.008744493241814422,0.025,0.14730039508262716,1.5007359641064044,2.130339290161463,1.005832986080987,0.24067390877891268,2.069127292078624,2.713986971269821,1.0112963397431336,0.1867508774573924,0.3692402076012077,0.35851497062584714,1.0841467190940066,1.9657598574154087,1.0745673108288627,0.1985592613737706,1.5111513475042602,1.8873285334122039,1.000532585381814,0.19340195174663227,0.35230815291555356,0.35795803882787214,206.36175069999945
md_knapsack,fdfl-0.5,55,3,2.0,0,0,30,,2614.018696238496,0.24678891723956978,3.204415934598633,121.18649432267364,3.272893697936531,8.342863163202217,349.17585473483723,0.9727109627246443,4.375323918162988,69.11275810000006,510,6.0,69029.24389999952,364.5308999998633,0,0,56.68075288315772,36.39967251254558,54.84954826912636,82.59924352290686,0.14239758582299766,-0.17744046977995048,-0.34048967378456635,5.01438162318728,cpu,0.1106551220677209,0.18593531102696112,0.1872200083350747,0.24884636953468364,0.45680721334993407,0.46069049498064557,305.4332000001523,305.4332000001523,0.001864372647422674,0.0,0.10477734523935667,1.518719278024647,1.8162782628275898,1.007034543105429,0.21588838062044266,1.5824997221010217,1.7888717023012572,0.9813440468746001,0.19261141715740732,0.3590960775815932,0.35833085084372224,1.5697829675773418,2.3244797511991675,0.9976968361541384,0.19397453450769755,0.9473715990580008,1.466934910292863,1.0091270066032751,0.19765030600043262,0.3563476784428579,0.35735050468761215,27.365699999791104,27.365699999791104,0.01902816495407611,0.05,0.393428541137969,3.8535335194652847,3.367549689592585,1.0472025299260168,0.17032334625236514,1.398962311387416,2.323739703576465,1.0751176899533141,0.10191632769166978,0.35855383979715894,0.33958224536787424,2.8427190215485822,2.6909414316214693,0.9831718205331196,0.16313337378069784,0.13333514954454903,0.12912119594429408,0.9851443104054669,0.28435406119489304,0.35166163890191804,0.384530776171267,31.731999999919935,31.731999999919935,0.00888014875528459,0.025,0.14798825358676504,1.5007359641064044,2.130339290161463,1.005832986080987,0.24067390877891268,2.069127292078624,2.713986971269821,1.0112963397431336,0.1867508774573924,0.369430503962264,0.3582226636006266,1.0841467190940066,1.9657598574154087,1.0745673108288627,0.1985592613737706,1.5111513475042602,1.8873285334122039,1.000532585381814,0.19340195174663227,0.3519510688929293,0.35794180115939206,275.4745087999995
md_knapsack,fdfl-scal,55,0,0.0,0,0,30,,2452.6972382786935,0.2528990041369994,2.8213614570397643,114.15488359249582,3.044932423639015,7.220765320598554,326.7510359766504,0.6744249907867494,3.7992236151394403,69.59002480000026,510,6.0,69510.48879999915,371.2568000000829,0,0,79.91816859420827,46.03994904549368,81.12666831852101,115.70010011549417,0.1436403743139925,-0.1215930272601384,-0.2306048779803578,5.131612847741631,cpu,0.10490814153108578,0.1760969507655944,0.1777193039777136,0.2344075427333501,0.4274700789865522,0.4322594579626456,310.31690000008894,310.31690000008894,0.001658042831192974,0.01,0.10510867728048123,1.518719278024647,1.8162782628275898,1.007034543105429,0.21588838062044266,1.5824997221010217,1.7888717023012572,0.9813440468746001,0.19261141715740732,0.3603875826537453,0.3570270111076886,1.5697829675773418,2.3244797511991675,0.9976968361541384,0.19397453450769755,0.9473715990580008,1.466934910292863,1.0091270066032751,0.19765030600043262,0.3549383126741311,0.3591601954249166,27.715900000202964,27.715900000202964,0.019439536781683198,0.05,0.39157322684472645,3.8535335194652847,3.367549689592585,1.0472025299260168,0.17032334625236514,1.398962311387416,2.323739703576465,1.0751176899533141,0.10191632769166978,0.36366832713324454,0.3348129108320027,2.8427190215485822,2.6909414316214693,0.9831718205331196,0.16313337378069784,0.13333514954454903,0.12912119594429408,0.9851443104054669,0.28435406119489304,0.3467948616474675,0.39056544988114633,33.223999999790976,33.223999999790976,0.00950859119256392,0.025,0.13593586650306744,1.5007359641064044,2.130339290161463,1.005832986080987,0.24067390877891268,2.069127292078624,2.713986971269821,1.0112963397431336,0.1867508774573924,0.37099932932105306,0.3595444945872619,1.0841467190940066,1.9657598574154087,1.0745673108288627,0.1985592613737706,1.5111513475042602,1.8873285334122039,1.000532585381814,0.19340195174663227,0.35333518171050005,0.35819145981268685,69.59002480000026
md_knapsack,fdfl-scal,55,1,0.5,0,0,30,,2474.6690232767996,0.2634388414802528,2.8619831821490287,114.72271401989178,3.032468586653361,7.3335038948179685,330.25919127284715,0.6910017130726879,3.851160409875912,69.48490290000018,510,6.0,69410.29530000014,342.80379999972865,0,0,77.61753657766359,59.28802288306436,78.18249270066097,101.36761798968635,0.10950482995771718,-0.14980501795385298,-0.22563858816158053,5.122548001894635,cpu,0.10537498833990191,0.17765173258847947,0.17902633299511675,0.23557353520766475,0.4320596020681851,0.43613173038401404,283.4176999999727,283.4176999999727,0.0017789911083836984,0.006666666666666666,0.10558146710482602,1.518719278024647,1.8162782628275898,1.007034543105429,0.21588838062044266,1.5824997221010217,1.7888717023012572,0.9813440468746001,0.19261141715740732,0.3601664950502466,0.3573120314071833,1.5697829675773418,2.3244797511991675,0.9976968361541384,0.19397453450769755,0.9473715990580008,1.466934910292863,1.0091270066032751,0.19765030600043262,0.3551788493533998,0.35874169488726265,27.603399999861722,27.603399999861722,0.018733102975571625,0.05,0.3927778183357628,3.8535335194652847,3.367549689592585,1.0472025299260168,0.17032334625236514,1.398962311387416,2.323739703576465,1.0751176899533141,0.10191632769166978,0.36304443585784857,0.3363059649046173,2.8427190215485822,2.6909414316214693,0.9831718205331196,0.16313337378069784,0.13333514954454903,0.12912119594429408,0.9851443104054669,0.28435406119489304,0.34731861401654174,0.3894979926970674,31.78269999989425,31.78269999989425,0.009381863423704728,0.025,0.13773370332952095,1.5007359641064044,2.130339290161463,1.005832986080987,0.24067390877891268,2.069127292078624,2.713986971269821,1.0112963397431336,0.1867508774573924,0.37033746593970585,0.3596868508898707,1.0841467190940066,1.9657598574154087,1.0745673108288627,0.1985592613737706,1.5111513475042602,1.8873285334122039,1.000532585381814,0.19340195174663227,0.353444429137833,0.357816160844334,139.07492770000044
md_knapsack,fdfl-scal,55,2,1.0,0,0,30,,2431.1722213260236,0.2553391085087149,2.79906459647092,112.82324106007695,3.079054439541296,7.280839984509858,324.2716979479444,0.6655973716129474,3.742723209399337,69.79300190000004,510,6.0,69714.653800002,349.65550000015355,0,0,79.28411203631127,48.36108989205572,82.99198651801868,112.17536330181076,0.05400309279523268,-0.027575423914888795,-0.2324759835089207,5.136064364380868,cpu,0.10381140636761106,0.17499458071467336,0.17643480978324796,0.23167312573777232,0.4242264999117453,0.4284659232306019,296.2689999999384,296.2689999999384,0.001550578893378396,0.01,0.10528832180279118,1.518719278024647,1.8162782628275898,1.007034543105429,0.21588838062044266,1.5824997221010217,1.7888717023012572,0.9813440468746001,0.19261141715740732,0.3605341210953046,0.35678224901753325,1.5697829675773418,2.3244797511991675,0.9976968361541384,0.19397453450769755,0.9473715990580008,1.466934910292863,1.0091270066032751,0.19765030600043262,0.3547220120300842,0.35949320029599685,21.962600000279053,21.962600000279053,0.01974592404042602,0.05,0.39122449007965604,3.8535335194652847,3.367549689592585,1.0472025299260168,0.17032334625236514,1.398962311387416,2.323739703576465,1.0751176899533141,0.10191632769166978,0.36423709876090377,0.33404583662077025,2.8427190215485822,2.6909414316214693,0.9831718205331196,0.16313337378069784,0.13333514954454903,0.12912119594429408,0.9851443104054669,0.28435406119489304,0.3463709384602721,0.3914038450022538,31.42389999993611,31.42389999993611,0.009757596173968486,0.025,0.13461398387569828,1.5007359641064044,2.130339290161463,1.005832986080987,0.24067390877891268,2.069127292078624,2.713986971269821,1.0112963397431336,0.1867508774573924,0.3712525661912111,0.35981417817255124,1.0841467190940066,1.9657598574154087,1.0745673108288627,0.1985592613737706,1.5111513475042602,1.8873285334122039,1.000532585381814,0.19340195174663227,0.35348218267506776,0.35806936934075756,208.86792960000048
md_knapsack,fdfl-scal,55,3,2.0,0,0,30,,2438.740680113373,0.24629418355449914,2.784915146952829,113.14433466178332,3.006701993043806,7.067365076737552,325.03898809856673,0.6570572203185088,3.744366894874422,70.46773030000031,510,6.0,70388.41940000294,362.2129999998833,0,0,81.7785657395564,48.839106686590156,83.19758680137585,124.6775901603712,0.1422836921248161,-0.021747659734705417,-0.23234770549899605,5.143089856541661,cpu,0.10407610352367126,0.17533605042564984,0.1768869108242601,0.23233246469721688,0.42523030263975126,0.4297997763625637,308.5049999999683,308.5049999999683,0.0019390007675460508,0.01,0.10592710706452468,1.518719278024647,1.8162782628275898,1.007034543105429,0.21588838062044266,1.5824997221010217,1.7888717023012572,0.9813440468746001,0.19261141715740732,0.3606650718651172,0.35702956381860973,1.5697829675773418,2.3244797511991675,0.9976968361541384,0.19397453450769755,0.9473715990580008,1.466934910292863,1.0091270066032751,0.19765030600043262,0.3546368714598058,0.35917976268882884,22.316500000215456,22.316500000215456,0.01888971753715807,0.05,0.3916966113463381,3.8535335194652847,3.367549689592585,1.0472025299260168,0.17032334625236514,1.398962311387416,2.323739703576465,1.0751176899533141,0.10191632769166978,0.364350909641738,0.33484344914691383,2.8427190215485822,2.6909414316214693,0.9831718205331196,0.16313337378069784,0.13333514954454903,0.12912119594429408,0.9851443104054669,0.28435406119489304,0.3461146142926024,0.39085917957036553,31.39149999969959,31.39149999969959,0.009949974116881977,0.025,0.13567139946944212,1.5007359641064044,2.130339290161463,1.005832986080987,0.24067390877891268,2.069127292078624,2.713986971269821,1.0112963397431336,0.1867508774573924,0.371170719244987,0.3600503529805256,1.0841467190940066,1.9657598574154087,1.0745673108288627,0.1985592613737706,1.5111513475042602,1.8873285334122039,1.000532585381814,0.19340195174663227,0.35359867737510975,0.35772244661663893,279.3356599000008
md_knapsack,fplg,55,0,0.0,0,0,30,,2703.932253646055,0.22735482050939082,3.447465052588545,124.44701967714786,3.3955543614414276,8.91178329607043,362.61934118483214,1.142708715441518,4.710175586744093,70.03094269999974,510,6.0,69955.76919999984,357.74230000060925,0,0,45.76824613095857,17.89165062543234,42.57153455066399,92.59334970826366,0.16055817689772667,-0.17223027538117075,-0.3644274462814341,4.951933629621305,cpu,0.11329500116791251,0.19172147350311494,0.19242061461376161,0.25554158670200533,0.47439457370047516,0.4765367172464483,297.18620000039664,297.18620000039664,0.001955501435826179,0.0,0.10491662428217158,1.518719278024647,1.8162782628275898,1.007034543105429,0.21588838062044266,1.5824997221010217,1.7888717023012572,0.9813440468746001,0.19261141715740732,0.35840159837008767,0.3589788733816607,1.5697829675773418,2.3244797511991675,0.9976968361541384,0.19397453450769755,0.9473715990580008,1.466934910292863,1.0091270066032751,0.19765030600043262,0.3570147483029872,0.3564547205771089,23.60769999995682,23.60769999995682,0.01804971469121247,0.05,0.3933996034164876,3.8535335194652847,3.367549689592585,1.0472025299260168,0.17032334625236514,1.398962311387416,2.323739703576465,1.0751176899533141,0.10191632769166978,0.35623112253509,0.3422670799726095,2.8427190215485822,2.6909414316214693,0.9831718205331196,0.16313337378069784,0.13333514954454903,0.12912119594429408,0.9851443104054669,0.28435406119489304,0.3538634172092321,0.38073421468089225,36.94840000025579,36.94840000025579,0.008839282892555145,0.025,0.15570128287138363,1.5007359641064044,2.130339290161463,1.005832986080987,0.24067390877891268,2.069127292078624,2.713986971269821,1.0112963397431336,0.1867508774573924,0.368444294180675,0.3580987630487343,1.0841467190940066,1.9657598574154087,1.0745673108288627,0.1985592613737706,1.5111513475042602,1.8873285334122039,1.000532585381814,0.19340195174663227,0.35150507986852086,0.35735941157577833,70.03094269999974
md_knapsack,fplg,55,1,0.5,0,0,30,,2398.584618811503,0.28444443058240215,2.879495495216251,110.88179469376769,3.1522216962150242,7.673631602592524,320.77534072455455,0.7010567566150573,3.8288664176909473,69.96178969999983,510,6.0,69882.48250000106,353.03299999941373,0,0,46.83498327957306,29.41996069330725,44.42635872042533,84.46864043757002,0.1259994391690169,-0.021000428970685773,-0.1292551016779247,5.112905273073168,cpu,0.10220761519838223,0.1734349981740881,0.17448250670148066,0.22768652737462475,0.4196524115879536,0.42272273602453864,300.39989999932004,300.39989999932004,0.0010969701364733075,0.003333333333333334,0.10191097058640597,1.518719278024647,1.8162782628275898,1.007034543105429,0.21588838062044266,1.5824997221010217,1.7888717023012572,0.9813440468746001,0.19261141715740732,0.3600120572003282,0.3570321557824926,1.5697829675773418,2.3244797511991675,0.9976968361541384,0.19397453450769755,0.9473715990580008,1.466934910292863,1.0091270066032751,0.19765030600043262,0.3554493172918096,0.35940095541806455,21.80769999995391,21.80769999995391,0.023400191647417468,0.1,0.3849169393779653,3.8535335194652847,3.367549689592585,1.0472025299260168,0.17032334625236514,1.398962311387416,2.323739703576465,1.0751176899533141,0.10191632769166978,0.36158191718102395,0.3336123229905663,2.8427190215485822,2.6909414316214693,0.9831718205331196,0.16313337378069784,0.13333514954454903,0.12912119594429408,0.9851443104054669,0.28435406119489304,0.3486520884342669,0.39334253503215844,30.82540000013978,30.82540000013978,0.010743781459991386,0.0,0.13621597199135638,1.5007359641064044,2.130339290161463,1.005832986080987,0.24067390877891268,2.069127292078624,2.713986971269821,1.0112963397431336,0.1867508774573924,0.36989696173795916,0.3614833839545569,1.0841467190940066,1.9657598574154087,1.0745673108288627,0.1985592613737706,1.5111513475042602,1.8873285334122039,1.000532585381814,0.19340195174663227,0.353083630889618,0.3568091518829153,139.99273239999957
md_knapsack,fplg,55,2,1.0,0,0,30,,2041.473685192037,0.19805194882855448,2.3020464536301244,88.29746245345495,2.891254168170378,5.965390079900583,274.1642156578323,0.43567851695374765,2.94977460980367,69.74385280000024,510,6.0,69666.06629999386,357.1193999996467,0,0,48.67722078389961,20.725184925730428,50.70610941363309,63.492723364233136,0.1938816148279834,0.0916695500387431,0.10464356244754307,5.282143167609872,cpu,0.08312039988326143,0.15206583652514885,0.15246554654155486,0.18131148271492092,0.35867368736028915,0.35978607340277213,301.9831999999951,301.9831999999951,0.0005872650258197387,0.013333333333333336,0.10070064282011248,1.518719278024647,1.8162782628275898,1.007034543105429,0.21588838062044266,1.5824997221010217,1.7888717023012572,0.9813440468746001,0.19261141715740732,0.36298479281334267,0.3542002006441437,1.5697829675773418,2.3244797511991675,0.9976968361541384,0.19397453450769755,0.9473715990580008,1.466934910292863,1.0091270066032751,0.19765030600043262,0.3521275064317559,0.36388295697409084,24.28449999933946,24.28449999933946,0.028059720972954838,0.05,0.3630178503597793,3.8535335194652847,3.367549689592585,1.0472025299260168,0.17032334625236514,1.398962311387416,2.323739703576465,1.0751176899533141,0.10191632769166978,0.3706986202770043,0.3213615059661844,2.8427190215485822,2.6909414316214693,0.9831718205331196,0.16313337378069784,0.13333514954454903,0.12912119594429408,0.9851443104054669,0.28435406119489304,0.34002490431133436,0.40815466387776417,30.85170000031212,30.85170000031212,0.013934296480167807,0.05,0.12090845944993833,1.5007359641064044,2.130339290161463,1.005832986080987,0.24067390877891268,2.069127292078624,2.713986971269821,1.0112963397431336,0.1867508774573924,0.3702754635314015,0.36884644957813184,1.0841467190940066,1.9657598574154087,1.0745673108288627,0.1985592613737706,1.5111513475042602,1.8873285334122039,1.000532585381814,0.19340195174663227,0.35685165380369577,0.35440166634550213,209.7365851999998
md_knapsack,fplg,55,3,2.0,0,0,30,,1805.6263149205606,0.1001227488652109,1.7981810438055346,68.58752366399222,2.6026129102635727,4.724917073114776,250.2031269795434,0.33532781234930453,2.1720949870931663,69.35509499999989,510,6.0,69276.27190000023,346.5367000007973,0,0,55.332670022639356,34.49509844451695,51.292781380372936,84.18756884437519,0.13040140164114114,0.011795521520535108,0.27625884916968413,5.451905305392788,cpu,0.0657867223796216,0.1406449433534204,0.13726937520489568,0.14083876552872063,0.32732673710718,0.3182207082022101,290.495600000213,290.495600000213,0.0023514544830594564,0.026666666666666644,0.10203842268327268,1.518719278024647,1.8162782628275898,1.007034543105429,0.21588838062044266,1.5824997221010217,1.7888717023012572,0.9813440468746001,0.19261141715740732,0.3680273878579453,0.35131465625467795,1.5697829675773418,2.3244797511991675,0.9976968361541384,0.19397453450769755,0.9473715990580008,1.466934910292863,1.0091270066032751,0.19765030600043262,0.3460368692007128,0.3686022659457915,22.529300000314834,22.529300000314834,0.027975413876848543,0.04999999999999999,0.3426498926443641,3.8535335194652847,3.367549689592585,1.0472025299260168,0.17032334625236514,1.398962311387416,2.323739703576465,1.0751176899533141,0.10191632769166978,0.38647686462244635,0.30825596317111725,2.8427190215485822,2.6909414316214693,0.9831718205331196,0.16313337378069784,0.13333514954454903,0.12912119594429408,0.9851443104054669,0.28435406119489304,0.32550489313902886,0.42517876240823194,33.51180000026943,33.51180000026943,0.017443810685972005,0.1,0.1112855134463725,1.5007359641064044,2.130339290161463,1.005832986080987,0.24067390877891268,2.069127292078624,2.713986971269821,1.0112963397431336,0.1867508774573924,0.3698254526080965,0.3783164572342255,1.0841467190940066,1.9657598574154087,1.0745673108288627,0.1985592613737706,1.5111513475042602,1.8873285334122039,1.000532585381814,0.19340195174663227,0.36276881807197164,0.3504854703984063,279.0916801999997
md_knapsack,pcgrad,55,0,0.0,0,0,30,,1652327511.2217238,0.15307507440529175,4.547551118177908,13229716.140805075,4.300416980393956,9.272124695799032,355341191.70321465,2.080608726142942,6.716568813882587,85.54013080000004,510,6.0,85436.73460000174,368.9747999997053,0,25,3571872863982.0864,1325.7466112283896,1139144562196.8936,16445372930958.25,0.045316061672581884,0.016364383060145253,0.21762097212893244,20.719097229099916,cpu,0.9999263843059638,0.9999956977680172,0.9999931319995249,27166.119871806488,464872.9783840787,291203.5710036189,302.18949999925826,302.18949999925826,0.08957798446902632,0.0,0.07359966328805068,1.518719278024647,1.8162782628275898,1.007034543105429,0.21588838062044266,1.5824997221010217,1.7888717023012572,0.9813440468746001,0.19261141715740732,0.7347761116400284,0.0042331652738687615,1.5697829675773418,2.3244797511991675,0.9976968361541384,0.19397453450769755,0.9473715990580008,1.466934910292863,1.0091270066032751,0.19765030600043262,0.029369106633719083,0.888796139218231,26.25620000071649,26.25620000071649,1.0842347813242847,0.1,1.78778497615838,3.8535335194652847,3.367549689592585,1.0472025299260168,0.17032334625236514,1.398962311387416,2.323739703576465,1.0751176899533141,0.10191632769166978,0.002520399987098737,0.002897301324529045,2.8427190215485822,2.6909414316214693,0.9831718205331196,0.16313337378069784,0.13333514954454903,0.12912119594429408,0.9851443104054669,0.28435406119489304,0.6972451531955612,1.4766421107646361,40.52909999973053,40.52909999973053,0.039836910113216495,0.0,0.12032754506877241,1.5007359641064044,2.130339290161463,1.005832986080987,0.24067390877891268,2.069127292078624,2.713986971269821,1.0112963397431336,0.1867508774573924,0.011240118106890507,0.5389384528591057,1.0841467190940066,1.9657598574154087,1.0745673108288627,0.1985592613737706,1.5111513475042602,1.8873285334122039,1.000532585381814,0.19340195174663227,0.6186360450588693,0.011216346133560005,85.54013080000004
md_knapsack,mgda,55,0,0.0,0,0,30,,2715.6428028714818,0.08943861639056484,3.6785448051147984,139.33663053106648,4.008428513386527,9.66880244824894,306.8918211780756,0.6749831912171353,4.313624449332806,75.31782159999966,510,6.0,75198.76609999573,341.2809000001289,0,6,2434787413091.831,0.25572036803218745,4905.3215254635,68585565464856.1,-0.013100783487740764,-0.06569798646724538,0.6578681394406509,12.750273028522752,cpu,0.12515381624886,0.16718349197274165,0.19309305920758432,0.2861161620743753,0.4014893805836118,0.47860056580534355,286.5425999998479,286.5425999998479,0.015089213770621668,0.010000000000000009,0.08243694541749141,1.518719278024647,1.8162782628275898,1.007034543105429,0.21588838062044266,1.5824997221010217,1.7888717023012572,0.9813440468746001,0.19261141715740732,0.3547931166328698,0.34715916078181075,1.5697829675773418,2.3244797511991675,0.9976968361541384,0.19397453450769755,0.9473715990580008,1.466934910292863,1.0091270066032751,0.19765030600043262,0.3597597604553086,0.3723709445006155,26.605600000038976,26.605600000038976,0.053483782503191746,0.04999999999999999,0.35514085255217326,3.8535335194652847,3.367549689592585,1.0472025299260168,0.17032334625236514,1.398962311387416,2.323739703576465,1.0751176899533141,0.10191632769166978,0.3729863984201726,0.296734093634044,2.8427190215485822,2.6909414316214693,0.9831718205331196,0.16313337378069784,0.13333514954454903,0.12912119594429408,0.9851443104054669,0.28435406119489304,0.3391842864160208,0.43750377064457924,28.13270000024204,28.13270000024204,0.019407815591358013,0.075,0.08362464107842937,1.5007359641064044,2.130339290161463,1.005832986080987,0.24067390877891268,2.069127292078624,2.713986971269821,1.0112963397431336,0.1867508774573924,0.3530855003332223,0.35816111953551266,1.0841467190940066,1.9657598574154087,1.0745673108288627,0.1985592613737706,1.5111513475042602,1.8873285334122039,1.000532585381814,0.19340195174663227,0.3727206775646235,0.37734157348682745,75.31782159999966
