task,method,seed,stage_idx,lambda,val_regret,val_fairness,val_pred_mse,test_regret,test_fairness,test_pred_mse,stage_wallclock_sec,solver_calls_train,solver_calls_eval,decision_ms_train,decision_ms_eval,nan_or_inf_steps,exploding_steps,avg_grad_norm_combined,grad_norm_min,grad_norm_median,grad_norm_max,avg_cos_dec_pred,avg_cos_dec_fair,avg_cos_pred_fair,weight_norm,device,val_regret_normalized,test_regret_normalized,val_regret_normalized_pred_obj,test_regret_normalized_pred_obj,val_decision_ms_eval,test_decision_ms_eval,cumulative_wallclock_sec,method_label,alpha_fair,hidden_dim,config_name
medical_resource_allocation,fpto,11,0,0.0,30.496778739663114,24.912538197045503,161.9125989978987,55.346072207790485,24.16566180655321,166.70831055923185,5.390693669000029,140,4.0,1227.4946379993708,20.99054400014211,0,0,82.43710360267322,24.865902524183443,62.21422133435415,165.5013588725203,0.0,0.0,0.6441992277400538,16.769455824716545,cuda,0.05239640668885511,0.05358124262271278,0.05529359223488169,0.0566147302185736,2.3709640001925436,18.619579999949565,5.390693669000029,FPTO,0.5,64,FPTO
medical_resource_allocation,fpto,11,1,0.5,31.01472613919566,24.489075893806934,163.54327362719718,56.37020312674508,22.821735420862076,169.17416854570354,3.4303660989999116,140,4.0,858.0552779994832,12.635803000193846,0,0,99.02471905137621,29.68864742802402,69.88831190371474,200.5811712996747,0.0,0.0,0.6011130226001676,16.794216955835108,cuda,0.05328629026708518,0.054572716905475056,0.05628553777056658,0.05772280732882003,1.4413030000923754,11.19450000010147,8.821059767999941,FPTO,0.5,64,FPTO
medical_resource_allocation,fpto,11,2,1.0,31.52478398463029,24.94670318872287,165.4471915826092,57.306264824477694,21.978598245886033,171.89353833434637,3.131422865000104,140,4.0,758.9874979998967,12.709658999938256,0,0,116.74628880491203,34.89466856955184,83.49923799948036,241.18880264600597,0.0,0.0,0.5377461241501227,16.814707624749833,cuda,0.054162618830582814,0.05547893024519927,0.05726419774572356,0.058737631188684546,1.3837329997841152,11.32592600015414,11.952482633000045,FPTO,0.5,64,FPTO
medical_resource_allocation,fpto,11,3,5.0,33.82096473926629,32.33946556608138,176.86209718756456,62.23629602704011,25.443776875407213,204.15314076108206,3.0866615820000334,140,4.0,723.0495410010462,12.7463369999532,0,0,287.22453063249617,122.4455816665016,211.3369692046325,544.8485924962927,0.0,0.0,0.3747690887398706,16.816809344390972,cuda,0.058107678788490984,0.060251756707216185,0.061692485945474086,0.06411478514298687,1.5376589999505086,11.208678000002692,15.039144215000078,FPTO,0.5,64,FPTO
medical_resource_allocation,fpto,22,0,0.0,30.539311719794227,28.354911131729516,157.98374630809442,54.920640129280855,24.120372887660302,162.37563638708644,4.494126299000072,140,4.0,1162.9261439984475,20.65838099974826,0,0,85.17398818897074,24.20058559071458,61.32409031742661,162.67989331906205,0.0,0.0,0.6080657773929761,16.78174178530074,cuda,0.052469482450189224,0.053169376368996935,0.055374978935631966,0.05615510846607132,3.65497199982201,17.00340899992625,4.494126299000072,FPTO,0.5,64,FPTO
medical_resource_allocation,fpto,22,1,0.5,30.984492888214277,28.198518353822028,159.39910015494257,55.8177422689032,22.657846493540234,164.94986579643623,3.3202434900001663,140,4.0,804.7450999977173,12.211304999709682,0,0,103.76368648642809,27.205412609505867,66.86557924319794,200.4722739962091,0.0,0.0,0.557145650469617,16.806480129840633,cuda,0.05323434662649712,0.05403787246064359,0.05622758539751965,0.05712477369596952,1.4790999998695042,10.732204999840178,7.814369789000239,FPTO,0.5,64,FPTO
medical_resource_allocation,fpto,22,2,1.0,31.368519447184667,28.71092442123709,160.91693234848515,56.62534116989218,22.006617481390602,167.87776103935144,3.2120039670001006,140,4.0,771.3767640004789,12.973591999980272,0,0,124.44859446075824,31.203513354219616,83.04671520539972,240.59348393525622,0.0,0.0,0.5331799677678666,16.82663233383886,cuda,0.053894141286611984,0.054819719318597054,0.05696417667247381,0.05799922029591669,1.4984179999828484,11.475173999997423,11.02637375600034,FPTO,0.5,64,FPTO
medical_resource_allocation,fpto,22,3,5.0,33.37516436571207,39.09611735804116,171.7822872832508,61.44404817457803,47.495632814080274,208.68136334658206,3.0864946560000135,140,4.0,722.417453999924,14.122541000006095,0,0,322.40008430527314,126.83254570632964,242.61737578889148,577.589864647267,0.0,0.0,0.397231813367991,16.823506041726237,cuda,0.05734175075805243,0.05948477139630339,0.06082984029913772,0.06324700503214116,1.5168869999797607,12.605654000026334,14.112868412000353,FPTO,0.5,64,FPTO
medical_resource_allocation,fpto,33,0,0.0,31.182671019591112,27.618768268687216,159.44316509276942,55.78740657282037,25.362928432163816,164.34806137742385,4.998046921999958,140,4.0,1320.7271520000177,28.416752000111956,0,0,87.2046132337892,25.28455560353026,69.97260160808585,166.69977573996582,0.0,0.0,0.7229922946139237,16.98143664835834,cuda,0.05357483576658303,0.05400850408404334,0.05660757743056994,0.05709195517846552,3.912807000006069,24.503945000105887,4.998046921999958,FPTO,0.5,64,FPTO
medical_resource_allocation,fpto,33,1,0.5,31.64692207124324,27.2549751630727,160.8727367477711,56.674400208264615,23.959167521541474,166.56751854496974,3.099037355000064,140,4.0,739.2614809996303,13.628180000068824,0,0,105.64166622790236,29.288080923276286,82.26366630720608,206.81356773535134,0.0,0.0,0.6723738636207851,16.988238698941988,cuda,0.054372463841198565,0.05486721400309791,0.057498816142836674,0.05805238672915718,1.64296100001593,11.985219000052894,8.097084277000022,FPTO,0.5,64,FPTO
medical_resource_allocation,fpto,33,2,1.0,32.20295463565435,27.392861322425087,162.97183938396697,57.670434900404416,22.863371298153396,169.485658758317,3.1629321039999923,140,4.0,774.6469780008738,14.053272999944966,0,0,126.50306064814488,35.348344667214654,94.33809440197118,245.2611768062465,0.0,0.0,0.6454156521143027,17.002185105918084,cuda,0.05532778140525462,0.05583148796819185,0.05856823172756991,0.059132969651831534,1.5395400000670634,12.513732999877902,11.260016381000014,FPTO,0.5,64,FPTO
medical_resource_allocation,fpto,33,3,5.0,34.546942378535846,30.523552297867653,174.24126867088165,62.50860962586944,32.73599121068516,200.5980940487039,3.114925867000011,140,4.0,743.144275999839,12.075260000074195,0,0,325.38906406621567,131.56709257290385,257.0144941158611,570.7944475005037,0.0,0.0,0.4825355661156539,17.026974188594263,cuda,0.0593549783790117,0.0605153869961653,0.0631002950259885,0.06441338810507831,1.618769000060638,10.456491000013557,14.374942248000025,FPTO,0.5,64,FPTO
medical_resource_allocation,fpto,44,0,0.0,29.924147879603197,24.78148557953528,154.3506152116213,54.088491331849355,25.321866680059156,158.69518816832434,4.883748788000048,140,4.0,1311.118270000179,13.29429399993387,0,0,86.26125143266283,25.9534647976063,51.873605382180074,167.4849963455218,0.0,0.0,0.6618280613610531,16.617243757353815,cuda,0.05141257165229545,0.05236376244130976,0.0541990860471853,0.0552572393983263,1.4880530000027647,11.806240999931106,4.883748788000048,FPTO,0.5,64,FPTO
medical_resource_allocation,fpto,44,1,0.5,30.43062312160191,24.50269997331109,155.92892585435743,54.99411936857052,24.103384256113323,160.87312354309984,3.221513939000033,140,4.0,770.8526989990787,14.07534800000576,0,0,104.1347609969748,29.785862430574177,66.98242414485588,205.9307484016363,0.0,0.0,0.5850830985482526,16.623700989269,cuda,0.05228274495761859,0.0532405125633294,0.0551670286464084,0.05623446426449536,1.5935690000787872,12.481778999926973,8.105262727000081,FPTO,0.5,64,FPTO
medical_resource_allocation,fpto,44,2,1.0,30.996010294840858,24.16484494313924,158.11737609657365,56.06629297184361,23.02999592095958,163.9690194537329,3.1138086379999095,140,4.0,741.3978560005035,12.586509000129809,0,0,123.60563261242571,32.53801281032114,86.13549493611461,247.64599071283354,0.0,0.0,0.5051920673507643,16.637387380630496,cuda,0.053254134641708785,0.054278497585192556,0.056249661699399156,0.057393743767692414,1.373412000020835,11.213097000108974,11.21907136499999,FPTO,0.5,64,FPTO
medical_resource_allocation,fpto,44,3,5.0,33.366649237907154,32.51203483343449,171.62396310764285,61.72788891271739,52.65390429764195,199.18616884544807,3.086907594999957,140,4.0,718.8124669992249,12.20257699992544,0,0,365.7819441177145,161.86036036379113,401.669751285733,579.7142163762119,0.0,0.0,0.3486285036459133,16.584946069585712,cuda,0.0573271209473671,0.05975956125671763,0.06081337675162532,0.06355774416232488,1.4758469999378576,10.726729999987583,14.305978959999948,FPTO,0.5,64,FPTO
medical_resource_allocation,fpto,55,0,0.0,30.137744461439638,26.16700405036614,156.41997226030705,54.01463913809903,24.231795687222714,160.41879160865847,4.322469517000172,140,4.0,1078.4724899986031,14.290810000147758,0,0,80.81488093444143,23.348988629108238,45.62640665344954,162.64596071121667,0.0,0.0,0.6109912265335482,16.76632261233132,cuda,0.05177955117707706,0.05229226518497874,0.054607081339949806,0.05517762835942815,1.3543820000450069,12.936428000102751,4.322469517000172,FPTO,0.5,64,FPTO
medical_resource_allocation,fpto,55,1,0.5,30.531797403563587,25.77949731159491,157.69343097505202,54.86470231244857,23.346471804485418,163.15850105533613,3.0705874140001015,140,4.0,720.0345640014802,14.175517000239779,0,0,98.13019986981206,25.110352419085466,58.6495978051304,199.0334938675732,0.0,0.0,0.5623736230033206,16.78293125279162,cuda,0.05245657213029707,0.05311522225081086,0.05536059940622626,0.05609470497251992,1.6930720000800648,12.482445000159714,7.393056931000274,FPTO,0.5,64,FPTO
medical_resource_allocation,fpto,55,2,1.0,31.06314290113528,26.004264326745744,159.79614388860514,55.8157746047591,22.590772902131114,166.1804098972084,3.070169907000036,140,4.0,721.9456570010152,12.257510999916121,0,0,116.78690695507717,29.807565534906082,73.78052134419315,240.27473051652188,0.0,0.0,0.5233417077250658,16.80480057384591,cuda,0.053369474932941266,0.05403596753973955,0.056378358313726055,0.05712264492678751,1.37157499989371,10.885936000022411,10.46322683800031,FPTO,0.5,64,FPTO
medical_resource_allocation,fpto,55,3,5.0,32.97484580284549,34.53061330776528,171.72175508656613,60.626413399709236,52.67108942679571,198.25240783341448,3.1057683799999722,140,4.0,742.4117039990961,12.431943999899886,0,0,321.8936236813329,128.4741205261182,264.98790081216555,559.6727398360428,0.0,0.0,0.3720210970657642,16.756270204656044,cuda,0.05665396486420079,0.058693208680081495,0.06005639792194088,0.06235290047974768,1.5533680000316963,10.87857599986819,13.568995218000282,FPTO,0.5,64,FPTO
medical_resource_allocation,fpto,11,0,0.0,10.19638165329554,24.912538197045503,161.9125989978987,1027.7354160528857,24.16566180655321,166.70831055923185,4.171729254999946,140,4.0,1074.6616469996297,14.077083000074708,0,0,82.43710360267322,24.865902524183443,62.21422133435415,165.5013588725203,0.0,0.0,0.6441992277400538,16.769455824716545,cuda,0.17355254377908366,0.1746799339731146,0.14788647061358523,0.14870428013722467,1.477370999964478,12.59971200011023,4.171729254999946,FPTO,2.0,64,FPTO
medical_resource_allocation,fpto,11,1,0.5,10.577823614303192,24.489075893806934,163.54327362719718,1066.1205779630845,22.821735420862076,169.17416854570354,3.125172107000026,140,4.0,754.1606489994592,15.637432999938028,0,0,99.02471905137621,29.68864742802402,69.88831190371474,200.5811712996747,0.0,0.0,0.6011130226001676,16.794216955835108,cuda,0.18004506484076477,0.18120410103332207,0.15257473651233824,0.15340625796575205,1.8108189999566093,13.826613999981419,7.296901361999971,FPTO,2.0,64,FPTO
medical_resource_allocation,fpto,11,2,1.0,10.89640904484883,24.94670318872287,165.4471915826092,1097.5742546022739,21.978598245886033,171.89353833434637,3.1317552440000327,140,4.0,733.6099479996392,12.02951500022209,0,0,116.74628880491203,34.89466856955184,83.49923799948036,241.18880264600597,0.0,0.0,0.5377461241501227,16.814707624749833,cuda,0.1854677053187504,0.18655015223748,0.1564510821227994,0.15722062138351423,1.4755460001651954,10.553969000056895,10.428656606000004,FPTO,2.0,64,FPTO
medical_resource_allocation,fpto,11,3,5.0,12.11369177933576,32.33946556608138,176.86209718756456,1225.1773082303007,25.443776875407213,204.15314076108206,3.16262493499994,140,4.0,748.6981680001463,27.65897200015388,0,0,287.22453063249617,122.4455816665016,211.3369692046325,544.8485924962927,0.0,0.0,0.3747690887398706,16.816809344390972,cuda,0.20618706658356573,0.2082383150022869,0.17094120165587176,0.1723487100323356,1.4402740000605263,26.218698000093354,13.591281540999944,FPTO,2.0,64,FPTO
medical_resource_allocation,fpto,22,0,0.0,10.006791880760197,28.354911131729516,157.98374630809442,1006.2088689012689,24.120372887660302,162.37563638708644,4.19946400799995,140,4.0,1072.9350109986626,12.050518000023658,0,0,85.17398818897074,24.20058559071458,61.32409031742661,162.67989331906205,0.0,0.0,0.6080657773929761,16.78174178530074,cuda,0.1703255375314927,0.17102115587091085,0.14553688872820086,0.14604446300008914,1.3669410000147764,10.683577000008881,4.19946400799995,FPTO,2.0,64,FPTO
medical_resource_allocation,fpto,22,1,0.5,10.316084128031058,28.198518353822028,159.39910015494257,1038.3684837649243,22.657846493540234,164.94986579643623,3.0551936990000286,140,4.0,712.5986990006368,13.136803999941549,0,0,103.76368648642809,27.205412609505867,66.86557924319794,200.4722739962091,0.0,0.0,0.557145650469617,16.806480129840633,cuda,0.17558999879924625,0.17648719247258718,0.14936329756002925,0.15001199639213195,1.543490999893038,11.59331300004851,7.2546577069999785,FPTO,2.0,64,FPTO
medical_resource_allocation,fpto,22,2,1.0,10.563192862604957,28.71092442123709,160.91693234848515,1064.233479594489,22.006617481390602,167.87776103935144,3.06460840800014,140,4.0,710.7553579994601,12.325163000014072,0,0,124.44859446075824,31.203513354219616,83.04671520539972,240.59348393525622,0.0,0.0,0.5331799677678666,16.82663233383886,cuda,0.17979603491417231,0.18088335873595815,0.15239586300800892,0.1531763127982254,1.3597079998817208,10.965455000132351,10.319266115000119,FPTO,2.0,64,FPTO
medical_resource_allocation,fpto,22,3,5.0,11.572575995128553,39.09611735804116,171.7822872832508,1170.8195695645481,47.495632814080274,208.68136334658206,3.2302697390000503,140,4.0,747.5036969999564,29.746712000132902,0,0,322.40008430527314,126.83254570632964,242.61737578889148,577.589864647267,0.0,0.0,0.397231813367991,16.823506041726237,cuda,0.19697673844742525,0.19899935519536627,0.16456187670189804,0.16597119450739078,3.6899080000694084,26.056804000063494,13.549535854000169,FPTO,2.0,64,FPTO
medical_resource_allocation,fpto,33,0,0.0,10.439886423650186,27.618768268687216,159.44316509276942,1057.009393397535,25.362928432163816,164.34806137742385,3.99255725099988,140,4.0,1004.8182069999712,12.046137999959683,0,0,87.2046132337892,25.28455560353026,69.97260160808585,166.69977573996582,0.0,0.0,0.7229922946139237,16.98143664835834,cuda,0.17769723684318955,0.17965551071185631,0.15088533052816355,0.1522948937893269,1.3613850001092942,10.684752999850389,3.99255725099988,FPTO,2.0,64,FPTO
medical_resource_allocation,fpto,33,1,0.5,10.752999193757923,27.2549751630727,160.8727367477711,1088.5220196826458,23.959167521541474,166.56751854496974,3.0776014880000275,140,4.0,716.2421179980356,12.18058600011318,0,0,105.64166622790236,29.288080923276286,82.26366630720608,206.81356773535134,0.0,0.0,0.6723738636207851,16.988238698941988,cuda,0.18302672720454236,0.18501158134328755,0.15471055978340334,0.15612639087760213,1.3996350000979874,10.780951000015193,7.070158738999908,FPTO,2.0,64,FPTO
medical_resource_allocation,fpto,33,2,1.0,11.099597674822824,27.392861322425087,162.97183938396697,1121.7369420855139,22.863371298153396,169.485658758317,3.052440786999796,140,4.0,712.8845679999358,12.214457000027323,0,0,126.50306064814488,35.348344667214654,94.33809440197118,245.2611768062465,0.0,0.0,0.6454156521143027,17.002185105918084,cuda,0.18892617762765773,0.1906569841985654,0.15890488508263356,0.16012754868010717,1.4354200000070705,10.779037000020253,10.122599525999703,FPTO,2.0,64,FPTO
medical_resource_allocation,fpto,33,3,5.0,12.344717045585874,30.523552297867653,174.24126867088165,1245.2398343406285,32.73599121068516,200.5980940487039,3.346582862999867,140,4.0,780.6101440003204,22.749384000235295,0,0,325.38906406621567,131.56709257290385,257.0144941158611,570.7944475005037,0.0,0.0,0.4825355661156539,17.026974188594263,cuda,0.21011934609195274,0.21164825950896293,0.17363522595562778,0.17467797097710214,1.4821080001183873,21.267276000116908,13.46918238899957,FPTO,2.0,64,FPTO
medical_resource_allocation,fpto,44,0,0.0,9.706113224359235,24.78148557953528,154.3506152116213,974.2609083278103,25.321866680059156,158.69518816832434,3.955042824999964,140,4.0,942.545944998983,11.964514000055715,0,0,86.26125143266283,25.9534647976063,51.873605382180074,167.4849963455218,0.0,0.0,0.6618280613610531,16.617243757353815,cuda,0.1652076881362028,0.16559109327271754,0.1417838981138712,0.14206619648042695,1.345119000006889,10.619395000048826,3.955042824999964,FPTO,2.0,64,FPTO
medical_resource_allocation,fpto,44,1,0.5,10.04016626399251,24.50269997331109,155.92892585435743,1007.0639825754806,24.103384256113323,160.87312354309984,3.0571093559999554,140,4.0,709.6562210001593,12.136484999928143,0,0,104.1347609969748,29.785862430574177,66.98242414485588,205.9307484016363,0.0,0.0,0.5850830985482526,16.623700989269,cuda,0.17089360268479678,0.1711664960020552,0.1459514359741541,0.14615043769298094,1.4133370000308787,10.723147999897265,7.012152180999919,FPTO,2.0,64,FPTO
medical_resource_allocation,fpto,44,2,1.0,10.414202115785649,24.16484494313924,158.11737609657365,1044.5205948788598,23.02999592095958,163.9690194537329,3.039509466000027,140,4.0,706.9602719996055,12.518022999984169,0,0,123.60563261242571,32.53801281032114,86.13549493611461,247.64599071283354,0.0,0.0,0.5051920673507643,16.637387380630496,cuda,0.1772600644111774,0.17753284132966832,0.15057001402645592,0.15076678551843914,1.3813539999318891,11.13666900005228,10.051661646999946,FPTO,2.0,64,FPTO
medical_resource_allocation,fpto,44,3,5.0,11.789800883398506,32.51203483343449,171.62396310764285,1190.9080870100415,52.65390429764195,199.18616884544807,3.579333085000144,140,4.0,864.8835280005187,27.707598000233702,0,0,365.7819441177145,161.86036036379113,401.669751285733,579.7142163762119,0.0,0.0,0.3486285036459133,16.584946069585712,cuda,0.20067412181470953,0.2024137173416796,0.16713454397718583,0.16833949448712204,3.4943390000989893,24.213259000134713,13.63099473200009,FPTO,2.0,64,FPTO
medical_resource_allocation,fpto,55,0,0.0,9.856278865459721,26.16700405036614,156.41997226030705,979.2570891782516,24.231795687222714,160.41879160865847,3.740912777999938,140,4.0,906.3136040024347,12.235798000119757,0,0,80.81488093444143,23.348988629108238,45.62640665344954,162.64596071121667,0.0,0.0,0.6109912265335482,16.76632261233132,cuda,0.16776365650688288,0.16644027344831627,0.14366233747050516,0.14269078086293552,1.5939310001158447,10.641867000003913,3.740912777999938,FPTO,2.0,64,FPTO
medical_resource_allocation,fpto,55,1,0.5,10.175046696624939,25.77949731159491,157.69343097505202,1011.2188799495189,23.346471804485418,163.15850105533613,3.0885184659998686,140,4.0,732.4787549996472,14.02602999996816,0,0,98.13019986981206,25.110352419085466,58.6495978051304,199.0334938675732,0.0,0.0,0.5623736230033206,16.78293125279162,cuda,0.1731894016245918,0.17187268670797587,0.14762271239815594,0.14666498217549598,2.3010060001524835,11.725023999815676,6.829431243999807,FPTO,2.0,64,FPTO
medical_resource_allocation,fpto,55,2,1.0,10.5252656467026,26.004264326745744,159.79614388860514,1044.6878217250242,22.590772902131114,166.1804098972084,3.0496567789998608,140,4.0,703.9983029994801,12.92590699995344,0,0,116.78690695507717,29.807565534906082,73.78052134419315,240.27473051652188,0.0,0.0,0.5233417077250658,16.80480057384591,cuda,0.179150476026507,0.1775612641844131,0.1519318184310174,0.15078728350273413,1.4989989999776299,11.42690799997581,9.879088022999667,FPTO,2.0,64,FPTO
medical_resource_allocation,fpto,55,3,5.0,11.653687739789483,34.53061330776528,171.72175508656613,1162.1525579337458,52.67108942679571,198.25240783341448,3.579838326000072,140,4.0,895.5262050010333,22.64280500003224,0,0,321.8936236813329,128.4741205261182,264.98790081216555,559.6727398360428,0.0,0.0,0.3720210970657642,16.756270204656044,cuda,0.1983573409096442,0.19752625910880028,0.16552436751384683,0.16494524241647898,1.5666530000544299,21.07615199997781,13.45892634899974,FPTO,2.0,64,FPTO
medical_resource_allocation,saa,11,0,0.0,43.107538465247785,67.68785355162365,240.9564611482089,77.64175333483286,49.854042308446104,248.6879547391254,6.217200007085921e-05,0,4.0,0.0,13.285409999753028,0,0,0.0,0.0,0.0,0.0,0.0,0.0,0.0,16.12097777159257,cuda,0.07406290795699752,0.07516597758676936,0.07998697599810364,0.0812750999261833,1.6101289998005086,11.67528099995252,6.217200007085921e-05,SAA,0.5,64,SAA
medical_resource_allocation,saa,22,0,0.0,43.107538465247785,67.68785355162365,240.9564611482089,77.64175333483286,49.854042308446104,248.6879547391254,5.6722999943303876e-05,0,4.0,0.0,14.834023999810597,0,0,0.0,0.0,0.0,0.0,0.0,0.0,0.0,16.057336658618333,cuda,0.07406290795699752,0.07516597758676936,0.07998697599810364,0.0812750999261833,1.8896669998866855,12.944356999923912,5.6722999943303876e-05,SAA,0.5,64,SAA
medical_resource_allocation,saa,33,0,0.0,43.107538465247785,67.68785355162365,240.9564611482089,77.64175333483286,49.854042308446104,248.6879547391254,5.172799978936382e-05,0,4.0,0.0,10.677368000187926,0,0,0.0,0.0,0.0,0.0,0.0,0.0,0.0,16.189882647764996,cuda,0.07406290795699752,0.07516597758676936,0.07998697599810364,0.0812750999261833,1.7427000000225235,8.934668000165402,5.172799978936382e-05,SAA,0.5,64,SAA
medical_resource_allocation,saa,44,0,0.0,43.107538465247785,67.68785355162365,240.9564611482089,77.64175333483286,49.854042308446104,248.6879547391254,3.811699980360572e-05,0,4.0,0.0,10.999314000173399,0,0,0.0,0.0,0.0,0.0,0.0,0.0,0.0,15.867002258020896,cuda,0.07406290795699752,0.07516597758676936,0.07998697599810364,0.0812750999261833,1.4002340001297853,9.599080000043614,3.811699980360572e-05,SAA,0.5,64,SAA
medical_resource_allocation,saa,55,0,0.0,43.107538465247785,67.68785355162365,240.9564611482089,77.64175333483286,49.854042308446104,248.6879547391254,3.740900001503178e-05,0,4.0,0.0,10.011278000092716,0,0,0.0,0.0,0.0,0.0,0.0,0.0,0.0,16.04659660965315,cuda,0.07406290795699752,0.07516597758676936,0.07998697599810364,0.0812750999261833,1.1526990001584636,8.858578999934252,3.740900001503178e-05,SAA,0.5,64,SAA
medical_resource_allocation,saa,11,0,0.0,16.233423207388107,67.68785355162365,240.9564611482089,1641.0766836587627,49.854042308446104,248.6879547391254,6.564000000253145e-05,0,4.0,0.0,10.17126100009591,0,0,0.0,0.0,0.0,0.0,0.0,0.0,0.0,16.12097777159257,cuda,0.2763089876077785,0.27892701007355314,0.2164906698069032,0.21809454947511944,1.310794000119131,8.86046699997678,6.564000000253145e-05,SAA,2.0,64,SAA
medical_resource_allocation,saa,22,0,0.0,16.233423207388107,67.68785355162365,240.9564611482089,1641.0766836587627,49.854042308446104,248.6879547391254,5.032400008531113e-05,0,4.0,0.0,10.15946100005749,0,0,0.0,0.0,0.0,0.0,0.0,0.0,0.0,16.057336658618333,cuda,0.2763089876077785,0.27892701007355314,0.2164906698069032,0.21809454947511944,1.1561259998416062,9.003335000215884,5.032400008531113e-05,SAA,2.0,64,SAA
medical_resource_allocation,saa,33,0,0.0,16.233423207388107,67.68785355162365,240.9564611482089,1641.0766836587627,49.854042308446104,248.6879547391254,4.736999994747748e-05,0,4.0,0.0,10.924731000159227,0,0,0.0,0.0,0.0,0.0,0.0,0.0,0.0,16.189882647764996,cuda,0.2763089876077785,0.27892701007355314,0.2164906698069032,0.21809454947511944,1.4212380001481506,9.503493000011076,4.736999994747748e-05,SAA,2.0,64,SAA
medical_resource_allocation,saa,44,0,0.0,16.233423207388107,67.68785355162365,240.9564611482089,1641.0766836587627,49.854042308446104,248.6879547391254,4.6123999936753535e-05,0,4.0,0.0,10.160583000015322,0,0,0.0,0.0,0.0,0.0,0.0,0.0,0.0,15.867002258020896,cuda,0.2763089876077785,0.27892701007355314,0.2164906698069032,0.21809454947511944,1.173133000065718,8.987449999949604,4.6123999936753535e-05,SAA,2.0,64,SAA
medical_resource_allocation,saa,55,0,0.0,16.233423207388107,67.68785355162365,240.9564611482089,1641.0766836587627,49.854042308446104,248.6879547391254,7.204200005617167e-05,0,4.0,0.0,14.157149000084246,0,0,0.0,0.0,0.0,0.0,0.0,0.0,0.0,16.04659660965315,cuda,0.2763089876077785,0.27892701007355314,0.2164906698069032,0.21809454947511944,1.4684420000321552,12.68870700005209,7.204200005617167e-05,SAA,2.0,64,SAA
medical_resource_allocation,wdro,11,0,0.0,30.973014090265337,22.495641993749867,163.4090657892506,56.18393309404132,22.54276587510775,167.72846234515117,3.330351981000149,140,4.0,748.6506349991942,14.173496000012165,0,0,98.99597657814375,29.253326475517635,72.2589950773733,197.68124748056724,0.0,0.0,0.0,16.822311772401196,cuda,0.05321462494471669,0.054392386496874966,0.056205584018035194,0.05752109619271293,1.7743899998095003,12.399106000202664,3.330351981000149,WDRO,0.5,64,WDRO
medical_resource_allocation,wdro,22,0,0.0,31.053245966946747,25.663091652968482,159.83784145014272,55.810133418083296,22.445414093458577,163.90178083804773,4.216977496000027,140,4.0,1075.4994269984763,12.09748899987062,0,0,104.0056089051077,29.59978908791366,71.83097057233222,194.40249862111895,0.0,0.0,0.0,16.83529812412013,cuda,0.053352471045640844,0.0540305062345394,0.05635938341757731,0.05711654190820606,1.3568129998020595,10.74067600006856,4.216977496000027,WDRO,0.5,64,WDRO
medical_resource_allocation,wdro,33,0,0.0,31.709290774275246,25.54539306257592,160.80798429125645,56.647537710085544,23.6564817102041,165.4375263143037,3.107515016999969,140,4.0,722.3898499994448,12.51078200016309,0,0,106.47415794637762,34.20800812720209,82.10873686710727,200.8790086713714,0.0,0.0,0.0,17.02784007715303,cuda,0.0544796192872415,0.05484120807395119,0.0576186620601169,0.058023274546487084,1.508167000110916,11.002615000052174,3.107515016999969,WDRO,0.5,64,WDRO
medical_resource_allocation,wdro,44,0,0.0,30.39275204525768,22.67894260162715,155.56347093775585,54.86908255230901,23.990706508414068,159.4999486874975,3.087049087999958,140,4.0,721.3268249975044,12.54669400009334,0,0,104.67498689331646,30.845435505119443,68.35301670367662,201.9179000850989,0.0,0.0,0.0,16.67105897265642,cuda,0.05221767879653921,0.053119462817220464,0.05509459042265637,0.056099434650188226,1.4596170001368591,11.08707699995648,3.087049087999958,WDRO,0.5,64,WDRO
medical_resource_allocation,wdro,55,0,0.0,30.591130211158543,23.791853826773433,157.8569497833131,54.77187997879423,22.75438730274149,161.47621159916994,4.675372169999946,140,4.0,1234.3259490005494,26.388889999907406,0,0,99.14543675080579,28.116604980928493,63.81699868838349,196.39397118990973,0.0,0.0,0.0,16.821376922490714,cuda,0.05255851161522679,0.053025359758642185,0.055474150393002235,0.05599448760858842,3.8722509998478927,22.516639000059513,4.675372169999946,WDRO,0.5,64,WDRO
medical_resource_allocation,wdro,11,0,0.0,10.547558399365563,22.495641993749867,163.4090657892506,1060.9715303925132,22.54276587510775,167.72846234515117,3.0960397289998127,140,4.0,727.0743330004734,13.25358900021456,0,0,98.99597657814375,29.253326475517635,72.2589950773733,197.68124748056724,0.0,0.0,0.0,16.822311772401196,cuda,0.17952992082016522,0.1803289387341515,0.15220463478818094,0.15277854572264069,1.6074420000222744,11.646147000192286,3.0960397289998127,WDRO,2.0,64,WDRO
medical_resource_allocation,wdro,22,0,0.0,10.364814491125863,25.663091652968482,159.83784145014272,1038.8605521817562,22.445414093458577,163.90178083804773,3.0912599800001317,140,4.0,707.2454899996501,12.206678999746146,0,0,104.0056089051077,29.59978908791366,71.83097057233222,194.40249862111895,0.0,0.0,0.0,16.83529812412013,cuda,0.17641943798286572,0.17657082730429569,0.1499630423357857,0.1500724165572306,1.366626999924847,10.840051999821299,3.0912599800001317,WDRO,2.0,64,WDRO
medical_resource_allocation,wdro,33,0,0.0,10.784993114118684,25.54539306257592,160.80798429125645,1089.2394688878403,23.6564817102041,165.4375263143037,4.12027752899985,140,4.0,1045.644060999848,31.6609060000701,0,0,106.47415794637762,34.20800812720209,82.10873686710727,200.8790086713714,0.0,0.0,0.0,17.02784007715303,cuda,0.18357129550856233,0.18513352321454635,0.15509948256195633,0.15621321951335215,3.761811000003945,27.899095000066154,4.12027752899985,WDRO,2.0,64,WDRO
medical_resource_allocation,wdro,44,0,0.0,10.028353685822388,22.67894260162715,155.56347093775585,1003.3687449671952,23.990706508414068,159.4999486874975,3.4122956609999164,140,4.0,766.1718780011597,13.436680000268098,0,0,104.67498689331646,30.845435505119443,68.35301670367662,201.9179000850989,0.0,0.0,0.0,16.67105897265642,cuda,0.1706925408709374,0.1705384317635868,0.14580475651100552,0.14569229607151452,1.4939390000563435,11.942741000211754,3.4122956609999164,WDRO,2.0,64,WDRO
medical_resource_allocation,wdro,55,0,0.0,10.196895642552342,23.791853826773433,157.8569497833131,1010.104562611752,22.75438730274149,161.47621159916994,3.0727024999998775,140,4.0,715.7794120009839,12.869945000147709,0,0,99.14543675080579,28.116604980928493,63.81699868838349,196.39397118990973,0.0,0.0,0.0,16.821376922490714,cuda,0.17356129238677867,0.17168329080320713,0.14789282290811692,0.14652704544887346,1.4984520000780321,11.371493000069677,3.0727024999998775,WDRO,2.0,64,WDRO
medical_resource_allocation,fdfl-scal,11,0,0.0,32.21219959550888,35.66811467957787,176.76244910717688,58.138081076050526,30.265360873498498,184.2445046683157,4.998089682,140,4.0,2177.086016998146,23.723530999859577,0,0,2.5180695660464876,0.3821774997755346,1.8995630136014343,14.099088868855443,0.35600288592675006,0.38512680905211144,0.6547417476976303,16.601688516671466,cuda,0.055343665137779136,0.056284222230973936,0.058586030808602016,0.05964107367583873,1.6183289999389672,22.10520199992061,4.998089682,FDFL-Scal,0.5,64,FDFL-Scal
medical_resource_allocation,fdfl-scal,11,1,0.5,37.017190444149946,44.85973341306183,194.51559726800525,68.54776869951979,26.98477652660216,220.2680915014693,5.261456206000048,140,4.0,2231.958976999522,12.082345999715471,0,0,23.57273284129553,9.2083057007079,19.41194829945294,42.56858307496367,0.39359328183361064,0.2689467288593887,0.4647804915804902,16.68677156389697,cuda,0.06359910276254664,0.06636197438085904,0.06791866918343963,0.07107891126954816,1.5450479997980437,10.537297999917428,10.259545888000048,FDFL-Scal,0.5,64,FDFL-Scal
medical_resource_allocation,fdfl-scal,11,2,1.0,38.31019964647328,46.18188232733063,199.4151674895557,71.10620670707556,30.93267208490244,221.38868939296128,4.035825445,140,4.0,1661.6274599987264,12.614063999990321,0,0,43.814294067403274,17.82182345764545,33.01993815611037,83.46558663911023,0.3747827504602943,0.2682382932759336,0.4913552643176455,16.70402979226873,cuda,0.06582061725742847,0.06883883104203904,0.07045822084425772,0.07392794430965678,1.4068949999455072,11.207169000044814,14.295371333000048,FDFL-Scal,0.5,64,FDFL-Scal
medical_resource_allocation,fdfl-scal,11,3,5.0,41.26394791663597,49.07808472642614,210.2960835855002,76.86971479074282,31.364173480896916,229.9466347616456,4.397527237000077,140,4.0,1844.1148950007573,12.62347300030342,0,0,209.9711900468636,87.87333811809143,157.00927540328925,393.74615950642186,0.37800038423413646,0.25070930292396887,0.49417067472946885,16.707275590100988,cuda,0.07089544161645701,0.0744185571665873,0.07630512731505804,0.08040195462300473,1.4570350001577026,11.166438000145718,18.692898570000125,FDFL-Scal,0.5,64,FDFL-Scal
medical_resource_allocation,fdfl-scal,22,0,0.0,32.12992827882181,42.67649247742308,174.34576582457862,57.48417255377467,30.62257186417954,181.32253760856435,5.075564321999991,140,4.0,2009.941256000502,13.065043999858972,0,0,2.261441817429042,0.4196841963477768,2.057667944547864,22.00436317025002,0.3426593338853195,0.3453605103165297,0.6888522601762601,16.557211384048994,cuda,0.0552023150822614,0.05565116500057863,0.058427657014282104,0.05893072870748311,1.386404999948354,11.678638999910618,5.075564321999991,FDFL-Scal,0.5,64,FDFL-Scal
medical_resource_allocation,fdfl-scal,22,1,0.5,36.34418120259443,52.08989137055414,190.20607805130442,67.27565705194706,47.57986455267917,226.65190203148504,3.973966799999971,140,4.0,1618.8537780008119,11.887231000173415,0,0,27.205840965594238,12.384632345877227,26.225870376561904,45.635232737652586,0.4357350436887045,0.22643352339585943,0.4440515786587846,16.66602823336629,cuda,0.062442807987058147,0.06513042677300226,0.06660159883472602,0.06966792870173752,1.3636040000619687,10.523627000111446,9.049531121999962,FDFL-Scal,0.5,64,FDFL-Scal
medical_resource_allocation,fdfl-scal,22,2,1.0,36.95154224361397,52.26595009393849,190.73710259704035,68.44093603930787,48.87398492907666,229.42347061518367,4.649559971000144,140,4.0,1962.5693559999036,24.243174000048384,0,0,51.65899784350315,24.302648200039183,43.25941323117634,88.04283048356527,0.43123481812460907,0.23574417117821198,0.4483124072370171,16.680776475256334,cuda,0.06348631282354888,0.06625854831179033,0.06779005335731655,0.0709602729877682,3.5182970000278146,20.72487700002057,13.699091093000106,FDFL-Scal,0.5,64,FDFL-Scal
medical_resource_allocation,fdfl-scal,22,3,5.0,38.161077890510455,54.22103656624196,193.92622134216163,70.62221046994239,51.307360141755574,233.52512072120965,5.452203281000038,140,4.0,2237.827579999248,14.67675099979715,0,0,258.97722211609533,113.40475789563921,233.31721247483074,431.25874134336954,0.4377015359326433,0.22793534212444566,0.44439558837300547,16.66382204037843,cuda,0.06556441170082578,0.06837026807495171,0.0701647203101112,0.07338781248820454,1.441313999976046,13.235436999821104,19.151294374000145,FDFL-Scal,0.5,64,FDFL-Scal
medical_resource_allocation,fdfl-scal,33,0,0.0,32.182224383099424,33.490627390261395,169.5344703019789,57.58695254829331,30.615070531467083,176.45496870897793,4.012381634000121,140,4.0,1630.4306890017415,12.05981599991901,0,0,2.0411416452257405,0.28506108710495914,1.8146456289311557,9.121658510142407,0.33820196336991354,0.3169610423422947,0.7201103578410304,16.80173334538207,cuda,0.05529216483234039,0.05575066763199191,0.0585283224866316,0.05904231617742236,1.5194269999483367,10.540388999970673,4.012381634000121,FDFL-Scal,0.5,64,FDFL-Scal
medical_resource_allocation,fdfl-scal,33,1,0.5,36.483564578940445,42.85345184119375,184.366795972425,66.37085139342526,38.427373096728516,217.24529483166936,4.7067787460000545,140,4.0,1972.771905999707,16.04192099989632,0,0,25.929927757098664,10.645532836089037,23.05829719772738,43.97113616815372,0.448859688551792,0.27125156624072666,0.47803071618883747,16.911650120105477,cuda,0.06268228206840411,0.06425447280586895,0.06687410348619759,0.06866660960543243,3.8422840000293945,12.199636999866925,8.719160380000176,FDFL-Scal,0.5,64,FDFL-Scal
medical_resource_allocation,fdfl-scal,33,2,1.0,36.978178830028355,43.958068128094716,185.88163731666762,67.40702104373804,39.9164477441981,220.12016419062502,5.180928300000005,140,4.0,2149.784433999457,11.956849000171133,0,0,50.36075985567627,22.66585720456333,47.8662754637874,84.44214819552667,0.45106617415223843,0.26903131510536316,0.45896734650932597,16.914868222803662,cuda,0.06353207704758333,0.06525760193892216,0.06784223515877061,0.06981346098591978,1.3552390000768355,10.601610000094297,13.90008868000018,FDFL-Scal,0.5,64,FDFL-Scal
medical_resource_allocation,fdfl-scal,33,3,5.0,37.5710500861677,45.49285878433814,187.93518098973578,68.6975288163278,37.766556712211596,222.1503054830666,3.9935413630000767,140,4.0,1627.0374010002797,12.717389999806983,0,0,243.11764019910805,106.3114864507209,224.7099057032258,414.6116544326677,0.44258786485561746,0.2700895490663569,0.46532587237965056,16.909719843088425,cuda,0.06455068703639531,0.06650695907143961,0.06900500769185638,0.07124526499446003,1.5146099999583384,11.202779999848644,17.893630043000258,FDFL-Scal,0.5,64,FDFL-Scal
medical_resource_allocation,fdfl-scal,44,0,0.0,30.68546966784686,28.05064226309351,160.34092602408523,55.42116998497136,27.03868549540818,165.83532346951094,4.648007637000092,140,4.0,1951.2843850002355,34.7365909999553,0,0,1.5232755028973535,0.23831173584914436,1.119273358783148,7.0999058415496075,0.2866735979529078,0.24110650763457656,0.660126515682388,16.545265726728683,cuda,0.05272059589900126,0.053653945744344386,0.05565474734356222,0.056695904741258386,7.031907000055071,27.704683999900226,4.648007637000092,FDFL-Scal,0.5,64,FDFL-Scal
medical_resource_allocation,fdfl-scal,44,1,0.5,36.18960814034995,45.696527866471,192.1555899728431,67.30142153333395,52.750278056221255,223.5006675702304,5.347444850999864,140,4.0,2161.921797998957,15.182587000026615,0,0,31.720687876216704,14.552728164041913,34.36040739808017,44.78910283544995,0.4120146767485499,0.23565444326464524,0.38824754495068,16.438284352353385,cuda,0.06217723656059237,0.06515536969800435,0.06629955998568551,0.06969646889553863,1.6287290000036592,13.553858000022956,9.995452487999955,FDFL-Scal,0.5,64,FDFL-Scal
medical_resource_allocation,fdfl-scal,44,2,1.0,37.07020470193072,46.94892124859972,195.42407184102134,69.0318670298982,51.791941475397145,229.48156406815016,4.003603982999948,140,4.0,1614.6970120007609,12.423015999956988,0,0,63.54586608246694,30.24468183126886,68.50151025687437,88.23511012585179,0.41873654683793315,0.2316971968475334,0.3762197094844442,16.43708503806196,cuda,0.06369018636959581,0.066830636185727,0.06802255561398683,0.07161683481823797,1.3724519999414042,11.050564000015584,13.999056470999903,FDFL-Scal,0.5,64,FDFL-Scal
medical_resource_allocation,fdfl-scal,44,3,5.0,38.14574970619185,50.391062699845214,201.47035541296236,70.92629002879266,53.726706245312,231.24824515394542,4.213145262999888,140,4.0,1750.3662210001494,32.42515999977513,0,0,311.7208312178611,147.52148481050367,339.4427269339461,428.38416983375,0.42743541094980164,0.23069821621560738,0.41420330802192334,16.390092462603818,cuda,0.0655380764020647,0.06866465139737059,0.0701345605926083,0.07372709679751194,1.379316999873481,31.04584299990165,18.21220173399979,FDFL-Scal,0.5,64,FDFL-Scal
medical_resource_allocation,fdfl-scal,55,0,0.0,30.365765826414417,27.820136649973545,159.31314473814965,54.68728899618793,25.751396802414295,165.17541995126817,5.347930685999927,140,4.0,2095.6812760000503,13.214433000030112,0,0,1.1991924578351312,0.22747977568043132,0.7446793023952676,4.497351506932521,0.3171387069913954,0.18416173648620035,0.637772469490144,16.694610625041854,cuda,0.052171313870276785,0.05294346614303555,0.05504297837123747,0.05590317393980589,1.388942999938081,11.825490000092032,5.347930685999927,FDFL-Scal,0.5,64,FDFL-Scal
medical_resource_allocation,fdfl-scal,55,1,0.5,36.61435748417034,46.45358590106946,192.70455853001482,67.73233590344807,53.74560122050948,220.75733125360034,4.039845849999892,140,4.0,1659.2852780001976,11.87513000013496,0,0,27.342178221779324,12.11736797450297,28.36221965982744,42.817916033818584,0.48458859714870417,0.22856384429579416,0.4364033520452383,16.592433199973197,cuda,0.06290699689199068,0.06557254342856311,0.06712993980677501,0.07017403327290832,1.4245700001538353,10.450559999981124,9.38777653599982,FDFL-Scal,0.5,64,FDFL-Scal
medical_resource_allocation,fdfl-scal,55,2,1.0,38.23768496122432,48.86178954428154,197.3826389531982,70.72527453861585,55.04916197999038,225.4018927093299,4.27895920800006,140,4.0,1751.7413609982668,23.160456999903545,0,0,54.47712740360544,25.117887033380118,56.626269847653816,85.05048082296041,0.4830613415685504,0.22621379175840672,0.4072801613379241,16.57495725023131,cuda,0.06569603003555649,0.06847004572219909,0.07031547777545745,0.07350278475508898,1.5045979998831172,21.655859000020428,13.66673574399988,FDFL-Scal,0.5,64,FDFL-Scal
medical_resource_allocation,fdfl-scal,55,3,5.0,39.34842300169146,49.80393275120329,200.92495125754303,72.79821461778613,57.493749758387885,230.67632819947247,5.742842322000115,140,4.0,2420.0745320013084,12.49268900005518,0,0,275.77834199743876,129.43922500181256,287.52199848692294,408.6193261476486,0.46963514411837254,0.22527516904274827,0.41982366304821256,16.576748197548717,cuda,0.06760438509790302,0.07047688560972291,0.07250611652115244,0.07582047667093507,1.500213000099393,10.992475999955786,19.409578065999995,FDFL-Scal,0.5,64,FDFL-Scal
medical_resource_allocation,fdfl-scal,11,0,0.0,11.360287168097265,60.11537900187104,224.60243113866997,1140.0129543176745,40.90222629576134,232.6127151396908,4.02032225500011,140,4.0,1586.8907630001559,11.929592999649685,0,8,274158.2105212297,383.35865958876445,540.6296098340536,3522491.398115259,0.33520585565105954,0.2743688319411361,0.9073585185568577,16.35129178463301,cuda,0.19336337174540014,0.1937632823373087,0.16203226638554274,0.16231298550072099,1.3426429998162348,10.58694999983345,4.02032225500011,FDFL-Scal,2.0,64,FDFL-Scal
medical_resource_allocation,fdfl-scal,11,1,0.5,11.473775209358529,57.947325564351836,220.92901552932906,1153.7320877919647,39.83503381700568,229.36650603650423,4.627149017999955,140,4.0,1962.6612339991425,22.286256999905163,0,10,389866.3050392542,374.97653840121234,530.850389724028,4300971.714685327,0.31870345274740425,0.2505679824007277,0.901310620247335,16.35797884393236,cuda,0.19529505093504992,0.19609506665847296,0.1633864800011306,0.16394605422652828,1.4356970000335423,20.85055999987162,8.647471273000065,FDFL-Scal,2.0,64,FDFL-Scal
medical_resource_allocation,fdfl-scal,11,2,1.0,11.465854117130483,55.47116619913051,216.94047963076648,1152.5716336164724,38.459054484790556,225.3435855865109,5.407355411000026,140,4.0,2197.68887500004,11.995128000080513,0,12,463899.3917140174,375.2091498983074,551.5687041059182,4401971.34289744,0.3031301764123391,0.22627482899818566,0.8969537674343552,16.375027600382545,cuda,0.1951602260773278,0.19589782906639663,0.16329210244710804,0.1638081651334115,1.4195120002113981,10.575615999869115,14.05482668400009,FDFL-Scal,2.0,64,FDFL-Scal
medical_resource_allocation,fdfl-scal,11,3,5.0,11.51757469731664,50.41451783109202,211.08555690156476,1160.0689359592589,35.559621303803034,220.41964270290043,3.9696070390000386,140,4.0,1605.1272699999117,14.634507999971902,0,11,451888.5943252617,421.5655221301969,840.1010333053423,4515039.604124902,0.2781999547580003,0.1759493988942446,0.8816632574926869,16.38547009343116,cuda,0.1960405617260171,0.19717211450772565,0.16390795429471822,0.16469821850870822,1.5061290000630834,13.128378999908819,18.02443372300013,FDFL-Scal,2.0,64,FDFL-Scal
medical_resource_allocation,fdfl-scal,22,0,0.0,10.448714911229679,68.0061538839758,231.18837120834374,1066.2904146843084,41.680789457955214,238.1136558869318,4.64297984399991,140,4.0,1927.5644209999427,25.31041199995343,0,0,15538.454336596333,410.8583335917035,515.005507559835,779507.3036815239,0.2789267750533869,0.23781658146267912,0.9220803664332822,16.272500389654,cuda,0.1778475064711068,0.18123296747772616,0.1509936604645429,0.153426946646021,1.5522730000157026,23.758138999937728,4.64297984399991,FDFL-Scal,2.0,64,FDFL-Scal
medical_resource_allocation,fdfl-scal,22,1,0.5,10.393722180289608,59.973608207135385,216.51131323396515,1057.6481073919122,36.68612209100371,223.35898429294505,5.4828883450002195,140,4.0,2245.642928000507,12.888348999922528,0,0,2485.0263382737803,367.8058401904825,577.1808998021049,57706.65505882041,0.25125717427674465,0.19708737893229722,0.9188639176087309,16.31007525815074,cuda,0.17691147556636685,0.17976407028528624,0.15031842176679558,0.1523728979488385,1.5284969999811437,11.359851999941384,10.12586818900013,FDFL-Scal,2.0,64,FDFL-Scal
medical_resource_allocation,fdfl-scal,22,2,1.0,10.428391031304251,61.203128258007105,219.72914649829065,1064.4472592892798,37.39209456898842,227.05787751485903,4.0879536200000075,140,4.0,1694.2894070004968,12.97664799994891,0,0,3170.955464266301,400.11779869245555,602.2623892923687,78857.2766391815,0.25007607477886723,0.1919141955823795,0.9194813567470429,16.30079724969952,cuda,0.17750157384711773,0.18091969398566113,0.15074423490338693,0.15320236838040052,1.903500000025815,11.073147999923094,14.213821809000137,FDFL-Scal,2.0,64,FDFL-Scal
medical_resource_allocation,fdfl-scal,22,3,5.0,10.722797385393882,54.92385269969826,205.26096721863112,1093.5312077984645,35.290034531353086,214.98946019970148,4.465818934000026,140,4.0,1872.4944859995958,28.308173999903374,0,0,6158.217764559441,285.07947543090677,919.6591226811902,149297.53102745995,0.22020536748767083,0.13817651863247704,0.8244734343337207,16.355115152682732,cuda,0.18251266242680686,0.18586297230993404,0.154343093504171,0.1567322503947424,3.769902999920305,24.53827099998307,18.679640743000164,FDFL-Scal,2.0,64,FDFL-Scal
medical_resource_allocation,fdfl-scal,33,0,0.0,11.341670177728126,74.87200073231394,242.14385613910824,1141.5570941127844,48.00286736969237,249.17935061102457,5.142862499999865,140,4.0,2065.985218000378,12.889297999890914,0,3,85385.39288082189,452.1654149933254,541.7235007481256,1880479.661877126,0.2557651962916631,0.2132115563220653,0.9297912097032027,16.408859591980864,cuda,0.19304649207710814,0.19402573338574192,0.16180969757600303,0.16249711204763456,1.4664689999790426,11.422828999911872,5.142862499999865,FDFL-Scal,2.0,64,FDFL-Scal
medical_resource_allocation,fdfl-scal,33,1,0.5,11.312688848250325,67.98446184912561,231.79292347983636,1140.313427265667,43.70175905421965,238.74335314832388,3.972623356999975,140,4.0,1607.6692230003573,14.208594999900015,0,4,108818.96056929536,459.24503475461114,579.144551081909,2176522.186576334,0.2419974933062523,0.18864276318250567,0.9296521364523089,16.434795212456294,cuda,0.19255320106231502,0.19381435248035933,0.16146298621377267,0.16234882088465089,1.5521870000156923,12.656407999884323,9.11548585699984,FDFL-Scal,2.0,64,FDFL-Scal
medical_resource_allocation,fdfl-scal,33,2,1.0,11.347784285495301,68.37037035384515,233.74231665480315,1143.586618533005,43.77750547361747,240.77439167657258,4.581151497000064,140,4.0,1967.4248400010583,27.278917000330694,0,2,56529.162938964844,493.8842547713938,626.4198936788839,1587722.9087131897,0.24364661393128495,0.18661539493752735,0.9296875972687019,16.424782523359216,cuda,0.19315056026443317,0.19437068324947487,0.16188280565499294,0.1627389938278279,3.791340000134369,23.487577000196325,13.696637353999904,FDFL-Scal,2.0,64,FDFL-Scal
medical_resource_allocation,fdfl-scal,33,3,5.0,11.57176212474291,55.25133726588521,215.22455742475285,1169.825639317346,37.72742108829682,223.22153803797525,5.108178180999857,140,4.0,2188.9110780000465,13.062551000075473,0,3,94388.58244104806,489.1483141801903,930.4444725693869,1685977.2558509582,0.2069199609598557,0.12392818021803999,0.9234148329202169,16.47962743027834,cuda,0.19696288556504624,0.19883042098599363,0.16455220787574096,0.16585366662823167,1.504042000078698,11.558508999996775,18.80481553499976,FDFL-Scal,2.0,64,FDFL-Scal
medical_resource_allocation,fdfl-scal,44,0,0.0,10.759203078354709,57.104428529651734,215.04039601269307,1077.1669809563537,38.19233191013345,221.90843863456413,3.9625554069998543,140,4.0,1606.8111339998268,12.389545999894835,0,0,2925.299426066546,352.4399258216058,469.70631753855673,87546.76698876018,0.24453614046297187,0.24883823623932397,0.9231236269501442,16.17215675244553,cuda,0.18313232348268246,0.1830816124193901,0.15478600309356097,0.15474977423154268,1.4885650000451278,10.900980999849708,3.9625554069998543,FDFL-Scal,2.0,64,FDFL-Scal
medical_resource_allocation,fdfl-scal,44,1,0.5,10.761098617332742,54.961872404861076,212.7061155742885,1077.4151517928121,37.05269988807412,219.77595846287133,4.529922282000143,140,4.0,1915.1488540001083,32.07623799994508,0,0,9842.403084476191,370.8291667967791,517.6033607088602,473275.06265065836,0.23120077894397797,0.22569472966239507,0.9220095560029272,16.17939223082489,cuda,0.18316458743892264,0.18312379298906736,0.15480905140628035,0.15477990897843394,1.34787599995434,30.72836199999074,8.492477688999998,FDFL-Scal,2.0,64,FDFL-Scal
medical_resource_allocation,fdfl-scal,44,2,1.0,10.827639318275907,54.40518841545196,212.1550444464492,1084.859722921642,36.563966730279446,219.38278403927336,5.070564375999993,140,4.0,2145.433649001234,11.654287000055774,0,0,5627.218015490347,388.1235562823979,547.3258003619377,212142.34612706286,0.23150299076674327,0.22527309287071265,0.9211864562109385,16.176122157116254,cuda,0.1842971762636845,0.1843891159242607,0.15561733993584279,0.1556828861774613,1.338988000043173,10.315299000012601,13.56304206499999,FDFL-Scal,2.0,64,FDFL-Scal
medical_resource_allocation,fdfl-scal,44,3,5.0,11.027819658763413,47.89146656554324,200.6339660606646,1107.9310355615626,35.63419617205726,209.95714275670807,3.9514729200000147,140,4.0,1592.0939259992792,11.804502999893884,0,0,8719.68433487849,345.53411322500517,826.4040391412029,425602.0553190272,0.2204401003270051,0.18473685071942159,0.8864972062436232,16.234006110794688,cuda,0.18770444449740553,0.18831045142137956,0.15803969191749165,0.1584690694221656,1.4296689998900547,10.37483400000383,17.514514985000005,FDFL-Scal,2.0,64,FDFL-Scal
medical_resource_allocation,fdfl-scal,55,0,0.0,10.757279041720075,58.42238725936362,214.08222300008595,1069.936298716848,37.780887435919176,220.11112226032026,4.813651918000005,140,4.0,2018.322876000184,21.638981000023705,0,0,1757.2669697536244,330.1000894318026,447.61423727297006,37233.971822755586,0.3220640880551056,0.26550169399218504,0.9194346798001376,16.338668112990362,cuda,0.1830995744680203,0.18185264329324252,0.15476260698542713,0.15387082672718705,2.2682530000111,19.370728000012605,4.813651918000005,FDFL-Scal,2.0,64,FDFL-Scal
medical_resource_allocation,fdfl-scal,55,1,0.5,10.73429753847126,54.17214494282979,207.85575988524943,1067.2267314944938,36.038483604509565,214.420268035192,5.26938853799993,140,4.0,2174.044440999978,13.707125999872005,0,0,3282.229154213288,312.7686754253253,473.6850547153997,120649.31183000036,0.31139665592158783,0.24286910019035696,0.9152506061579792,16.354727276491094,cuda,0.18270840645525668,0.18139210936972133,0.15448305386013061,0.15354098603764582,1.5832219999083463,12.123903999963659,10.083040455999935,FDFL-Scal,2.0,64,FDFL-Scal
medical_resource_allocation,fdfl-scal,55,2,1.0,10.81604154362892,53.99774318565492,209.24944989457626,1075.81751694792,35.5674240772995,216.10546908457627,3.979167094000104,140,4.0,1620.5839179997383,12.929141999620697,0,0,11300.770157036357,345.1398564154276,527.7633485355846,649836.1773752063,0.2996655060889752,0.22178723215234258,0.9155375841613508,16.340540410625607,cuda,0.1840997706191527,0.1828522496084853,0.15547656978506885,0.1545858746677854,1.535820999833959,11.393320999786738,14.06220755000004,FDFL-Scal,2.0,64,FDFL-Scal
medical_resource_allocation,fdfl-scal,55,3,5.0,11.124336383317193,48.21308881603977,198.23179872220257,1106.4031813876472,34.318926410399925,207.51899495647555,4.459408400000029,140,4.0,1875.836800998286,22.17671700009305,0,0,5496.3310833361675,287.32450033128583,760.0931217987061,206352.63876645223,0.28772826153977077,0.16996061422700365,0.8615563953876784,16.385946869736415,cuda,0.1893472550191282,0.18805076837256035,0.1592026670260259,0.15828512836211525,1.4046859998870787,20.77203100020597,18.52161595000007,FDFL-Scal,2.0,64,FDFL-Scal
medical_resource_allocation,pcgrad,11,0,0.0,31.29206986159329,25.450291196514815,164.64247098731,56.90522246921762,22.328571330224726,171.13970809365333,5.361780473999943,140,4.0,1850.701470000331,15.842818000010084,0,0,117.25161061410114,33.56092514414338,84.29065728901551,238.98668884034976,0.4423597850101825,0.1967226575207648,0.5557375066817811,16.804274256636155,cuda,0.05376279352650804,0.055090675995493915,0.05681745883452974,0.05830260597071979,1.444686000013462,14.398131999996622,5.361780473999943,FDFL-PCGrad,0.5,64,PCGrad
medical_resource_allocation,pcgrad,22,0,0.0,31.16013092306332,29.1917400542161,160.08948957981042,56.261873087423965,22.462366667425524,167.07645682511784,4.371565600999929,140,4.0,1650.723546999643,12.194038999950862,0,0,124.6316807030316,36.76092018557132,79.91355192874629,242.53437699042368,0.4348785916129831,0.17308068867559726,0.5294285732492576,16.819268327395037,cuda,0.053536109707199575,0.05446784120447859,0.0565643446689102,0.05760548776454433,1.4217800001006253,10.772258999850237,4.371565600999929,FDFL-PCGrad,0.5,64,PCGrad
medical_resource_allocation,pcgrad,33,0,0.0,31.89790159949655,27.683772471981207,161.93963484814824,57.20102070981602,23.32039512660072,168.49546843700645,6.91786614800003,140,4.0,2224.4189200002893,13.476530999923853,0,0,127.5490687514702,37.78942127242945,93.10236278891962,245.5271656008068,0.42821239214491763,0.20086414265833466,0.671711578157691,17.000284911477657,cuda,0.05480367087277382,0.05537704206745961,0.05798125657489417,0.058623434463906304,1.4598669999941194,12.016663999929733,6.91786614800003,FDFL-PCGrad,0.5,64,PCGrad
medical_resource_allocation,pcgrad,44,0,0.0,30.53886999482006,24.687678413917702,156.45684648943117,55.36384110148231,23.811227893531463,162.6351533603017,4.4244571849999375,140,4.0,1616.3579740004934,12.520879999783574,0,0,124.04303910546153,31.53207729733861,85.8485451886994,247.3982979074801,0.4038894284499108,0.1419833078475046,0.5484094914522052,16.62740491466948,cuda,0.05246872352408793,0.05359844491667981,0.05537413363201185,0.056633935805358075,1.4083149999351008,11.112564999848473,4.4244571849999375,FDFL-PCGrad,0.5,64,PCGrad
medical_resource_allocation,pcgrad,55,0,0.0,30.81875958674118,26.337384810013955,158.9341547287613,55.44386970343862,23.166819012785723,165.67246400391255,7.026902801999995,140,4.0,2376.089682000611,13.324246999900424,0,0,117.32227112863701,33.86640308632997,74.56304095756937,238.67981586728078,0.4888312217409818,0.15204527577385626,0.5336853202013323,16.799332182674775,cuda,0.05294960083285115,0.05367592163304152,0.05591001374310794,0.05672044372543956,1.520758999959071,11.803487999941353,7.026902801999995,FDFL-PCGrad,0.5,64,PCGrad
medical_resource_allocation,pcgrad,11,0,0.0,9.214739172011512,91.97749377679659,290.68494471633755,932.8187218118555,63.743818077140574,298.42458378396844,4.424190667999937,140,4.0,1645.8287459993244,13.528818999930081,0,0,4909.787073444171,327.68342727625065,479.54136293759325,63297.81360063759,0.19284605292456197,0.12568677139394438,0.9252483128562395,16.13463925348583,cuda,0.15684401368464662,0.15854733639596127,0.13557922401749314,0.1368501151529763,1.5582109999741078,11.970607999955973,4.424190667999937,FDFL-PCGrad,2.0,64,PCGrad
medical_resource_allocation,pcgrad,22,0,0.0,8.599019889628572,69.80469369875622,235.05442341591788,873.0324168805482,41.150718505522455,239.61843157543098,6.769823912999982,140,4.0,2235.309709003104,29.325568000103885,0,0,1021.916486364402,286.8367927071116,376.3547823861559,19201.109760616517,0.1193757527404808,0.03743314866369941,0.9260656575718067,16.139780810353177,cuda,0.14636385990608994,0.14838570565445547,0.127676617368311,0.12921242830159724,3.6931239999375975,25.632444000166288,6.769823912999982,FDFL-PCGrad,2.0,64,PCGrad
medical_resource_allocation,pcgrad,33,0,0.0,8.902877637364277,100.37192264336952,299.1644274722874,908.8965101256581,67.80895785927548,305.7861115601495,4.78015186399989,140,4.0,1736.1368569993374,12.502884000014092,0,0,2632.5258330484544,310.1676151638783,380.04535210762157,42888.765909859736,0.22887092042681972,0.17014276001071493,0.927108317142531,16.190483325275736,cuda,0.15153582059368054,0.15448137711056012,0.13159453478012992,0.133810194060641,1.4408580000235816,11.06202599999051,4.78015186399989,FDFL-PCGrad,2.0,64,PCGrad
medical_resource_allocation,pcgrad,44,0,0.0,8.645744968811648,63.451795493610966,238.52209965185722,883.6703403571137,44.318215853839874,245.82145228938478,5.189485934000004,140,4.0,1891.079917999832,23.987147999832814,0,0,1085.916367209212,297.479074750901,387.32490123335907,12530.979106014773,0.06837605454970314,0.034826379381699864,0.926125615099609,15.999354776712433,cuda,0.14715916716568833,0.15019378946812242,0.12828138533668154,0.1305812905993656,1.4918619999662042,22.49528599986661,5.189485934000004,FDFL-PCGrad,2.0,64,PCGrad
medical_resource_allocation,pcgrad,55,0,0.0,8.70189621491199,60.832428160671,218.5523837554415,873.9836065107247,38.742293222272984,222.822912725674,5.2020444009999665,140,4.0,1799.6317490005822,13.165132000040103,0,0,1104.8760809831085,265.928458828016,348.40183771150987,32102.774300019784,0.15722606465875458,0.09012632739798264,0.9199059951760677,16.17506818871999,cuda,0.14811491714920627,0.14854737541809296,0.12900704880394617,0.12933500053841393,1.6931519999161537,11.47198000012395,5.2020444009999665,FDFL-PCGrad,2.0,64,PCGrad
medical_resource_allocation,mgda,11,0,0.0,31.044689216934103,100.25140341617035,320.06722523274215,57.5923452939503,71.79904566753336,329.20007691049574,4.32552825200014,140,4.0,1622.668093998982,12.112532000173815,0,0,0.0073732898049047825,0.0017299334424612162,0.0027207108938025375,0.0437230324077092,0.19995126215660367,0.2496150996240625,0.9238549278751157,16.135645184277124,cuda,0.05333776972398899,0.05575588841825412,0.05634297853885826,0.0590481716903216,1.4223610000954068,10.690171000078408,4.32552825200014,FDFL-MGDA,0.5,64,MGDA
medical_resource_allocation,mgda,22,0,0.0,31.01476115545256,104.89060137720541,322.2519812974378,56.56289404676579,72.10875688099402,331.81564003916714,7.194176732999949,140,4.0,2354.2857729980824,13.244687999758753,0,0,0.004583650185481965,0.0015725496851066911,0.002257016713328855,0.02883953703293825,0.16039783599306323,0.2225661657863174,0.9353753866074495,16.11878194254406,cuda,0.05328635042839117,0.05475926345746994,0.05628560489489449,0.05793155260930305,1.7640159999245952,11.480671999834158,7.194176732999949,FDFL-MGDA,0.5,64,MGDA
medical_resource_allocation,mgda,33,0,0.0,30.83290788392651,107.08083138876549,332.6887996736388,57.61239558196212,77.14167466228879,341.6596450521734,4.937340812000002,140,4.0,1719.8598850002327,12.707686999874568,0,0,0.005480149542688431,0.0015954769070259504,0.00226613689020644,0.03062234746897357,0.22281961716511936,0.27570832041298154,0.9259316973550487,16.213826801095482,cuda,0.05297390897174036,0.055775299359333785,0.055937116699944854,0.05906994311999005,1.5651599999273458,11.142526999947222,4.937340812000002,FDFL-MGDA,0.5,64,MGDA
medical_resource_allocation,mgda,44,0,0.0,30.01294065915056,91.46508883454703,300.40420199661366,55.53441422627304,64.38052057529741,309.6287871436712,7.34065763600006,140,4.0,2398.8367439992544,13.080284999887226,0,0,0.00551673890787082,0.0015385037075231016,0.0022846348706272194,0.03599634891209999,0.1499277096289892,0.22087117002269338,0.9292570173804665,15.938558018175366,cuda,0.05156512620987391,0.05376357894732996,0.05436865264539447,0.05681833604282426,1.5254029999596241,11.554881999927602,7.34065763600006,FDFL-MGDA,0.5,64,MGDA
medical_resource_allocation,mgda,55,0,0.0,30.627196939391297,89.62508936927931,295.2268550328989,56.2644349628506,61.064655480971425,303.4569478631257,5.005372529999931,140,4.0,1725.4069090006396,13.555567999901541,0,0,0.003873572444371627,0.0014013306752081321,0.0019522481239088864,0.022798811506991423,0.21470400859143152,0.28000851842220026,0.9271128980148294,16.080872169546215,cuda,0.05262047773225678,0.05447032138894929,0.055543186754025566,0.05760826193098903,1.5704759998698137,11.985092000031727,5.005372529999931,FDFL-MGDA,0.5,64,MGDA
medical_resource_allocation,mgda,11,0,0.0,10.348273352476888,103.98315055255722,318.401029221547,1039.7156030616206,72.89526337231095,327.56510988452914,7.598898684999995,140,4.0,2540.0970799989864,13.31420899987279,0,0,1327.401791032099,26.460069308115283,167.67072929206256,19752.69276036606,0.2555264630651156,0.18016735250492988,0.9230945459229588,16.12329433253956,cuda,0.17613789137278915,0.17671615676254476,0.14975955852183356,0.1501773862345337,1.5687009999965085,11.745507999876281,7.598898684999995,FDFL-MGDA,2.0,64,MGDA
medical_resource_allocation,mgda,22,0,0.0,9.144480359503682,74.32387682134764,251.47755793564573,934.5617037069778,46.41570854594222,257.93788159048853,5.119794073000094,140,4.0,1741.0180839983695,13.488907000237305,0,0,292.3786232275982,59.01938783556392,84.8560464592112,6400.369920205505,0.15439779658418812,0.051059583830283674,0.9282918247386034,16.13485955116652,cuda,0.15564813890786336,0.15884358381295272,0.13468471385672587,0.13707077126863693,1.63535500018952,11.853552000047785,5.119794073000094,FDFL-MGDA,2.0,64,MGDA
medical_resource_allocation,mgda,33,0,0.0,9.617256567008504,109.41959164752984,319.9719647338165,977.2546463382159,74.58829967592428,327.61259249181836,7.562178956000025,140,4.0,2488.7297429986575,14.511793000110629,0,0,681.6296761356189,25.040495029869675,125.1475981817403,16029.073671027454,0.3234388748819175,0.2496838000556193,0.9246965895169341,16.189927905076967,cuda,0.16369525956700132,0.16609992652865307,0.14066849393879166,0.14244055998109328,1.7328890000953834,12.778904000015245,7.562178956000025,FDFL-MGDA,2.0,64,MGDA
medical_resource_allocation,mgda,44,0,0.0,9.21317605819808,67.61590384784736,252.93001382795046,944.1033242757985,50.045326838446144,261.7774566120691,5.0508804050000435,140,4.0,1746.7951280000307,14.212011000154234,0,0,332.7659379684213,68.82078735864314,80.6209451792997,4176.993035338258,0.043250769877883316,0.005645220531092479,0.9276957639584422,15.981970567364133,cuda,0.156817407934905,0.16046533355994436,0.13555934312472695,0.13827671445185435,1.5707790000760724,12.641232000078162,5.0508804050000435,FDFL-MGDA,2.0,64,MGDA
medical_resource_allocation,mgda,55,0,0.0,9.429045371568527,59.16889703597322,225.2290108014416,952.3636831467129,48.34050078452058,233.51689902330722,7.466272147000154,140,4.0,2398.563080000713,13.203629999907207,0,0,215.1089404461196,54.149168560535614,78.28855012567229,2524.6247065372454,0.18196808910406584,0.07227049253201424,0.9135243409852588,16.194322578264448,cuda,0.16049171807091062,0.16186931256040268,0.13829630627411676,0.1393180031613818,1.5517659999204625,11.651863999986745,7.466272147000154,FDFL-MGDA,2.0,64,MGDA
medical_resource_allocation,cagrad,11,0,0.0,32.15486805543617,28.692551882221416,169.3267927945893,58.31890116176851,22.837149485344284,176.14374956053592,5.005617855999844,140,4.0,1745.590263001077,12.984534999986863,0,0,62.031408041692366,12.835675766812637,33.71420348541883,158.5662304905273,0.427459819208716,0.21735969298462074,0.6180120169349266,16.764579136106114,cuda,0.055245164023435496,0.05645927647597149,0.058475661536392394,0.05983766791230997,1.5684190000229137,11.41611599996395,5.005617855999844,FDFL-CAGrad,0.5,64,CAGrad
medical_resource_allocation,cagrad,22,0,0.0,31.63788589846922,31.38609049008008,162.6137332781372,57.05370148152656,22.509850802529776,169.53468558946682,7.411806213000091,140,4.0,2507.9991989996415,12.4666869999146,0,0,60.12757982139719,14.367867524331688,43.57001703619245,159.38834191221582,0.4353185273758306,0.19907164481055517,0.6084330181038623,16.789387244165987,cuda,0.054356938825011775,0.0552344204323717,0.057481454744110046,0.05846362486835064,1.526648999970348,10.940037999944252,7.411806213000091,FDFL-CAGrad,0.5,64,CAGrad
medical_resource_allocation,cagrad,33,0,0.0,32.70292399397499,30.671846291630796,166.29529168462435,58.43522421151647,24.17319331406304,173.07890818996677,4.783215805000054,140,4.0,1687.0398369987925,13.136035000115953,0,0,71.89184212966573,11.795216890800921,60.978799004827074,163.40055780937868,0.40090983064254326,0.19592849332632217,0.7060760161934085,16.957505226454046,cuda,0.056186776975054385,0.05657189031291658,0.0595316696188832,0.05996417716627117,1.847826000130226,11.288208999985727,4.783215805000054,FDFL-CAGrad,0.5,64,CAGrad
medical_resource_allocation,cagrad,44,0,0.0,31.481434225660337,25.736702959854984,160.78306109920237,56.85334081810379,23.122888536267528,166.64208715981192,7.190045991000034,140,4.0,2376.8737739999324,12.770116999945458,0,0,62.95289765571232,11.961411074509172,50.014286269461856,165.05074952166817,0.4189564011019163,0.165703685605122,0.5764071299733251,16.61035011496008,cuda,0.05408813976444134,0.05504044870338255,0.05718095103593676,0.0582463541723657,1.6153199999280332,11.154797000017425,7.190045991000034,FDFL-CAGrad,0.5,64,CAGrad
medical_resource_allocation,cagrad,55,0,0.0,31.573680764325104,28.61308320340959,163.04949802653357,56.75990282060843,22.833876051607913,169.5752317433699,4.75512737300005,140,4.0,1644.0817110001262,13.926726999898165,0,0,64.47878541857789,13.000943853865165,32.8239737907999,157.74485795669474,0.4805475942052958,0.1797804672785344,0.6202792621115003,16.75813871679308,cuda,0.05424662821323059,0.05494999017915011,0.05735811241227178,0.058145060693207976,1.5254229999754898,12.401303999922675,4.75512737300005,FDFL-CAGrad,0.5,64,CAGrad
medical_resource_allocation,cagrad,11,0,0.0,9.707831583692801,97.59869302314836,303.68837976593113,978.1807591433908,67.78304973183998,312.1167119292394,6.8456232240000645,140,4.0,2309.5946119999553,28.714952999962406,0,0,3246.9322989159878,183.46226543061692,312.1894068154193,42198.54240042506,0.20572892071634022,0.13012761127510047,0.9247260294921312,16.12998918200317,cuda,0.16523693631890202,0.1662573340881599,0.14180543987980826,0.142556303166272,3.58621000009407,25.128742999868336,6.8456232240000645,FDFL-CAGrad,2.0,64,CAGrad
medical_resource_allocation,cagrad,22,0,0.0,8.853166992981592,70.83350494555495,239.30305413962762,900.5646623471102,41.77998013079184,244.4350140611015,4.774553490000017,140,4.0,1679.1526949994022,13.10879999982717,0,0,616.101973764103,152.6471755893098,205.65717115913196,12800.739840411012,0.13684649227668835,0.040962889958390196,0.9266966860787094,16.145972119140588,cuda,0.15068969604883045,0.15306524743642627,0.13095597932810188,0.13274638861654312,1.541397999972105,11.567401999855065,4.774553490000017,FDFL-CAGrad,2.0,64,CAGrad
medical_resource_allocation,cagrad,33,0,0.0,9.316251281211017,105.43644314573781,310.56335950401603,947.7175222005453,71.59801177240746,317.85778071889547,5.84492509100005,140,4.0,1979.9954150005306,26.4350340000874,0,0,1723.8985466033967,175.2190234391351,234.4758934356641,28592.510606573152,0.2710190927590141,0.20487014000509005,0.9262161523131647,16.19204413744108,cuda,0.15857185061494236,0.16107962381889565,0.13686837853929923,0.1387326248040511,5.674899000041478,20.76013500004592,5.84492509100005,FDFL-CAGrad,2.0,64,CAGrad
medical_resource_allocation,cagrad,44,0,0.0,8.873030334118319,63.66272746265983,241.54037171318365,908.2958217583473,44.885552803220754,249.24151185674603,5.249853401000109,140,4.0,1774.8855689994798,12.886216999959288,0,0,609.3550363108823,161.52042858694202,207.98364751610143,8353.986070676516,0.06480227055175178,0.02858837517013952,0.926155816967146,15.997656563180927,cuda,0.15102778984518384,0.15437928059554146,0.13121124544308133,0.13373358582449396,1.4969119999932445,11.389304999966043,5.249853401000109,FDFL-CAGrad,2.0,64,CAGrad
medical_resource_allocation,cagrad,55,0,0.0,9.034784878253909,60.54631650422695,222.67063167310826,908.469658824084,40.502278175468334,228.09886674421497,4.88775035499998,140,4.0,1682.3027900002216,12.717687000076694,0,0,699.6366123629815,140.5482454003969,193.97391537641403,21401.849656014892,0.16966846959101875,0.08088691604775153,0.9192065693600228,16.184197384948195,cuda,0.15378101285674936,0.15440882696194147,0.13328440244998419,0.13375575736743048,1.4696850000746053,11.248002000002089,4.88775035499998,FDFL-CAGrad,2.0,64,CAGrad
