task,method,seed,stage_idx,lambda,iter,alpha_t,beta_t,lr_t,loss_dec,loss_pred,loss_fair,grad_norm_dec,grad_norm_pred,grad_norm_fair,grad_norm_combined,delta_theta_l2,cos_dec_pred,cos_dec_fair,cos_pred_fair,solver_calls,decision_ms,nan_or_inf_flag,nan_or_inf_steps_so_far,exploding_steps_so_far,device,guided_norm_dec,guided_norm_pred,guided_scale,guided_ratio_pred_over_dec,guided_dir_norm,loss_dec_normalized,loss_dec_normalized_true,mo_grad_norm_decision_regret,mo_grad_norm_pred_fairness,mo_grad_norm_pred_loss,mo_cos_decision_regret_pred_fairness,mo_cos_decision_regret_pred_loss,mo_cos_pred_fairness_pred_loss,direction_alignment_with_dec_regret,stationarity_proxy,mo_pcgrad_n_projections,mo_pcgrad_conflict_fraction,mo_method,mo_mgda_lambda_decision_regret,mo_mgda_lambda_pred_fairness,mo_mgda_lambda_pred_loss,mo_mgda_min_norm
md_knapsack,fpto,11,0,0.0,0,1.0,0.0,0.0005,0.0,6.650629153797473,1.9498361466342677,1e-06,1.269420383033005,0.6208317402440324,1.269420383033005,0.0006347101915163101,0.0,0.0,0.49504230555362555,0,0.0,0,0,0,cpu,,,,,,0.0,0.0,,,,,,,,,,,,,,,
md_knapsack,fpto,11,0,0.0,5,1.0,0.0,0.0004987531172069826,0.0,6.6466001323307,1.948860532002717,1e-06,1.2709919839850574,0.621808836711587,1.2709919839850574,0.0006339112139574348,0.0,0.0,0.49496514653703194,0,0.0,0,0,0,cpu,,,,,,0.0,0.0,,,,,,,,,,,,,,,
md_knapsack,fpto,11,0,0.0,10,1.0,0.0,0.0004975124378109454,0.0,6.642563530999238,1.9478884536862346,1e-06,1.2779137985628484,0.6210801779968381,1.2779137985628484,0.0006357780092350537,0.0,0.0,0.4869670148216472,0,0.0,0,0,0,cpu,,,,,,0.0,0.0,,,,,,,,,,,,,,,
md_knapsack,fpto,11,0,0.0,15,1.0,0.0,0.0004962779156327543,0.0,6.638500462574791,1.9469267625989144,1e-06,1.279582002126006,0.6220572471951649,1.279582002126006,0.000635028288896078,0.0,0.0,0.4868477825837302,0,0.0,0,0,0,cpu,,,,,,0.0,0.0,,,,,,,,,,,,,,,
md_knapsack,fpto,11,0,0.0,20,1.0,0.0,0.0004950495049504951,0.0,6.634436825711928,1.9459649168208748,1e-06,1.2812705747116797,0.6230393682121071,1.2812705747116797,0.0006342923637184621,0.0,0.0,0.4867310746867287,0,0.0,0,0,0,cpu,,,,,,0.0,0.0,,,,,,,,,,,,,,,
md_knapsack,fpto,11,0,0.0,25,1.0,0.0,0.0004938271604938272,0.0,6.630372480003554,1.945002886412373,1e-06,1.2829795707126095,0.6240265691420387,1.2829795707126095,0.0006335701583764061,0.0,0.0,0.4866168731979901,0,0.0,0,0,0,cpu,,,,,,0.0,0.0,,,,,,,,,,,,,,,
md_knapsack,fpto,11,1,0.5,0,1.0,0.5,0.0005,0.0,6.650629153797473,1.9498361466342677,1e-06,1.269420383033005,0.6208317402440324,1.4484223184427645,0.0007242111592212047,0.0,0.0,0.49504230555362555,0,0.0,0,0,0,cpu,,,,,,0.0,0.0,,,,,,,,,,,,,,,
md_knapsack,fpto,11,1,0.5,5,1.0,0.5,0.0004987531172069826,0.0,6.646111999651259,1.9483779541634052,1e-06,1.2710811135460107,0.6221185837695679,1.4504759597515267,0.0007234294063596852,0.0,0.0,0.49506026373008016,0,0.0,0,0,0,cpu,,,,,,0.0,0.0,,,,,,,,,,,,,,,
md_knapsack,fpto,11,1,0.5,10,1.0,0.5,0.0004975124378109454,0.0,6.641580964954791,1.9469270082530274,1e-06,1.2781105594234714,0.6217002801006273,1.4550872568477065,0.0007239240083817679,0.0,0.0,0.4871428249801585,0,0.0,0,0,0,cpu,,,,,,0.0,0.0,,,,,,,,,,,,,,,
md_knapsack,fpto,11,1,0.5,15,1.0,0.5,0.0004962779156327543,0.0,6.637034721944812,1.9454823371412355,1e-06,1.2798756823664734,0.6229917448709485,1.4572275360692655,0.0007231898442029381,0.0,0.0,0.48711316775328156,0,0.0,0,0,0,cpu,,,,,,0.0,0.0,,,,,,,,,,,,,,,
md_knapsack,fpto,11,1,0.5,20,1.0,0.5,0.0004950495049504951,0.0,6.632486836075086,1.9440359640130633,1e-06,1.2816659411894642,0.6242914573251821,1.4593962789209667,0.0007224734054062537,0.0,0.0,0.4870876596197268,0,0.0,0,0,0,cpu,,,,,,0.0,0.0,,,,,,,,,,,,,,,
md_knapsack,fpto,11,1,0.5,25,1.0,0.5,0.0004938271604938272,0.0,6.627937955744588,1.9425885859651812,1e-06,1.283403617686312,0.625216964307498,1.4613318685899375,0.000721645367204741,0.0,0.0,0.4868384090716563,0,0.0,0,0,0,cpu,,,,,,0.0,0.0,,,,,,,,,,,,,,,
md_knapsack,fpto,22,0,0.0,0,1.0,0.0,0.0005,0.0,6.930656401351119,1.9420252955416373,1e-06,1.1318274167133007,0.5217676713754669,1.1318274167133007,0.0005659137083564358,0.0,0.0,0.42703258513176534,0,0.0,0,0,0,cpu,,,,,,0.0,0.0,,,,,,,,,,,,,,,
md_knapsack,fpto,22,0,0.0,5,1.0,0.0,0.0004987531172069826,0.0,6.927453405432907,1.9413956442225835,1e-06,1.1334050965958862,0.5219634211456645,1.1334050965958862,0.0005652893249852668,0.0,0.0,0.42583357851262393,0,0.0,0,0,0,cpu,,,,,,0.0,0.0,,,,,,,,,,,,,,,
md_knapsack,fpto,22,0,0.0,10,1.0,0.0,0.0004975124378109454,0.0,6.924250584387845,1.9407676502276305,1e-06,1.134391789321586,0.5223781796051221,1.134391789321586,0.0005643740245378855,0.0,0.0,0.425644458143658,0,0.0,0,0,0,cpu,,,,,,0.0,0.0,,,,,,,,,,,,,,,
md_knapsack,fpto,22,0,0.0,15,1.0,0.0,0.0004962779156327543,0.0,6.92105013690765,1.940140448711327,1e-06,1.1353875200594574,0.5227949976050497,1.1353875200594574,0.0005634677518903345,0.0,0.0,0.4254559663472282,0,0.0,0,0,0,cpu,,,,,,0.0,0.0,,,,,,,,,,,,,,,
md_knapsack,fpto,22,0,0.0,20,1.0,0.0,0.0004950495049504951,0.0,6.917851716332282,1.9395141608899595,1e-06,1.136450069428124,0.5231989073760042,1.136450069428124,0.000562599044271122,0.0,0.0,0.4251622203092246,0,0.0,0,0,0,cpu,,,,,,0.0,0.0,,,,,,,,,,,,,,,
md_knapsack,fpto,22,0,0.0,25,1.0,0.0,0.0004938271604938272,0.0,6.91465582607305,1.9388883961683954,1e-06,1.1372653728996835,0.5235170294754844,1.1372653728996835,0.0005616125298267821,0.0,0.0,0.425604136942213,0,0.0,0,0,0,cpu,,,,,,0.0,0.0,,,,,,,,,,,,,,,
md_knapsack,fpto,22,1,0.5,0,1.0,0.5,0.0005,0.0,6.930656401351119,1.9420252955416373,1e-06,1.1318274167133007,0.5217676713754669,1.2654162074892836,0.0006327081037444404,0.0,0.0,0.42703258513176534,0,0.0,0,0,0,cpu,,,,,,0.0,0.0,,,,,,,,,,,,,,,
md_knapsack,fpto,22,1,0.5,5,1.0,0.5,0.0004987531172069826,0.0,6.927138421407352,1.941055396917974,1e-06,1.1333975673041798,0.5221694755736557,1.2667903346856422,0.0006318156282719463,0.0,0.0,0.4258052718539595,0,0.0,0,0,0,cpu,,,,,,0.0,0.0,,,,,,,,,,,,,,,
md_knapsack,fpto,22,1,0.5,10,1.0,0.5,0.0004975124378109454,0.0,6.923621566499449,1.9400870901250618,1e-06,1.1343779938942558,0.5227916406459869,1.2678857941559905,0.0006307889523162159,0.0,0.0,0.4255897760914299,0,0.0,0,0,0,cpu,,,,,,0.0,0.0,,,,,,,,,,,,,,,
md_knapsack,fpto,22,1,0.5,15,1.0,0.5,0.0004962779156327543,0.0,6.920107388596958,1.93911942152656,1e-06,1.1354264295107668,0.5234021604915565,1.2690205015484022,0.0006297868494034698,0.0,0.0,0.4252716315261181,0,0.0,0,0,0,cpu,,,,,,0.0,0.0,,,,,,,,,,,,,,,
md_knapsack,fpto,22,1,0.5,20,1.0,0.5,0.0004950495049504951,0.0,6.916595587835227,1.9381524915080848,1e-06,1.1364290684917517,0.5240318256622063,1.2701405269927777,0.0006287824391051508,0.0,0.0,0.42505955624571995,0,0.0,0,0,0,cpu,,,,,,0.0,0.0,,,,,,,,,,,,,,,
md_knapsack,fpto,22,1,0.5,25,1.0,0.5,0.0004938271604938272,0.0,6.913086309028657,1.937186136299553,1e-06,1.1374428215517853,0.5246651390705585,1.2712729180648938,0.0006277890953404987,0.0,0.0,0.4248495743637421,0,0.0,0,0,0,cpu,,,,,,0.0,0.0,,,,,,,,,,,,,,,
md_knapsack,fpto,33,0,0.0,0,1.0,0.0,0.0005,0.0,6.874176551294616,1.9336771703665852,1e-06,1.0398502999156265,0.5512548657299481,1.0398502999156265,0.0005199251499575781,0.0,0.0,0.4056254391356307,0,0.0,0,0,0,cpu,,,,,,0.0,0.0,,,,,,,,,,,,,,,
md_knapsack,fpto,33,0,0.0,5,1.0,0.0,0.0004987531172069826,0.0,6.8714759964300045,1.9330967132211256,1e-06,1.0398792715708063,0.5514011691157276,1.0398792715708063,0.000518643028214629,0.0,0.0,0.4052825749605477,0,0.0,0,0,0,cpu,,,,,,0.0,0.0,,,,,,,,,,,,,,,
md_knapsack,fpto,33,0,0.0,10,1.0,0.0,0.0004975124378109454,0.0,6.868779543654796,1.932518197336782,1e-06,1.0408486186569552,0.5511921574888796,1.0408486186569552,0.0005178351336599321,0.0,0.0,0.40482103340419556,0,0.0,0,0,0,cpu,,,,,,0.0,0.0,,,,,,,,,,,,,,,
md_knapsack,fpto,33,0,0.0,15,1.0,0.0,0.0004962779156327543,0.0,6.866086711471023,1.9319407418935586,1e-06,1.0410943447961618,0.5516419975978599,1.0410943447961618,0.0005166721314122436,0.0,0.0,0.4048486548848469,0,0.0,0,0,0,cpu,,,,,,0.0,0.0,,,,,,,,,,,,,,,
md_knapsack,fpto,33,0,0.0,20,1.0,0.0,0.0004950495049504951,0.0,6.863399273154391,1.9313640710474473,1e-06,1.0413456230838123,0.5520913375891484,1.0413456230838123,0.0005155176351897717,0.0,0.0,0.4048776500703063,0,0.0,0,0,0,cpu,,,,,,0.0,0.0,,,,,,,,,,,,,,,
md_knapsack,fpto,33,0,0.0,25,1.0,0.0,0.0004938271604938272,0.0,6.860717196160563,1.9307879490500364,1e-06,1.0415219035865142,0.552545971541646,1.0415219035865142,0.0005143318042400183,0.0,0.0,0.40532789291638444,0,0.0,0,0,0,cpu,,,,,,0.0,0.0,,,,,,,,,,,,,,,
md_knapsack,fpto,33,1,0.5,0,1.0,0.5,0.0005,0.0,6.874176551294616,1.9336771703665852,1e-06,1.0398502999156265,0.5512548657299481,1.1788862419512125,0.0005894431209754009,0.0,0.0,0.4056254391356307,0,0.0,0,0,0,cpu,,,,,,0.0,0.0,,,,,,,,,,,,,,,
md_knapsack,fpto,33,1,0.5,5,1.0,0.5,0.0004987531172069826,0.0,6.871185579644707,1.9327171395445006,1e-06,1.04034806519235,0.5513147450786082,1.179213557686542,0.000588136437748688,0.0,0.0,0.4048989526558592,0,0.0,0,0,0,cpu,,,,,,0.0,0.0,,,,,,,,,,,,,,,
md_knapsack,fpto,33,1,0.5,10,1.0,0.5,0.0004975124378109454,0.0,6.868198281382851,1.9317596361173512,1e-06,1.0409542527198086,0.55168483580072,1.1798824039109461,0.0005870061710997601,0.0,0.0,0.40476462214120057,0,0.0,0,0,0,cpu,,,,,,0.0,0.0,,,,,,,,,,,,,,,
md_knapsack,fpto,33,1,0.5,15,1.0,0.5,0.0004962779156327543,0.0,6.86521576179728,1.930802945907918,1e-06,1.0412546811094898,0.5523831937256662,1.1803826532687822,0.0005857978428130849,0.0,0.0,0.4047663420795152,0,0.0,0,0,0,cpu,,,,,,0.0,0.0,,,,,,,,,,,,,,,
md_knapsack,fpto,33,1,0.5,20,1.0,0.5,0.0004950495049504951,0.0,6.86223846000172,1.9298466475368552,1e-06,1.0416069886789194,0.5531287684556876,1.1809665594418368,0.0005846369106145558,0.0,0.0,0.4048458832268607,0,0.0,0,0,0,cpu,,,,,,0.0,0.0,,,,,,,,,,,,,,,
md_knapsack,fpto,33,1,0.5,25,1.0,0.5,0.0004938271604938272,0.0,6.859266300703595,1.92889072233372,1e-06,1.0419198334711346,0.5538321370428974,1.1814822143537018,0.000583448007088042,0.0,0.0,0.40485452840784597,0,0.0,0,0,0,cpu,,,,,,0.0,0.0,,,,,,,,,,,,,,,
md_knapsack,dfl,11,0,0.0,0,0.0,0.0,0.0005,0.0,6.650629153797473,1.9498361466342677,3.0897995433253067,1e-06,1e-06,3.0897995433253067,0.0015448997716625689,0.0,0.0,0.0,17,235.38949999783654,0,0,0,cpu,,,,,,0.0,0.0,,,,,,,,,,,,,,,
md_knapsack,dfl,11,0,0.0,5,0.0,0.0,0.0004987531172069826,0.0,6.646861975858667,1.9494517996952487,1.5783913858711187,1e-06,1e-06,1.5783913858711187,0.000787227623875718,0.0,0.0,0.0,17,232.86940000252798,0,0,0,cpu,,,,,,0.0,0.0,,,,,,,,,,,,,,,
md_knapsack,dfl,11,0,0.0,10,0.0,0.0,0.0004975124378109454,0.0,6.643949476814811,1.9489342645181287,2.2031706656958083,1e-06,1e-06,2.2031706656958083,0.001096104808803771,0.0,0.0,0.0,17,231.90299999987474,0,0,0,cpu,,,,,,0.0,0.0,,,,,,,,,,,,,,,
md_knapsack,dfl,11,0,0.0,15,0.0,0.0,0.0004962779156327543,0.0,6.641168413633112,1.949046959708936,2.3604883718270884,1e-06,1e-06,2.3604883718270884,0.0011714582490455821,0.0,0.0,0.0,17,232.61640000418993,0,0,0,cpu,,,,,,0.0,0.0,,,,,,,,,,,,,,,
md_knapsack,dfl,11,0,0.0,20,0.0,0.0,0.0004950495049504951,0.0,6.639051724049764,1.9482212890566706,1.8865049992674627,1e-06,1e-06,1.8865049992674627,0.0009339133659738626,0.0,0.0,0.0,17,243.2353999975021,0,0,0,cpu,,,,,,0.0,0.0,,,,,,,,,,,,,,,
md_knapsack,dfl,11,0,0.0,25,0.0,0.0,0.0004938271604938272,0.0,6.6410455467208465,1.949368361512517,2.0055486139523246,1e-06,1e-06,2.0055486139523246,0.0009903943772602726,0.0,0.0,0.0,17,251.54650000331458,0,0,0,cpu,,,,,,0.0,0.0,,,,,,,,,,,,,,,
md_knapsack,dfl,22,0,0.0,0,0.0,0.0,0.0005,0.0,6.930656401351119,1.9420252955416373,2.261890263835742,1e-06,1e-06,2.261890263835742,0.0011309451319177625,0.0,0.0,0.0,17,228.52649999549612,0,0,0,cpu,,,,,,0.0,0.0,,,,,,,,,,,,,,,
md_knapsack,dfl,22,0,0.0,5,0.0,0.0,0.0004987531172069826,0.0,6.92876847430553,1.9407784718387524,3.585929078794967,1e-06,1e-06,3.585929078794967,0.0017884933061320806,0.0,0.0,0.0,17,231.28140000335407,0,0,0,cpu,,,,,,0.0,0.0,,,,,,,,,,,,,,,
md_knapsack,dfl,22,0,0.0,10,0.0,0.0,0.0004975124378109454,0.0,6.929053186271335,1.9417083381237208,4.949231315855211,1e-06,1e-06,4.949231315855211,0.002462304137241352,0.0,0.0,0.0,17,235.01799999939976,0,0,0,cpu,,,,,,0.0,0.0,,,,,,,,,,,,,,,
md_knapsack,dfl,22,0,0.0,15,0.0,0.0,0.0004962779156327543,0.0,6.929106620859909,1.9421383840370037,2.373881355268576,1e-06,1e-06,2.373881355268576,0.0011781048909520434,0.0,0.0,0.0,17,231.28649999853224,0,0,0,cpu,,,,,,0.0,0.0,,,,,,,,,,,,,,,
md_knapsack,dfl,22,0,0.0,20,0.0,0.0,0.0004950495049504951,0.0,6.928290393406162,1.9418105422549752,3.2822250222397,1e-06,1e-06,3.2822250222397,0.0016248638723958151,0.0,0.0,0.0,17,232.9736999963643,0,0,0,cpu,,,,,,0.0,0.0,,,,,,,,,,,,,,,
md_knapsack,dfl,22,0,0.0,25,0.0,0.0,0.0004938271604938272,0.0,6.927367837510642,1.942276420846466,2.550635708391604,1e-06,1e-06,2.550635708391604,0.0012595731893290923,0.0,0.0,0.0,17,230.63270000420744,0,0,0,cpu,,,,,,0.0,0.0,,,,,,,,,,,,,,,
md_knapsack,dfl,33,0,0.0,0,0.0,0.0,0.0005,0.0,6.874176551294616,1.9336771703665852,2.9716869897050944,1e-06,1e-06,2.9716869897050944,0.001485843494852453,0.0,0.0,0.0,17,224.11560000182362,0,0,0,cpu,,,,,,0.0,0.0,,,,,,,,,,,,,,,
md_knapsack,dfl,33,0,0.0,5,0.0,0.0,0.0004987531172069826,0.0,6.8733367192569945,1.9330851245733325,2.9874155720650375,1e-06,1e-06,2.9874155720650375,0.0014899828289600386,0.0,0.0,0.0,17,229.8032999970019,0,0,0,cpu,,,,,,0.0,0.0,,,,,,,,,,,,,,,
md_knapsack,dfl,33,0,0.0,10,0.0,0.0,0.0004975124378109454,0.0,6.870803861646081,1.9339601150943633,4.553526986425375,1e-06,1e-06,4.553526986425375,0.0022654363116543694,0.0,0.0,0.0,17,220.5203000048641,0,0,0,cpu,,,,,,0.0,0.0,,,,,,,,,,,,,,,
md_knapsack,dfl,33,0,0.0,15,0.0,0.0,0.0004962779156327543,0.0,6.868637771963824,1.9329508452374269,2.431244999739705,1e-06,1e-06,2.431244999739705,0.001206573200863267,0.0,0.0,0.0,17,236.41610000049695,0,0,0,cpu,,,,,,0.0,0.0,,,,,,,,,,,,,,,
md_knapsack,dfl,33,0,0.0,20,0.0,0.0,0.0004950495049504951,0.0,6.868307011661415,1.9324449006731443,1.5609419338415025,1e-06,1e-06,1.5609419338415025,0.0007727435316045441,0.0,0.0,0.0,17,220.34319999511354,0,0,0,cpu,,,,,,0.0,0.0,,,,,,,,,,,,,,,
md_knapsack,dfl,33,0,0.0,25,0.0,0.0,0.0004938271604938272,0.0,6.866960299163412,1.932938125342581,1.71938742025441,1e-06,1e-06,1.71938742025441,0.0008490802075329021,0.0,0.0,0.0,17,244.04150000191294,0,0,0,cpu,,,,,,0.0,0.0,,,,,,,,,,,,,,,
md_knapsack,fdfl-scal,11,0,0.0,0,1.0,0.0,0.0005,0.0,6.650629153797473,1.9498361466342677,1.5794758864823726,1.269420383033005,0.6208317402440324,1.599488059220716,0.0007997440296102018,0.30600083059101385,0.753298484557849,0.49504230555362555,17,221.09679999994114,0,0,0,cpu,0.7023829463103232,0.30420065734141627,0.46223949849942614,0.43309801147566007,1.5350213567900437,0.0,0.0,,,,,,,,,,,,,,,
md_knapsack,fdfl-scal,11,0,0.0,5,1.0,0.0,0.0004987531172069826,0.0,6.645081323399198,1.9482376154550185,1.7430675515404983,1.27167378766066,0.6223208429470299,1.8305856264755924,0.0009130102875188643,0.38834080475886207,0.6245374728828811,0.4950261411577394,17,229.44229999848176,0,0,0,cpu,0.9917288099117818,0.3049004561271148,0.5498895948247275,0.3074433787541545,1.5369328285822617,0.0,0.0,,,,,,,,,,,,,,,
md_knapsack,fdfl-scal,11,0,0.0,10,1.0,0.0,0.0004975124378109454,0.0,6.638410722134135,1.9465910239671045,2.5978941913756137,1.279625590981967,0.6222294694197478,2.3129628846122894,0.0011507278032895987,0.28755390157204813,0.08037882318284019,0.4869205993360281,17,228.32979999657255,0,0,0,cpu,1.9821359799336464,0.3057729271266404,0.778513661117994,0.15426435432390284,1.5925069299237873,0.0,0.0,,,,,,,,,,,,,,,
md_knapsack,fdfl-scal,11,0,0.0,15,1.0,0.0,0.0004962779156327543,0.0,6.632841250083075,1.9455617994144543,2.181130075831567,1.2824311500813144,0.6234023380355959,1.8039115833831676,0.0008952414805870453,-0.14745398460633044,0.2925806570196836,0.48683090417950053,17,243.69599999772618,0,0,0,cpu,1.4793321196869038,0.30649921025866106,0.6733603243392849,0.20718755861498545,1.5775774719369107,0.0,0.0,,,,,,,,,,,,,,,
md_knapsack,fdfl-scal,11,0,0.0,20,1.0,0.0,0.0004950495049504951,0.0,6.626917547822666,1.944162813947813,2.2617445636138362,1.2851460022524213,0.6248504631053626,2.093329043628806,0.0010363015067468145,0.4111974257806874,-0.06178176094936882,0.4866565105074361,17,220.950000002631,0,0,0,cpu,1.3776324015011439,0.3072494286173986,0.6505972396237485,0.22302715026345402,1.579813056158582,0.0,0.0,,,,,,,,,,,,,,,
md_knapsack,fdfl-scal,11,0,0.0,25,1.0,0.0,0.0004938271604938272,0.0,6.6221270552755485,1.9433339599225683,1.6030586482973086,1.2874174054429974,0.6256809057768421,1.7717522511694024,0.0008749393832933899,0.08072870157879138,-0.40465605029939017,0.48626618878208494,17,230.47330000554211,0,0,0,cpu,1.254549060151921,0.3078792842777322,0.6214898766117394,0.2454103183820083,1.5679750896029159,0.0,0.0,,,,,,,,,,,,,,,
md_knapsack,fdfl-scal,11,1,0.5,0,1.0,0.5,0.0005,0.0,6.650629153797473,1.9498361466342677,2.0143780647009972,1.269420383033005,0.6208317402440324,1.3290711586307473,0.0006645355793151842,-0.634853416703278,-0.08584089907105447,0.49504230555362555,17,223.84969999984605,0,0,0,cpu,0.8317878842068929,0.30420065734141627,0.5030212929333734,0.36571902899435793,1.4437442405987644,0.0,0.0,,,,,,,,,,,,,,,
md_knapsack,fdfl-scal,11,1,0.5,5,1.0,0.5,0.0004987531172069826,0.0,6.645051266377427,1.9480339187526619,2.52360086335904,1.2716553523329253,0.6223948635550309,2.1751187750027907,0.00108484726932796,0.3106848015147667,0.5598919470697659,0.4950027364503242,17,242.80660000658827,0,0,0,cpu,1.1438723462465146,0.30490614759560325,0.590570665064875,0.26655609657503976,1.5878398442417454,0.0,0.0,,,,,,,,,,,,,,,
md_knapsack,fdfl-scal,11,1,0.5,10,1.0,0.5,0.0004975124378109454,0.0,6.638387970944163,1.945690456566207,2.2486374216052747,1.2792878809917205,0.6226381162366118,1.9295527433791513,0.0009599764892432216,-0.49504873933463756,-0.13434120136301195,0.48702452312669087,17,230.3773000021465,0,0,0,cpu,1.704376561802414,0.30575078960808133,0.7218825940280004,0.17939157135835254,1.5273265410007355,0.0,0.0,,,,,,,,,,,,,,,
md_knapsack,fdfl-scal,11,1,0.5,15,1.0,0.5,0.0004962779156327543,0.0,6.63200405888158,1.9439098779779722,1.2268442492588545,1.2822203772654182,0.6243543535855631,1.8162721548960281,0.0009013757592534709,0.48884514802302975,-0.09681525942588663,0.4870490395253468,17,231.76760000205832,0,0,0,cpu,0.7949725114180493,0.3065654693095017,0.49367106564090574,0.38563027640120406,1.505688296633218,0.0,0.0,,,,,,,,,,,,,,,
md_knapsack,fdfl-scal,11,1,0.5,20,1.0,0.5,0.0004950495049504951,0.0,6.626038356480999,1.9420602793418338,2.3109738616914544,1.2847126976485734,0.6260232614037654,2.3571190592765454,0.001166890623404126,0.47105334325384046,-0.07721358051680632,0.48695952272154547,17,231.30799999489682,0,0,0,cpu,1.5619205299625116,0.30731984703071713,0.6928269468938226,0.196757671811954,1.575581353730379,0.0,0.0,,,,,,,,,,,,,,,
md_knapsack,fdfl-scal,11,1,0.5,25,1.0,0.5,0.0004938271604938272,0.0,6.618984979940143,1.9401657324239157,4.689128826582398,1.2881462838206512,0.6275301143761997,2.7181864434154184,0.00134231429304456,0.5170641637768274,-0.17853161815532687,0.4867727746423986,17,235.10209999949438,0,0,0,cpu,1.543276983614942,0.3082051445001562,0.6896708676889349,0.19970824924649783,1.6570115276601494,0.0,0.0,,,,,,,,,,,,,,,
md_knapsack,fdfl-scal,22,0,0.0,0,1.0,0.0,0.0005,0.0,6.930656401351119,1.9420252955416373,3.458902139825156,1.1318274167133007,0.5217676713754669,2.1363380634591578,0.001068169031729462,0.26603308191198666,0.5953879028012586,0.42703258513176534,17,233.94539999571862,0,0,0,cpu,1.4895215677451485,0.2661730618822833,0.6296590477603138,0.17869701765058596,1.5797386607728148,0.0,0.0,,,,,,,,,,,,,,,
md_knapsack,fdfl-scal,22,0,0.0,5,1.0,0.0,0.0004987531172069826,0.0,6.925230496663606,1.941026961404813,1.5071756582611773,1.1342287365863861,0.5226134164281901,1.8097319259644615,0.0009026094393836401,0.6747288750904684,0.561045440663886,0.4258793152961944,17,226.6645999989123,0,0,0,cpu,1.0939102044442304,0.2669623363668991,0.5404006143168455,0.2440441046096022,1.5758096932214651,0.0,0.0,,,,,,,,,,,,,,,
md_knapsack,fdfl-scal,22,0,0.0,10,1.0,0.0,0.0004975124378109454,0.0,6.920376193657285,1.9396293942992195,1.9066783217420888,1.135554013630077,0.5232623591249006,1.9761590202187398,0.000983163691650992,0.37401716034877297,0.45075621150353146,0.42545814405848736,17,236.2658999991254,0,0,0,cpu,1.6518810970734277,0.26767703945905813,0.6649591277687645,0.16204376933260567,1.6134662603057528,0.0,0.0,,,,,,,,,,,,,,,
md_knapsack,fdfl-scal,22,0,0.0,15,1.0,0.0,0.0004962779156327543,0.0,6.915530424597241,1.9388573595108827,3.6686939084480503,1.1373619150293843,0.5238048757949234,1.6377023275795977,0.0008127554975579709,-0.46252362251104523,-0.6880759461713701,0.4252027045688021,17,222.95150000718422,0,0,0,cpu,1.6052675189445742,0.26839115765516974,0.6563837351395725,0.16719403743472655,1.511495632815313,0.0,0.0,,,,,,,,,,,,,,,
md_knapsack,fdfl-scal,22,0,0.0,20,1.0,0.0,0.0004950495049504951,0.0,6.911067409164517,1.9379698210812166,2.5909089107922942,1.1382781486476468,0.5244692560157579,2.240743267816613,0.00110927884545366,0.24062874685240976,0.17782668092915738,0.4261006624819173,17,248.15440000384115,0,0,0,cpu,2.3831725352174993,0.2690408733614967,0.8007314282866935,0.11289189909069793,1.649082391172486,0.0,0.0,,,,,,,,,,,,,,,
md_knapsack,fdfl-scal,22,0,0.0,25,1.0,0.0,0.0004938271604938272,0.0,6.906701145388243,1.9371835238263395,2.8779091590809274,1.1398417234298073,0.5250967179002797,2.418181714931329,0.0011941638098425316,0.5259006815169676,0.27117946459044046,0.42591712174661917,17,222.1196999962558,0,0,0,cpu,2.190194655438041,0.2696751247089626,0.7685317279346098,0.12312838223734379,1.6027831740302676,0.0,0.0,,,,,,,,,,,,,,,
md_knapsack,fdfl-scal,22,1,0.5,0,1.0,0.5,0.0005,0.0,6.930656401351119,1.9420252955416373,3.3143041151638823,1.1318274167133007,0.5217676713754669,2.513168668017696,0.0012565843340087482,0.9027726726536122,0.3900374796750804,0.42703258513176534,17,231.5528000035556,0,0,0,cpu,1.3609374496172928,0.2661730618822833,0.6018678326633684,0.19558067268788396,1.6446380099999898,0.0,0.0,,,,,,,,,,,,,,,
md_knapsack,fdfl-scal,22,1,0.5,5,1.0,0.5,0.0004987531172069826,0.0,6.924038460279388,1.9401482369202205,4.539141494567829,1.134196658934713,0.52277214619555,2.568894962377691,0.0012812443702630884,0.2834731786449975,0.7465500253210847,0.425551607912075,17,222.79859999980545,0,0,0,cpu,1.9314526788565283,0.2671441910990144,0.7183149473170886,0.13831257375519596,1.6248337764568064,0.0,0.0,,,,,,,,,,,,,,,
md_knapsack,fdfl-scal,22,1,0.5,10,1.0,0.5,0.0004975124378109454,0.0,6.91758186157557,1.938751629094913,3.018854243030642,1.1362842361801075,0.5237030299812236,2.1380564397330177,0.001063709671508851,-0.017907307604634586,-0.008859801859533528,0.42507052911297616,17,242.74189999414375,0,0,0,cpu,1.9476863174917753,0.2680993592870002,0.7226157027159054,0.13765017337712662,1.6048763440474896,0.0,0.0,,,,,,,,,,,,,,,
md_knapsack,fdfl-scal,22,1,0.5,15,1.0,0.5,0.0004962779156327543,0.0,6.911788424556136,1.9372839765708387,2.015488982155528,1.1374453967707794,0.5247325842221848,1.5416258167333639,0.0007650748470139065,-0.29487185474557004,-0.5458618980576021,0.4259241705683587,17,220.87469999678433,0,0,0,cpu,1.141869640090256,0.26894560263631023,0.5541667785840112,0.2355309163093715,1.5399878273527359,0.0,0.0,,,,,,,,,,,,,,,
md_knapsack,fdfl-scal,22,1,0.5,20,1.0,0.5,0.0004950495049504951,0.0,6.907004384344094,1.9364646617191479,3.033145437137812,1.1394657596637678,0.5253821326288381,2.2969571753670883,0.0011371075125578634,0.34969013377824176,-0.47417810795688375,0.4258834605474365,17,235.32960000011371,0,0,0,cpu,1.81601444870515,0.26963713097649966,0.6997606203272133,0.14847741501657966,1.5870979896700192,0.0,0.0,,,,,,,,,,,,,,,
md_knapsack,fdfl-scal,22,1,0.5,25,1.0,0.5,0.0004938271604938272,0.0,6.902240399842823,1.935336278387488,2.2718987633044754,1.1436637934310545,0.5273833764353323,1.48226921468826,0.0007319847973767533,-0.26634661787479386,-0.6755160819245513,0.42751929053371507,17,224.20220000640256,0,0,0,cpu,0.9283980404937358,0.27032868172860386,0.5009716742552323,0.2911775660198928,1.4818206549534898,0.0,0.0,,,,,,,,,,,,,,,
md_knapsack,fdfl-scal,33,0,0.0,0,1.0,0.0,0.0005,0.0,6.874176551294616,1.9336771703665852,2.776058254102034,1.0398502999156265,0.5512548657299481,1.7522434096026167,0.0008761217048011697,-0.0718255802759661,-0.16901054224985443,0.4056254391356307,17,249.36220000381581,0,0,0,cpu,1.7455784128235887,0.2762529295721782,0.694421450086667,0.15825867663276194,1.5771650086038844,0.0,0.0,,,,,,,,,,,,,,,
md_knapsack,fdfl-scal,33,0,0.0,5,1.0,0.0,0.0004987531172069826,0.0,6.870263615871278,1.93284756917724,3.8217904144978347,1.0401200844581742,0.5515264657884754,2.1645835190921727,0.0010795927776019575,0.18663955912725674,0.3535542238093264,0.4053715084572453,17,222.006700001657,0,0,0,cpu,2.4107890782446515,0.276752931235405,0.8168187950791213,0.11479765431694874,1.6388696339263684,0.0,0.0,,,,,,,,,,,,,,,
md_knapsack,fdfl-scal,33,0,0.0,10,1.0,0.0,0.0004975124378109454,0.0,6.865694989908635,1.9318910446396682,2.190674877302403,1.0413336828088118,0.5515611406261026,1.5141802739917847,0.0007533235193987353,-0.14237927786196702,0.35996319582052344,0.40500108254669315,17,232.41820000112057,0,0,0,cpu,1.3062324870017366,0.2773263174765965,0.6018742770616533,0.2123100751483819,1.5455599750811753,0.0,0.0,,,,,,,,,,,,,,,
md_knapsack,fdfl-scal,33,0,0.0,15,1.0,0.0,0.0004962779156327543,0.0,6.861508202411748,1.9308961529207782,3.2930855924255034,1.0416028157997232,0.5523026845762533,2.1794528176599353,0.0010816143015680987,0.7063007241242616,0.6148414219917698,0.4054400706971621,17,225.09510000236332,0,0,0,cpu,1.5878100204608985,0.27785913613409646,0.6642194822724845,0.17499520254535328,1.6506989476072147,0.0,0.0,,,,,,,,,,,,,,,
md_knapsack,fdfl-scal,33,0,0.0,20,1.0,0.0,0.0004950495049504951,0.0,6.8568735355200685,1.92977212137319,2.0824252086136488,1.0415244229141702,0.5532202419126405,1.2796816040940235,0.0006335057446008109,-0.40175237330231645,-0.10031196085032476,0.4068302819825462,17,234.91950000607176,0,0,0,cpu,1.2303955054364657,0.27845257341741664,0.5853262293883702,0.22631143578392662,1.5691191726262024,0.0,0.0,,,,,,,,,,,,,,,
md_knapsack,fdfl-scal,33,0,0.0,25,1.0,0.0,0.0004938271604938272,0.0,6.852560988658522,1.9287897755750028,1.5192142572147658,1.0418940879417553,0.5541576184529606,1.4643040507778398,0.0007231131114950656,-0.21125154011310227,-0.13721566119809156,0.4067189962310232,17,229.4938000050024,0,0,0,cpu,1.41792880167088,0.27900074992985274,0.6289699508031469,0.19676640294003458,1.572535510248869,0.0,0.0,,,,,,,,,,,,,,,
md_knapsack,fdfl-scal,33,1,0.5,0,1.0,0.5,0.0005,0.0,6.874176551294616,1.9336771703665852,4.173902475451212,1.0398502999156265,0.5512548657299481,2.6368087835362397,0.0013184043917680312,0.7794179137373163,0.5980862562457393,0.4056254391356307,17,232.9295000017737,0,0,0,cpu,1.9902295008864679,0.2762529295721782,0.7414895347480372,0.13880455969983985,1.655905092787759,0.0,0.0,,,,,,,,,,,,,,,
md_knapsack,fdfl-scal,33,1,0.5,5,1.0,0.5,0.0004987531172069826,0.0,6.869421134489906,1.932187322926676,3.0870018220748627,1.0404978022970237,0.5516672446400913,2.045307989398985,0.0010201037353609762,0.14052906526209324,0.5734625005449657,0.4049540305313604,17,233.187400001043,0,0,0,cpu,1.5923462381571147,0.2768469542181994,0.6639549729421452,0.17386102820113125,1.5847856028816565,0.0,0.0,,,,,,,,,,,,,,,
md_knapsack,fdfl-scal,33,1,0.5,10,1.0,0.5,0.0004975124378109454,0.0,6.865344341284951,1.9307454716425436,1.03056842540567,1.041348811541178,0.5523344766854182,1.5751977720369268,0.0007836804836002947,0.3976605250570095,0.3172391707351489,0.40484423997906066,17,234.06919999979436,0,0,0,cpu,1.000460411891297,0.2773530110240288,0.5267643758345768,0.2772253731656541,1.5664567308779351,0.0,0.0,,,,,,,,,,,,,,,
md_knapsack,fdfl-scal,33,1,0.5,15,1.0,0.5,0.0004962779156327543,0.0,6.861098763372917,1.9294143420781484,3.498470821946366,1.0417979168015785,0.5533226857544499,2.179974302403942,0.0010818731029298815,0.5910628038347704,-0.34109473056739775,0.40493477530481226,17,240.99370000476483,0,0,0,cpu,1.4024114833824783,0.27788849931745013,0.6242707926394732,0.19815047338831712,1.640870667249507,0.0,0.0,,,,,,,,,,,,,,,
md_knapsack,fdfl-scal,33,1,0.5,20,1.0,0.5,0.0004950495049504951,0.0,6.856354838057493,1.9281696424420274,1.0859199346708592,1.041542223699253,0.5543953686352996,1.5923784530829341,0.0007883061648923807,0.45984349641667627,0.3645851123688648,0.4064627850165568,17,228.15319999790518,0,0,0,cpu,0.8477762948283272,0.2784895011756649,0.48589792905022167,0.3284940884458894,1.500075477958744,0.0,0.0,,,,,,,,,,,,,,,
md_knapsack,fdfl-scal,33,1,0.5,25,1.0,0.5,0.0004938271604938272,0.0,6.852613338651567,1.927106074716633,3.9633033726878217,1.041964629881216,0.5551593772151283,1.8292807080579614,0.0009033484978062593,-0.3801970446320203,-0.17853367178679938,0.4065260447902895,17,235.5059999972582,0,0,0,cpu,2.159621845605178,0.27895914691709855,0.7761741220329047,0.1291703672496087,1.5742234518199505,0.0,0.0,,,,,,,,,,,,,,,
md_knapsack,fplg,11,0,0.0,0,1.0,0.0,0.0005,0.0,6.650629153797473,1.9498361466342677,3.062927815008307,1.269420383033005,0.6208317402440324,2.402049241491854,0.0012010246207458247,0.8574638758182584,0.23035810836357973,0.49504230555362555,17,222.7956999995513,0,0,0,cpu,0.9979199378109557,0.30420065734141627,0.5509699638421299,0.30483473254248533,1.602334959980798,0.0,0.0,,,,,,,,,,,,,,,
md_knapsack,fplg,11,0,0.0,5,0.4082482904638631,0.0,0.0004987531172069826,0.0,6.645754616678454,1.9486575505573256,1.8684481137966173,1.2714957949286556,0.6220222387283172,1.0224767201212095,0.0005099634514317734,-0.32529711406381095,-0.03767549734118741,0.49499606218293424,17,241.00329999782844,0,0,0,cpu,1.3989356468978569,0.30481543705038827,0.6530062638402008,0.21789096426723933,1.1431956122688496,0.0,0.0,,,,,,,,,,,,,,,
md_knapsack,fplg,11,0,0.0,10,0.30151134457776363,0.0,0.0004975124378109454,0.0,6.6430045476691335,1.9483942788872928,2.619991216538177,1.2785902075076416,0.6208602375975697,1.1731426073639446,0.000583653038489302,-0.3100413077835524,0.23609067728878105,0.4871800641582268,17,242.20980000245618,0,0,0,cpu,1.236914142899227,0.30516095312201763,0.6143760239277177,0.24671150772578684,1.1014282767435926,0.0,0.0,,,,,,,,,,,,,,,
md_knapsack,fplg,11,0,0.0,15,0.25,0.0,0.0004962779156327543,0.0,6.6413422282317045,1.9477431564091099,2.602490503581154,1.2795211470327643,0.6213587262179603,1.452177989368913,0.0007206838656915953,0.4520257007294466,0.4843954136736044,0.48712447600980113,17,232.5764999986859,0,0,0,cpu,1.617105508198175,0.30533601205134875,0.7026809709530353,0.18881638242118343,1.1046677700669338,0.0,0.0,,,,,,,,,,,,,,,
md_knapsack,fplg,11,0,0.0,20,0.2182178902359924,0.0,0.0004950495049504951,0.0,6.639393249487017,1.946970505595876,2.040159777037287,1.28044886011351,0.621939105608375,0.9897949669899274,0.0004899975084106155,-0.09028286124405659,0.09778636289861946,0.4870714820116376,17,222.4287999997614,0,0,0,cpu,1.516288982467252,0.3055607903152291,0.6806750030880876,0.20151883568924397,1.0707698973034863,0.0,0.0,,,,,,,,,,,,,,,
md_knapsack,fplg,11,0,0.0,25,0.19611613513818404,0.0,0.0004938271604938272,0.0,6.6372100898785344,1.946531897380491,2.9461214348083975,1.2819945221691722,0.6224629683523922,1.12862981422654,0.0005573480564079566,-0.6985186815014278,-0.37317388946199487,0.48718306855307847,17,242.46940000011818,0,0,0,cpu,1.201976387173913,0.30582663717053055,0.6062972838861984,0.25443647681764375,1.056588446747491,0.0,0.0,,,,,,,,,,,,,,,
md_knapsack,fplg,11,1,0.5,0,1.0,0.5,0.0005,0.0,6.637129311909703,1.9469713918755052,1.6528083034845826,1.2830267734141079,0.6223297588117607,1.7196715915841,0.0008598357957919044,-0.055874192124696666,-0.36564205430208324,0.48714194463413324,17,222.5821999963955,0,0,0,cpu,1.0842469420570464,0.38154772514370494,0.6431888946770493,0.351901130954382,1.471867840732387,0.0,0.0,,,,,,,,,,,,,,,
md_knapsack,fplg,11,1,0.5,5,0.4082482904638631,0.5,0.0004987531172069826,0.0,6.631993789730757,1.9455646848087582,2.0446405506511547,1.2854392296306119,0.6236089787774415,1.31356632514408,0.0006551452993235484,-0.09276532849107183,0.15482201332970477,0.4869984442440249,17,237.82379999465775,0,0,0,cpu,1.3282657046200286,0.38236149299349254,0.7126553570349188,0.28786521526795955,1.1605405100862884,0.0,0.0,,,,,,,,,,,,,,,
md_knapsack,fplg,11,1,0.5,10,0.30151134457776363,0.5,0.0004975124378109454,0.0,6.629258395848096,1.9449435243615143,2.383698135988879,1.287315519337736,0.6242955397935914,1.6277920543278352,0.0008098467931977842,0.48988913465324835,-0.2876946031383996,0.48716413044994933,17,221.89280000020517,0,0,0,cpu,1.125138049501278,0.38276213425258654,0.656247088493276,0.3401912631274424,1.1132580504124812,0.0,0.0,,,,,,,,,,,,,,,
md_knapsack,fplg,11,1,0.5,15,0.25,0.5,0.0004962779156327543,0.0,6.626418653584913,1.944056143009293,2.0806748935231885,1.2889147848617797,0.6251446955569364,1.5576430204992266,0.0007730238315131065,0.6439022485696079,0.5780202105917112,0.4872369353659898,17,234.41449999518227,0,0,0,cpu,1.224751049892747,0.3831774063908611,0.6850525022013911,0.3128614639068213,1.0810791489780203,0.0,0.0,,,,,,,,,,,,,,,
md_knapsack,fplg,11,1,0.5,20,0.2182178902359924,0.5,0.0004950495049504951,0.0,6.6243161729369096,1.9433240085954724,3.4325448824684766,1.2900438248185946,0.6258028270092783,1.8185487891260244,0.0009002716777850257,0.5883830714906241,0.32728103695720756,0.48723357398800005,17,222.0212000029278,0,0,0,cpu,2.0715722608354965,0.3834857026747545,0.8913014888846704,0.18511818772862354,1.103362274994697,0.0,0.0,,,,,,,,,,,,,,,
md_knapsack,fplg,11,1,0.5,25,0.19611613513818404,0.5,0.0004938271604938272,0.0,6.623504751739996,1.9432075252886125,1.6572730849178243,1.2912291029728513,0.6259896630304488,1.1004434224399946,0.0005434288505874339,0.10471109188653963,0.34354358862983303,0.48741380042717525,17,231.90070000418928,0,0,0,cpu,1.085934596932263,0.38355745171588973,0.6453822950232371,0.35320492854673713,1.0609160212478848,0.0,0.0,,,,,,,,,,,,,,,
md_knapsack,fplg,22,0,0.0,0,1.0,0.0,0.0005,0.0,6.930656401351119,1.9420252955416373,3.883466964965615,1.1318274167133007,0.5217676713754669,1.5712577176432283,0.0007856288588214527,-0.4576513493109093,-0.09356258688603086,0.42703258513176534,17,233.58559999905992,0,0,0,cpu,1.6195495373508253,0.2661730618822833,0.6565671779998635,0.16435005891679935,1.5910848368538997,0.0,0.0,,,,,,,,,,,,,,,
md_knapsack,fplg,22,0,0.0,5,0.4082482904638631,0.0,0.0004987531172069826,0.0,6.927203495870776,1.9415778745828414,2.3201093484621667,1.1338907825508249,0.522265604219912,1.4566068336881537,0.0007264871988468018,0.3281995289960974,0.05550794856064545,0.4260710047902221,17,240.3522000022349,0,0,0,cpu,1.2735248494117577,0.26667941743985624,0.5827717091076987,0.20940260220523824,1.1601050954673526,0.0,0.0,,,,,,,,,,,,,,,
md_knapsack,fplg,22,0,0.0,10,0.30151134457776363,0.0,0.0004975124378109454,0.0,6.924602418572076,1.9411366049680154,3.0954938534650407,1.1349700973447496,0.5226790256842365,1.5361915535972885,0.0007642744047746083,0.3622303370084521,-0.34782071066620696,0.4259762138213577,17,236.2868000054732,0,0,0,cpu,1.8183298306854443,0.2670469858777185,0.6968353468475105,0.14686388650240179,1.1222327750597565,0.0,0.0,,,,,,,,,,,,,,,
md_knapsack,fplg,22,0,0.0,15,0.25,0.0,0.0004962779156327543,0.0,6.923197135364603,1.9412406985385555,3.6689171422212405,1.1359613108590527,0.5228249143429599,1.5246819283978916,0.0007566659694280728,-0.08207567626980926,0.4308403433628739,0.42620281003730665,17,232.593500004441,0,0,0,cpu,1.441132408347982,0.26725271368195946,0.6206017619262904,0.1854463282720289,1.0896498491438031,0.0,0.0,,,,,,,,,,,,,,,
md_knapsack,fplg,22,0,0.0,20,0.2182178902359924,0.0,0.0004950495049504951,0.0,6.921516673390606,1.940859333583841,3.0380261755601827,1.1365311238292288,0.5232171009487976,1.6989170446202,0.0008410480418910333,0.8330543503240904,0.33397026797314117,0.426165670610651,17,231.27459999523126,0,0,0,cpu,1.354533146464517,0.26747872022390384,0.6019209188233838,0.19746930588007627,1.083651785235651,0.0,0.0,,,,,,,,,,,,,,,
md_knapsack,fplg,22,0,0.0,25,0.19611613513818404,0.0,0.0004938271604938272,0.0,6.918702989980107,1.940392707592499,2.189850888041898,1.1372258750092,0.5236911354304575,1.0074406054170741,0.0004975015335390509,-0.002541730302443378,0.16235048752815742,0.4264826616690315,17,237.02359999879263,0,0,0,cpu,1.4529278558849197,0.2678941112367947,0.6238836563362373,0.18438225280885073,1.0651483271549915,0.0,0.0,,,,,,,,,,,,,,,
md_knapsack,fplg,22,1,0.5,0,1.0,0.5,0.0005,0.0,6.91684889189502,1.9402645043988473,3.0169193060159505,1.1380265896234085,0.523890740580114,2.138993846493911,0.0010694969232468371,0.039362504255786065,0.35297347274341045,0.4265340999898442,17,241.31800000031944,0,0,0,cpu,1.9056024839953456,0.33624079564415654,0.8004631755428079,0.1764485502449512,1.592561625408713,0.0,0.0,,,,,,,,,,,,,,,
md_knapsack,fplg,22,1,0.5,5,0.4082482904638631,0.5,0.0004987531172069826,0.0,6.9125567326298265,1.938716045376319,2.3298593438094213,1.139263895253544,0.5249849261466392,1.423916950800144,0.0007101830178552673,0.09802407071025016,-0.32521739234320984,0.426309519416551,17,226.11979999783216,0,0,0,cpu,1.2410670525810292,0.3369880724549225,0.6467030182677308,0.27153091507351945,1.1147259397143356,0.0,0.0,,,,,,,,,,,,,,,
md_knapsack,fplg,22,1,0.5,10,0.30151134457776363,0.5,0.0004975124378109454,0.0,6.908974737613225,1.9382071085985735,2.8997543959694507,1.1408827652036237,0.5253234092028423,1.8717982306313645,0.000931242900811496,0.4734223695707816,0.8346259824095797,0.42637273486930455,17,230.68110000167508,0,0,0,cpu,1.0763278930528253,0.33760353849693775,0.6028035378774642,0.3136623520360337,1.1252894902645205,0.0,0.0,,,,,,,,,,,,,,,
md_knapsack,fplg,22,1,0.5,15,0.25,0.5,0.0004962779156327543,0.0,6.906273187508425,1.9373440411069824,3.19988238523079,1.1416570314721248,0.5259444557936411,1.7215466792296747,0.0008543655976324439,0.5227361095970081,0.5318349529243476,0.4261504472429456,17,223.82049999578157,0,0,0,cpu,1.7418651499120101,0.3380726383226396,0.7673831812289174,0.1940865734294743,1.1158615666823801,0.0,0.0,,,,,,,,,,,,,,,
md_knapsack,fplg,22,1,0.5,20,0.2182178902359924,0.5,0.0004950495049504951,0.0,6.904431906837635,1.936902449242211,2.30771002123955,1.1425472342139933,0.5263597500597316,1.4048292522666468,0.0006954600258744032,0.4963440927808773,0.17552152741562319,0.42615425344183105,17,240.1292999929865,0,0,0,cpu,1.3838056989765863,0.33836584634053374,0.6842752271601439,0.24451832117093977,1.0647749848639776,0.0,0.0,,,,,,,,,,,,,,,
md_knapsack,fplg,22,1,0.5,25,0.19611613513818404,0.5,0.0004938271604938272,0.0,6.902581574789534,1.9366958595149637,2.0562455717791925,1.1439416001524654,0.5250445842902658,1.1080837448253291,0.0005472018492962336,0.22157483036304274,0.08579211918750507,0.42747986673206384,17,220.07229999871925,0,0,0,cpu,1.6464735322724358,0.33868604055653095,0.7467513652658941,0.20570390833375987,1.067005894308101,0.0,0.0,,,,,,,,,,,,,,,
md_knapsack,fplg,33,0,0.0,0,1.0,0.0,0.0005,0.0,6.874176551294616,1.9336771703665852,3.240726104514253,1.0398502999156265,0.5512548657299481,2.1609722303550147,0.0010804861151773961,0.7613355236298747,0.6519863883208836,0.4056254391356307,17,232.46340000332566,0,0,0,cpu,1.3081054811470503,0.2762529295721782,0.6011388952282961,0.21118551489436294,1.634069735875008,0.0,0.0,,,,,,,,,,,,,,,
md_knapsack,fplg,33,0,0.0,5,0.4082482904638631,0.0,0.0004987531172069826,0.0,6.869941857275582,1.9325280779636003,3.705168359539414,1.0404436804534996,0.5514259598582384,1.876456786457233,0.0009358886715496117,0.5103194608256052,-0.2989659566200316,0.4048990670961131,17,222.91199999745004,0,0,0,cpu,1.5977647135477506,0.2767868997018413,0.6650115348743076,0.1732338293335136,1.1947348092865346,0.0,0.0,,,,,,,,,,,,,,,
md_knapsack,fplg,33,0,0.0,10,0.30151134457776363,0.0,0.0004975124378109454,0.0,6.867924616620016,1.9325205037323285,1.3157264704534368,1.0408243899120189,0.55144311975926,0.7472236279127936,0.0003717530487125048,-0.210472304845815,-0.5517120181118562,0.4050027075804735,17,233.833099999174,0,0,0,cpu,0.9543426583441306,0.2770412533347393,0.5141909044104775,0.29029536813897694,1.0937860309809302,0.0,0.0,,,,,,,,,,,,,,,
md_knapsack,fplg,33,0,0.0,15,0.25,0.0,0.0004962779156327543,0.0,6.865674978201559,1.9319327313807733,1.898981357434988,1.0414500733508545,0.5515529206297809,1.170297516539357,0.0005807928121781357,0.5270115193777336,-0.20147377666064809,0.4049624299443277,17,223.8394000014523,0,0,0,cpu,1.329448460514938,0.2773187006340803,0.6071910075338575,0.20859680451746576,1.0802833876789946,0.0,0.0,,,,,,,,,,,,,,,
md_knapsack,fplg,33,0,0.0,20,0.2182178902359924,0.0,0.0004950495049504951,0.0,6.863803999560692,1.9313500409471676,2.126431583643882,1.0415720124665289,0.5519337188156406,1.08257263043908,0.00053592704477159,0.284935143506739,0.5785897190690524,0.4054669770679052,17,232.35240000212798,0,0,0,cpu,1.5533232811548001,0.2775361270394197,0.6565845927920232,0.17867248267410807,1.0821666155409821,0.0,0.0,,,,,,,,,,,,,,,
md_knapsack,fplg,33,0,0.0,25,0.19611613513818404,0.0,0.0004938271604938272,0.0,6.8624917839430735,1.9310988589453633,2.698432605087378,1.0411351122775394,0.5521006900129101,1.3411941321256162,0.0006623180899383909,0.6726654110971262,0.199995370609638,0.40693011403385126,17,222.42030000052182,0,0,0,cpu,1.8501942354050087,0.27768375879386076,0.7167767363593744,0.15008357148679344,1.0835318473371334,0.0,0.0,,,,,,,,,,,,,,,
md_knapsack,fplg,33,1,0.5,0,1.0,0.5,0.0005,0.0,6.860724272919268,1.930772679238735,2.5890360680874407,1.0413379282067767,0.5525089457075876,1.869390091369212,0.0009346950456844694,0.2675413546401538,0.7708806333223172,0.4068418918210246,17,233.41350000555394,0,0,0,cpu,1.1342323429765033,0.35029593525840147,0.6303308491445443,0.3088396636081979,1.6165010626630338,0.0,0.0,,,,,,,,,,,,,,,
md_knapsack,fplg,33,1,0.5,5,0.4082482904638631,0.5,0.0004987531172069826,0.0,6.857652241996766,1.9298122243669473,2.970791191084819,1.0417536350381675,0.5532065603605606,1.5865816897091265,0.000791312563445794,0.29019833459808847,-0.1787438337795011,0.4069958451207189,17,228.33560000435682,0,0,0,cpu,2.0479604690418354,0.3507618366154736,0.8475531696814076,0.1712737339991636,1.1764129098634022,0.0,0.0,,,,,,,,,,,,,,,
md_knapsack,fplg,33,1,0.5,10,0.30151134457776363,0.5,0.0004975124378109454,0.0,6.854912272742391,1.9289360255108148,1.4760104921028994,1.0421767163767155,0.5538445858520872,0.8714317415659227,0.0004335481301320246,-0.20164375943578172,-0.43597560329729834,0.40710729544069824,17,232.34360000060406,0,0,0,cpu,1.0212264078890534,0.3511653861940554,0.5988483663816137,0.34386633902264524,1.0417875970640373,0.0,0.0,,,,,,,,,,,,,,,
md_knapsack,fplg,33,1,0.5,15,0.25,0.5,0.0004962779156327543,0.0,6.853103945976843,1.9283257131863238,2.6537995178302545,1.0424788000779932,0.5542816196322903,1.57111838583832,0.000779711357735987,0.7421814729772794,0.25479054598179723,0.40717298668873203,17,222.0353000011528,0,0,0,cpu,1.6701767452608451,0.3514232438290483,0.7661193964307446,0.2104108112067886,1.1056772793481344,0.0,0.0,,,,,,,,,,,,,,,
md_knapsack,fplg,33,1,0.5,20,0.2182178902359924,0.5,0.0004950495049504951,0.0,6.85146561588459,1.9278573537473893,1.5615898781698743,1.042677122609868,0.5545406786814132,1.10384565250517,0.0005464582438142277,0.5548108970103942,0.3535233091380559,0.4071735380258896,17,232.775299999048,0,0,0,cpu,1.1675803465307273,0.3516669414990338,0.64078031291453,0.301192926503049,1.078316836279614,0.0,0.0,,,,,,,,,,,,,,,
md_knapsack,fplg,33,1,0.5,25,0.19611613513818404,0.5,0.0004938271604938272,0.0,6.8497782122389355,1.9268684501156113,4.620023435148402,1.0430749942323432,0.5551799204664553,1.6975660990010568,0.0008383042464201266,-0.34184264506735146,-0.18591774302956596,0.40723934379094817,17,235.69159999897238,0,0,0,cpu,1.979764513392207,0.3519173739229735,0.8346936734748137,0.17775718856581801,1.0794143242329586,0.0,0.0,,,,,,,,,,,,,,,
md_knapsack,pcgrad,11,0,0.0,0,1.0,0.0,0.0005,0.0,6.650629153797473,1.9498361466342677,1.5655419128900108,1.269420383033005,0.6208317402440324,2.61042557169461,0.0013052127858472092,0.38716750213248097,0.024383254367123675,0.49504230555362555,17,232.07389999879524,0,0,0,cpu,,,,,,0.0,0.0,1.5655419128900108,0.6208317402440324,1.269420383033005,0.024383254367123675,0.38716750213248097,0.49504230555362555,0.7938008853630883,0.5822346718142518,0.0,0.0,pcgrad,,,,
md_knapsack,pcgrad,11,0,0.0,5,1.0,0.0,0.0004987531172069826,0.0,6.644315243521957,1.9474818052774272,2.2846661617360184,1.2721461734535067,0.6228124261699052,3.661015738229905,0.0018259430115859098,0.7807583920506782,0.30007512792562574,0.49518752503765767,17,233.11329999705777,0,0,0,cpu,,,,,,0.0,0.0,2.2846661617360184,0.6228124261699052,1.2721461734535067,0.30007512792562574,0.7807583920506782,0.49518752503765767,0.9464027823891434,0.6228124261699052,0.0,0.0,pcgrad,,,,
md_knapsack,pcgrad,11,0,0.0,10,1.0,0.0,0.0004975124378109454,0.0,6.634291032864631,1.9450049602845283,3.9541958847220755,1.2837561895342782,0.6236958681491398,4.482342618675582,0.0022300212033211195,-0.4164268245207743,-0.3661474248510245,0.4879228030791195,17,231.96170000301208,0,0,0,cpu,,,,,,0.0,0.0,3.9541958847220755,0.6236958681491398,1.2837561895342782,-0.3661474248510245,-0.4164268245207743,0.4879228030791195,0.6765552338815245,0.5382107768903581,4.0,0.6666666666666666,pcgrad,,,,
md_knapsack,pcgrad,11,0,0.0,15,1.0,0.0,0.0004962779156327543,0.0,6.625769648943589,1.9421620385892984,2.7007649067126205,1.289591543492204,0.626379969442054,3.8933287620603423,0.0019321730829083004,0.6966724207616556,-0.021490536152527592,0.4884904412702278,17,242.3687999980757,0,0,0,cpu,,,,,,0.0,0.0,2.7007649067126205,0.626379969442054,1.289591543492204,-0.021490536152527592,0.6966724207616556,0.4884904412702278,0.9241296225522346,0.608847814498844,2.0,0.3333333333333333,pcgrad,,,,
md_knapsack,pcgrad,11,0,0.0,20,1.0,0.0,0.0004950495049504951,0.0,6.617044935669945,1.939562021188055,2.1581330036630626,1.2941847989058572,0.6288786443482481,3.24322949104369,0.0016055591539819493,0.3962057482930692,0.28814453222567243,0.48854044962912774,17,230.25619999680202,0,0,0,cpu,,,,,,0.0,0.0,2.1581330036630626,0.6288786443482481,1.2941847989058572,0.28814453222567243,0.3962057482930692,0.48854044962912774,0.8794025865333186,0.6288786443482481,0.0,0.0,pcgrad,,,,
md_knapsack,pcgrad,11,0,0.0,25,1.0,0.0,0.0004938271604938272,0.0,6.607595519596854,1.9363889574533732,2.517188432463689,1.2987698678550024,0.6318493107867807,3.3166563389412573,0.001637854982193132,0.06767748115000263,0.4191455042024468,0.488734736475037,17,237.1045999971102,0,0,0,cpu,,,,,,0.0,0.0,2.517188432463689,0.6318493107867807,1.2987698678550024,0.4191455042024468,0.06767748115000263,0.488734736475037,0.8653060222027463,0.6318493107867807,0.0,0.0,pcgrad,,,,
md_knapsack,pcgrad,22,0,0.0,0,1.0,0.0,0.0005,0.0,6.930656401351119,1.9420252955416373,2.2155070621640855,1.1318274167133007,0.5217676713754669,2.2785234865639037,0.001139261743281842,-0.2210683404755824,-0.7293659968102637,0.42703258513176534,17,224.18369999650167,0,0,0,cpu,,,,,,0.0,0.0,2.2155070621640855,0.5217676713754669,1.1318274167133007,-0.7293659968102637,-0.2210683404755824,0.42703258513176534,0.47451194508945976,0.30611375537735497,4.0,0.6666666666666666,pcgrad,,,,
md_knapsack,pcgrad,22,0,0.0,5,1.0,0.0,0.0004987531172069826,0.0,6.9256050311326804,1.9405043878414057,2.052116262537492,1.134102330863102,0.5228117251233021,2.9199396921083256,0.0014563290234953388,0.37508843635634276,0.23454446503348703,0.4268527679424222,17,241.2380000023404,0,0,0,cpu,,,,,,0.0,0.0,2.052116262537492,0.5228117251233021,1.134102330863102,0.23454446503348703,0.37508843635634276,0.4268527679424222,0.8904730244593732,0.5228117251233021,0.0,0.0,pcgrad,,,,
md_knapsack,pcgrad,22,0,0.0,10,1.0,0.0,0.0004975124378109454,0.0,6.918705060163008,1.9386627914020194,1.5440211544719213,1.1368545333981894,0.5242640405873308,2.6027355680365054,0.0012948933174310017,0.4012147360350151,-0.39749290344715454,0.4261150284561194,17,222.65669999615056,0,0,0,cpu,,,,,,0.0,0.0,1.5440211544719213,0.5242640405873308,1.1368545333981894,-0.39749290344715454,0.4012147360350151,0.4261150284561194,0.6747468647774812,0.4132808465321148,2.0,0.3333333333333333,pcgrad,,,,
md_knapsack,pcgrad,22,0,0.0,15,1.0,0.0,0.0004962779156327543,0.0,6.913104081536645,1.9366364476004585,5.385839794553968,1.138571371089878,0.5258116318846284,6.355789754386745,0.0031542380915070252,0.6782158827070371,-0.2545648973744846,0.42614152692555185,17,234.3419000026188,0,0,0,cpu,,,,,,0.0,0.0,5.385839794553968,0.5258116318846284,1.138571371089878,-0.2545648973744846,0.6782158827070371,0.42614152692555185,0.9139724699363179,0.5258116318846284,2.0,0.3333333333333333,pcgrad,,,,
md_knapsack,pcgrad,22,0,0.0,20,1.0,0.0,0.0004950495049504951,0.0,6.90567288722216,1.9348856974381712,5.336642927151111,1.1427802706358052,0.5256292210660426,5.96983549176078,0.0029553641048320244,0.24738594998537927,0.364657701367156,0.4276203985754186,17,224.2194999998901,0,0,0,cpu,,,,,,0.0,0.0,5.336642927151111,0.5256292210660426,1.1427802706358052,0.364657701367156,0.24738594998537927,0.4276203985754186,0.9733979205242816,0.5256292210660426,0.0,0.0,pcgrad,,,,
md_knapsack,pcgrad,22,0,0.0,25,1.0,0.0,0.0004938271604938272,0.0,6.897310477954406,1.9324488292735513,3.0345179048898356,1.146496432400224,0.5271928956133786,3.0540939783192824,0.0015081945571946253,-0.6653310846173369,-0.516729027651512,0.427963845324455,17,231.81130000011763,0,0,0,cpu,,,,,,0.0,0.0,3.0345179048898356,0.5271928956133786,1.146496432400224,-0.516729027651512,-0.6653310846173369,0.427963845324455,0.43465385941113543,0.3753087495418094,4.0,0.6666666666666666,pcgrad,,,,
md_knapsack,pcgrad,33,0,0.0,0,1.0,0.0,0.0005,0.0,6.874176551294616,1.9336771703665852,3.5033024057158078,1.0398502999156265,0.5512548657299481,4.017501977744997,0.0020087509888724385,-0.28850511215880015,0.1787467761371283,0.4056254391356307,17,223.07040000305278,0,0,0,cpu,,,,,,0.0,0.0,3.5033024057158078,0.5512548657299481,1.0398502999156265,0.1787467761371283,-0.28850511215880015,0.4056254391356307,0.8239546311702769,0.5462426809774629,2.0,0.3333333333333333,pcgrad,,,,
md_knapsack,pcgrad,33,0,0.0,5,1.0,0.0,0.0004987531172069826,0.0,6.8696652367708975,1.9316083244258042,2.040762494697451,1.040307268333271,0.5521760493715059,2.6363331929493734,0.0013148793979796394,-0.13765357542232953,0.13833494403747532,0.40488884459264174,17,231.55140000017127,0,0,0,cpu,,,,,,0.0,0.0,2.040762494697451,0.5521760493715059,1.040307268333271,0.13833494403747532,-0.13765357542232953,0.40488884459264174,0.7883974381848867,0.5434228334080922,2.0,0.3333333333333333,pcgrad,,,,
md_knapsack,pcgrad,33,0,0.0,10,1.0,0.0,0.0004975124378109454,0.0,6.864999191647803,1.929542630317006,2.3835650747983355,1.0414310723588778,0.5533441730480606,2.8643648478973573,0.0014250571382572988,0.05534509691220559,-0.5382127483076057,0.40509104356902237,17,221.97700000106124,0,0,0,cpu,,,,,,0.0,0.0,2.3835650747983355,0.5533441730480606,1.0414310723588778,-0.5382127483076057,0.05534509691220559,0.40509104356902237,0.6112171161859898,0.4087268217309007,2.0,0.3333333333333333,pcgrad,,,,
md_knapsack,pcgrad,33,0,0.0,15,1.0,0.0,0.0004962779156327543,0.0,6.8588376671641695,1.9275416466091753,2.2242033016424094,1.0417045494182022,0.5542488320278889,2.8142044278423346,0.001396627507613966,-0.49686214594241135,0.12128246247267131,0.4062969965709505,17,232.70039999624714,0,0,0,cpu,,,,,,0.0,0.0,2.2242033016424094,0.5542488320278889,1.0417045494182022,0.12128246247267131,-0.49686214594241135,0.4062969965709505,0.6191200780327515,0.5319576558312206,2.0,0.3333333333333333,pcgrad,,,,
md_knapsack,pcgrad,33,0,0.0,20,1.0,0.0,0.0004950495049504951,0.0,6.853766174791181,1.9253938330020977,5.478071395096342,1.042615167365483,0.5557076379746091,6.6111532200589975,0.0032728481287420375,0.6602879239052146,0.7044430613138231,0.406279378365112,17,232.44379999960074,0,0,0,cpu,,,,,,0.0,0.0,5.478071395096342,0.5557076379746091,1.042615167365483,0.7044430613138231,0.6602879239052146,0.406279378365112,0.9919543188290915,0.5504930208300474,0.0,0.0,pcgrad,,,,
md_knapsack,pcgrad,33,0,0.0,25,1.0,0.0,0.0004938271604938272,0.0,6.848442174618538,1.9223716028256326,3.085705584965841,1.0433617444172414,0.5579132754131657,4.246744591819869,0.0020971578231208637,0.673766435861432,0.6685895167708554,0.4062574214852889,17,232.48990000138292,0,0,0,cpu,,,,,,0.0,0.0,3.085705584965841,0.5579132754131657,1.0433617444172414,0.6685895167708554,0.673766435861432,0.4062574214852889,0.9799747985882317,0.5525514320480376,0.0,0.0,pcgrad,,,,
md_knapsack,mgda,11,0,0.0,0,1.0,0.0,0.0005,0.0,6.650629153797473,1.9498361466342677,5.292026221392658,1.269420383033005,0.6208317402440324,0.5999073184293614,0.0002999536592142633,0.6388648113897548,-0.14623365722711737,0.49504230555362555,17,227.24079999898095,0,0,0,cpu,,,,,,0.0,0.0,5.292026221392658,0.6208317402440324,1.269420383033005,-0.14623365722711737,0.6388648113897548,0.49504230555362555,0.11336060959298033,0.6208317402440324,,,mgda,0.029499884828776832,0.9705001151702232,0.0,0.5999073184293614
md_knapsack,mgda,11,0,0.0,5,1.0,0.0,0.0004987531172069826,0.0,6.64968385216015,1.9490386052593172,2.797103023698519,1.269748441095097,0.6213494686750985,0.621349468674477,0.00030989998437589436,0.21057127573409176,0.38604181946771604,0.49519712166781077,17,231.63429999840446,0,0,0,cpu,,,,,,0.0,0.0,2.797103023698519,0.6213494686750985,1.269748441095097,0.38604181946771604,0.21057127573409176,0.49519712166781077,0.3860418194677161,0.6213494686750985,,,mgda,1.7347234759750722e-17,0.9999999999989999,0.0,0.621349468674477
md_knapsack,mgda,11,0,0.0,10,1.0,0.0,0.0004975124378109454,0.0,6.648773436807542,1.9482460607456034,1.3070300288296066,1.2700559794877369,0.621866708343675,0.5923122783951446,0.0002946827255693024,0.5276065100727786,0.16009388912700578,0.4953649268126957,17,243.43489999591839,0,0,0,cpu,,,,,,0.0,0.0,1.3070300288296066,0.621866708343675,1.2700559794877369,0.16009388912700578,0.5276065100727786,0.4953649268126957,0.4531741928865056,0.5923262959725216,,,mgda,0.13984874459369045,0.8601512554053095,6.034560528866602e-17,0.5923122783951446
md_knapsack,mgda,11,0,0.0,15,1.0,0.0,0.0004962779156327543,0.0,6.647931187754224,1.9474781237881542,1.9542103041687717,1.2766764224667047,0.6167314127788862,0.46486131258554203,0.00023070040326772084,0.208485840621082,-0.45899800875990143,0.5034025004509518,17,232.87690000142902,0,0,0,cpu,,,,,,0.0,0.0,1.9542103041687717,0.6167314127788862,1.2766764224667047,-0.45899800875990143,0.208485840621082,0.5034025004509518,0.2378768096717585,0.47107072906180536,,,mgda,0.17595324186028896,0.8240467581387106,1.2759816437694072e-16,0.46486131258554203
md_knapsack,mgda,11,0,0.0,20,1.0,0.0,0.0004950495049504951,0.0,6.64688327734666,1.946626027078139,3.1388536824972753,1.2821870663905581,0.6156870082546161,0.5477055838149323,0.00027114137812575236,-0.08892671372746246,-0.2945376523521783,0.4956466277262719,17,232.92559999390505,0,0,0,cpu,,,,,,0.0,0.0,3.1388536824972753,0.6156870082546161,1.2821870663905581,-0.2945376523521783,-0.08892671372746246,0.4956466277262719,0.1744922316281978,0.5491917874109112,,,mgda,0.08340270218023565,0.9165972978187643,0.0,0.5477055838149323
md_knapsack,mgda,11,0,0.0,25,1.0,0.0,0.0004938271604938272,0.0,6.6459953852653,1.945785835389981,4.230210668499036,1.2824078630409559,0.6162192467258335,0.5114837922686563,0.00025258458877416054,-0.22543720303326378,-0.45325754588647255,0.49580688131511497,17,234.8139000023366,0,0,0,cpu,,,,,,0.0,0.0,4.230210668499036,0.6162192467258335,1.2824078630409559,-0.45325754588647255,-0.22543720303326378,0.49580688131511497,0.12091213236159243,0.5118433923034252,,,mgda,0.07565125994450508,0.9243487400544947,6.975665809529652e-18,0.5114837922686563
md_knapsack,mgda,22,0,0.0,0,1.0,0.0,0.0005,0.0,6.930656401351119,1.9420252955416373,2.2999843399967492,1.1318274167133007,0.5217676713754669,0.5214000155869365,0.0002607000077929885,0.8116308358447448,0.22468782781064153,0.42703258513176534,17,238.45209999853978,0,0,0,cpu,,,,,,0.0,0.0,2.2999843399967492,0.5217676713754669,1.1318274167133007,0.22468782781064153,0.8116308358447448,0.42703258513176534,0.254236496480655,0.5217676713754669,,,mgda,0.0,0.9808781669133713,0.019121833085628644,0.5214000155869365
md_knapsack,mgda,22,0,0.0,5,1.0,0.0,0.0004987531172069826,0.0,6.9300026914029775,1.9414250211884498,3.075274450803378,1.1318962086275581,0.5221341619153128,0.5217592652673197,0.0002602290599832258,0.19175399821766015,0.6543534867193037,0.4270067680112072,17,222.68590000021504,0,0,0,cpu,,,,,,0.0,0.0,3.075274450803378,0.5221341619153128,1.1318962086275581,0.6543534867193037,0.19175399821766015,0.4270067680112072,0.6502107282220576,0.5221341619153128,,,mgda,3.209238430553884e-17,0.980685763138112,0.019314236860888106,0.5217592652673197
md_knapsack,mgda,22,0,0.0,10,1.0,0.0,0.0004975124378109454,0.0,6.929254290509074,1.9408261191752567,2.0595874313884464,1.1319917977050868,0.5225010409263036,0.5221192752171027,0.000259760833440866,0.2050013059938537,0.4719695815455585,0.4269907805120952,17,233.43129999557277,0,0,0,cpu,,,,,,0.0,0.0,2.0595874313884464,0.5225010409263036,1.1319917977050868,0.4719695815455585,0.2050013059938537,0.4269907805120952,0.47177159876991687,0.5225010409263036,,,mgda,2.6020852139626083e-18,0.9805048944847985,0.01949510551420145,0.5221192752171027
md_knapsack,mgda,22,0,0.0,15,1.0,0.0,0.0004962779156327543,0.0,6.9285514930945755,1.9402870587645138,1.027168552926978,1.132416877856564,0.5226396752023078,0.5103252647047154,0.0002532631586618949,0.48945761754623407,0.29784086636634516,0.42659830143004746,17,236.82369999733055,0,0,0,cpu,,,,,,0.0,0.0,1.027168552926978,0.5226396752023078,1.132416877856564,0.29784086636634516,0.48945761754623407,0.42659830143004746,0.49682718892443745,0.5112463117545538,,,mgda,0.11231146337923294,0.887688536619767,5.8940284816105025e-18,0.5103252647047154
md_knapsack,mgda,22,0,0.0,20,1.0,0.0,0.0004950495049504951,0.0,6.9278576402603536,1.9397258840721867,3.7265718343721397,1.1325143860256983,0.5229964159202496,0.522600078821825,0.00025871291030736364,0.8975115517221726,0.4730996583822406,0.42656956978457233,17,233.35950000182493,0,0,0,cpu,,,,,,0.0,0.0,3.7265718343721397,0.5229964159202496,1.1325143860256983,0.4730996583822406,0.8975115517221726,0.42656956978457233,0.5026811402658451,0.5229964159202496,,,mgda,0.0,0.980141126636994,0.019858873362005793,0.522600078821825
md_knapsack,mgda,22,0,0.0,25,1.0,0.0,0.0004938271604938272,0.0,6.92723113797677,1.9390996025884801,2.092069177443414,1.1325477634675911,0.5233850554264032,0.38675409179344034,0.00019098967495908553,-0.24985475378493766,-0.524055760283051,0.42652931883796286,17,222.021900000982,0,0,0,cpu,,,,,,0.0,0.0,2.092069177443414,0.5233850554264032,1.1325477634675911,-0.524055760283051,-0.24985475378493766,0.42652931883796286,0.18486580958117851,0.387363550221827,,,mgda,0.1461961268433739,0.8341301271190604,0.019673746036565503,0.38675409179344034
md_knapsack,mgda,33,0,0.0,0,1.0,0.0,0.0005,0.0,6.874176551294616,1.9336771703665852,2.5765081305129263,1.0398502999156265,0.5512548657299481,0.5462109941279357,0.0002731054970635061,0.2375071183119722,0.3416309885877202,0.4056254391356307,17,230.8141000030446,0,0,0,cpu,,,,,,0.0,0.0,2.5765081305129263,0.5512548657299481,1.0398502999156265,0.3416309885877202,0.2375071183119722,0.4056254391356307,0.3531134747841414,0.5462426809774629,,,mgda,0.0,0.9224378587808747,0.07756214121812531,0.5462109941279357
md_knapsack,mgda,33,0,0.0,5,1.0,0.0,0.0004987531172069826,0.0,6.873480367818663,1.9329809279948116,2.855378052201737,1.039645779177107,0.5515148026347096,0.46149820900609456,0.00023017367032668554,-0.7063392011046495,-0.15349482539836748,0.4050785311293601,17,220.82529999897815,0,0,0,cpu,,,,,,0.0,0.0,2.855378052201737,0.5515148026347096,1.039645779177107,-0.15349482539836748,-0.7063392011046495,0.4050785311293601,0.16162420547016007,0.4634187062049118,,,mgda,0.12488803315574927,0.5550645195285611,0.32004744731468965,0.46149820900609456
md_knapsack,mgda,33,0,0.0,10,1.0,0.0,0.0004975124378109454,0.0,6.87285729952409,1.9323578141016027,1.6664478990425893,1.0397732458633244,0.5519083021472586,0.44149751184732183,0.0002196505034060716,0.0160761868798344,-0.3666952572379215,0.40505404102132303,17,235.50070000055712,0,0,0,cpu,,,,,,0.0,0.0,1.6664478990425893,0.5519083021472586,1.0397732458633244,-0.3666952572379215,0.0160761868798344,0.40505404102132303,0.2649332824017773,0.44482596052948936,,,mgda,0.17088206646221674,0.8291179335367832,6.469580968889507e-19,0.44149751184732183
md_knapsack,mgda,33,0,0.0,15,1.0,0.0,0.0004962779156327543,0.0,6.872178924856859,1.931727187831175,2.7571950757411643,1.0398886660867739,0.5523181047135377,0.5471386434734046,0.000271532825544663,0.7783589269259641,0.4039429650689191,0.405029233960901,17,233.16009999689413,0,0,0,cpu,,,,,,0.0,0.0,2.7571950757411643,0.5523181047135377,1.0398886660867739,0.4039429650689191,0.7783589269259641,0.405029233960901,0.49201996191912306,0.5471822408319871,,,mgda,3.0357660829563764e-18,0.9213747317149188,0.07862526828408113,0.5471386434734046
md_knapsack,mgda,33,0,0.0,20,1.0,0.0,0.0004950495049504951,0.0,6.871578479586981,1.9311561319510535,2.39391943699871,1.040710827919511,0.5520231062885426,0.5191346899555409,0.00025699737126464746,0.030235122605184725,-0.11183374609377036,0.40451922885303315,17,233.7922000006074,0,0,0,cpu,,,,,,0.0,0.0,2.39391943699871,0.5520231062885426,1.040710827919511,-0.11183374609377036,0.030235122605184725,0.40451922885303315,0.21685551395746958,0.5194001316941271,,,mgda,0.06884600468372169,0.8748235108082245,0.05633048450705376,0.5191346899555409
md_knapsack,mgda,33,0,0.0,25,1.0,0.0,0.0004938271604938272,0.0,6.870901000752758,1.9305365639885261,2.488980932759328,1.040844519448811,0.5524336738770261,0.5472414438582467,0.00027024268832461233,0.5024166724083435,0.42104144299094337,0.4044744373041139,17,222.52920000028098,0,0,0,cpu,,,,,,0.0,0.0,2.488980932759328,0.5524336738770261,1.040844519448811,0.42104144299094337,0.5024166724083435,0.4044744373041139,0.4667561770992137,0.5472852548392702,,,mgda,2.255140518767594e-17,0.9213651587433003,0.07863484125569957,0.5472414438582467
