task,method,seed,stage_idx,lambda,iter,stage_type,alpha_t,beta_t,lr_t,loss_dec,loss_pred,loss_fair,grad_norm_dec,grad_norm_pred,grad_norm_fair,grad_norm_combined,delta_theta_l2,cos_dec_pred,cos_dec_fair,cos_pred_fair,solver_calls,decision_ms,nan_or_inf_flag,nan_or_inf_steps_so_far,exploding_steps_so_far,device,guided_norm_dec,guided_norm_pred,guided_scale,guided_ratio_pred_over_dec,guided_dir_norm,loss_dec_normalized,loss_dec_normalized_pred_obj,mo_grad_norm_decision_regret,mo_grad_norm_pred_fairness,mo_grad_norm_pred_loss,mo_cos_decision_regret_pred_fairness,mo_cos_decision_regret_pred_loss,mo_cos_pred_fairness_pred_loss,direction_alignment_with_dec_regret,stationarity_proxy,mo_pcgrad_n_projections,mo_pcgrad_conflict_fraction,mo_method,mo_mgda_lambda_decision_regret,mo_mgda_lambda_pred_fairness,mo_mgda_lambda_pred_loss,mo_mgda_min_norm
medical_resource_allocation,fpto,22,0,0.0,0,train,1.0,0.0,0.001,75.06099744849826,398.77520819080803,2.3838949125959648,1e-06,20.30325474237973,0.06758868567313295,20.30325474237973,0.020303254742379706,0.0,0.0,0.43865201447400765,2,8.103700000901881,0,0,0,cpu,,,,,,0.07552212588113265,0.08169165319733998,,,,,,,,,,,,,,,
medical_resource_allocation,fpto,22,0,0.0,5,train,1.0,0.0,0.0009975062344139652,73.64624659572246,396.4984579495545,2.3803089092252145,1e-06,22.752517199629835,0.08110697386773624,22.752517199629835,0.022695777755241724,0.0,0.0,0.4804841738342901,2,4.196300000330666,0,0,0,cpu,,,,,,0.07409868367245319,0.080028705398492,,,,,,,,,,,,,,,
medical_resource_allocation,fpto,22,0,0.0,10,train,1.0,0.0,0.0009950248756218907,72.13458371124818,393.56655029296377,2.37470555244038,1e-06,26.336213055868882,0.10620981565645621,26.336213055868882,0.02620518712026753,0.0,0.0,0.5300167376660476,2,6.004700000630692,0,0,0,cpu,,,,,,0.07257773406437698,0.07825748499919556,,,,,,,,,,,,,,,
medical_resource_allocation,fpto,22,0,0.0,15,train,1.0,0.0,0.0009925558312655087,70.31251210043263,389.46452134381565,2.3647264751376045,1e-06,32.068649045281454,0.15074336618608977,32.068649045281454,0.03182992461070118,0.0,0.0,0.5855957140095313,2,4.647000000659318,0,0,0,cpu,,,,,,0.07074446877036238,0.07613026384330449,,,,,,,,,,,,,,,
medical_resource_allocation,fpto,22,0,0.0,20,train,1.0,0.0,0.0009900990099009901,67.86716281730094,383.01995369791206,2.344528743604282,1e-06,41.60144392950926,0.22956026197748228,41.60144392950926,0.04118954844505866,0.0,0.0,0.6411806295345459,2,5.098300000099698,0,0,0,cpu,,,,,,0.06828409677076669,0.07328853842045724,,,,,,,,,,,,,,,
medical_resource_allocation,fpto,22,0,0.0,25,train,1.0,0.0,0.0009876543209876543,64.49726895529523,371.44754960331284,2.2980684211912017,1e-06,57.69202816991594,0.3727590286793362,57.69202816991594,0.05697978090855896,0.0,0.0,0.691474460754811,2,5.590699999629578,0,0,0,cpu,,,,,,0.06489350036113233,0.06939690867959296,,,,,,,,,,,,,,,
medical_resource_allocation,fpto,22,0,0.0,30,train,1.0,0.0,0.0009852216748768474,60.390911324581225,348.140391668719,2.1802764601203357,1e-06,83.29866225779372,0.6428799373381224,83.29866225779372,0.08206764754462435,0.0,0.0,0.7285832709826308,2,5.1313999992999015,0,0,0,cpu,,,,,,0.06076191580401908,0.0646927726062485,,,,,,,,,,,,,,,
medical_resource_allocation,fpto,22,0,0.0,35,train,1.0,0.0,0.0009828009828009828,57.140234917004705,300.6337083220862,1.867963278842797,1e-06,115.20548805607896,1.1599461345646853,115.20548805607896,0.11322406688558126,0.0,0.0,0.7543687656313167,2,6.362400000398338,0,0,0,cpu,,,,,,0.05749126924726015,0.060998129111593934,,,,,,,,,,,,,,,
medical_resource_allocation,fpto,22,0,0.0,40,train,1.0,0.0,0.000980392156862745,56.56687341357758,229.12022008361214,1.1691799392764775,1e-06,114.77872536854913,2.015659765529265,114.77872536854913,0.11252816212602858,0.0,0.0,0.7257227771866456,2,4.751800000121875,0,0,0,cpu,,,,,,0.05691438536469611,0.060349118342458444,,,,,,,,,,,,,,,
medical_resource_allocation,fpto,22,0,0.0,45,train,1.0,0.0,0.00097799511002445,56.10190125684642,186.7311016051889,0.47214160277720707,1e-06,66.37976259650182,2.7569654586271977,66.37976259650182,0.06491908322396264,0.0,0.0,0.36396187132051416,2,5.796000000373169,0,0,0,cpu,,,,,,0.056446556706064625,0.05982338054854664,,,,,,,,,,,,,,,
medical_resource_allocation,fpto,22,0,0.0,50,train,1.0,0.0,0.0009756097560975611,53.97541567977453,169.89173929597993,0.3247416843606802,1e-06,52.82846669657352,3.0077154434339795,52.82846669657352,0.05153996750885219,0.0,0.0,-0.02427331409958382,2,7.859600000301725,0,0,0,cpu,,,,,,0.05430700731430192,0.057425620930185856,,,,,,,,,,,,,,,
medical_resource_allocation,fpto,22,0,0.0,55,train,1.0,0.0,0.00097323600973236,52.14764766594453,157.90688734978139,0.3772203668551192,1e-06,45.55699371053389,3.098711085814946,45.55699371053389,0.044337706774242244,0.0,0.0,-0.1096199873782842,2,4.6133000005283975,0,0,0,cpu,,,,,,0.05246801062208919,0.05537333959198184,,,,,,,,,,,,,,,
medical_resource_allocation,fpto,22,0,0.0,60,train,1.0,0.0,0.000970873786407767,50.92026975530371,149.15254922629774,0.4550949903828527,1e-06,38.780207285596404,3.170301281867511,38.780207285596404,0.037650686685045065,0.0,0.0,-0.12435079424147825,2,5.450599999676342,0,0,0,cpu,,,,,,0.051233092459234526,0.05399966214255128,,,,,,,,,,,,,,,
medical_resource_allocation,fpto,22,0,0.0,65,train,1.0,0.0,0.0009685230024213075,50.00988378143791,142.80253345097833,0.5240705460153363,1e-06,33.317663675331275,3.214693514186312,33.317663675331275,0.03226892365649519,0.0,0.0,-0.11354115271663233,2,4.503899999690475,0,0,0,cpu,,,,,,0.050317113635933046,0.05298306872578903,,,,,,,,,,,,,,,
medical_resource_allocation,fpto,22,1,0.5,0,train,1.0,0.5,0.001,75.06099744849826,398.77520819080803,2.3838949125959648,1e-06,20.30325474237973,0.06758868567313295,20.3181013956608,0.020318101395660773,0.0,0.0,0.43865201447400765,2,7.939799999803654,0,0,0,cpu,,,,,,0.07552212588113265,0.08169165319733998,,,,,,,,,,,,,,,
medical_resource_allocation,fpto,22,1,0.5,5,train,1.0,0.5,0.0009975062344139652,73.64242044621915,396.4964586425712,2.380294097106899,1e-06,22.755469864176632,0.0811270329401304,22.774996470302813,0.022718200967883087,0.0,0.0,0.4806987128449273,2,8.066600000347535,0,0,0,cpu,,,,,,0.07409483401744923,0.08002421494086966,,,,,,,,,,,,,,,
medical_resource_allocation,fpto,22,1,0.5,10,train,1.0,0.5,0.0009950248756218907,72.1256481156122,393.56040583194925,2.3746608361603894,1e-06,26.345754710729324,0.10631692162410529,26.37398794981525,0.02624277407941814,0.0,0.0,0.5303904040672041,2,4.72399999944173,0,0,0,cpu,,,,,,0.07256874357395741,0.0782470324038991,,,,,,,,,,,,,,,
medical_resource_allocation,fpto,22,1,0.5,15,train,1.0,0.5,0.0009925558312655087,70.29500059830013,389.4483215098728,2.3646086424241086,1e-06,32.09801317668669,0.1510366496783908,32.142351159325415,0.031903078073772115,0.0,0.0,0.5863446773247836,2,5.022699999244651,0,0,0,cpu,,,,,,0.07072684968837076,0.07610986034047439,,,,,,,,,,,,,,,
medical_resource_allocation,fpto,22,1,0.5,20,train,1.0,0.5,0.0009900990099009901,67.83436497005107,382.97631174512696,2.3442052134736144,1e-06,41.67605436513352,0.23047261692441337,41.750152128399,0.041336784285543555,0.0,0.0,0.6421961807671157,2,8.313100000123086,0,0,0,cpu,,,,,,0.06825109743378965,0.07325052623707246,,,,,,,,,,,,,,,
medical_resource_allocation,fpto,22,1,0.5,25,train,1.0,0.5,0.0009876543209876543,64.44051705762797,371.321470998164,2.2970955148972867,1e-06,57.8863294326506,0.37499862928528566,58.016420159169414,0.057300168058438905,0.0,0.0,0.6929798239320264,2,3.9366000000882195,0,0,0,cpu,,,,,,0.06483639981483916,0.06933161192544456,,,,,,,,,,,,,,,
medical_resource_allocation,fpto,22,1,0.5,30,train,1.0,0.5,0.0009852216748768474,60.31696527153713,347.76863663274577,2.1771178093671795,1e-06,83.67300467982507,0.6483991953689957,83.90998262746714,0.08266993362312033,0.0,0.0,0.7300609271092109,2,6.401799999366631,0,0,0,cpu,,,,,,0.06068751547207251,0.06460844125006214,,,,,,,,,,,,,,,
medical_resource_allocation,fpto,22,1,0.5,35,train,1.0,0.5,0.0009828009828009828,57.10464662741117,299.66161764714246,1.857558616434777,1e-06,115.64594316800257,1.1730146176801488,116.0898107693959,0.11409318011734242,0.0,0.0,0.7557146408762238,2,8.375700000215147,0,0,0,cpu,,,,,,0.05745546232518425,0.060957822180925714,,,,,,,,,,,,,,,
medical_resource_allocation,fpto,22,1,0.5,40,train,1.0,0.5,0.000980392156862745,56.62368519955953,227.83452924735332,1.1436474374946184,1e-06,113.80420859927231,2.041084280499667,114.54491320227963,0.11229893451203886,0.0,0.0,0.7236734038367371,2,6.769399999939196,0,0,0,cpu,,,,,,0.05697154616722082,0.06041339042917489,,,,,,,,,,,,,,,
medical_resource_allocation,fpto,22,1,0.5,45,train,1.0,0.5,0.00097799511002445,56.154362843538024,186.38573388835331,0.4447494072748943,1e-06,65.28168553953722,2.778615029844866,65.76655144970982,0.06431936572098759,0.0,0.0,0.3396534515176988,2,7.872099999985949,0,0,0,cpu,,,,,,0.05649934058435995,0.059882672068669235,,,,,,,,,,,,,,,
medical_resource_allocation,fpto,22,1,0.5,50,train,1.0,0.5,0.0009756097560975611,53.9952762410303,169.8200980886886,0.3002351677223771,1e-06,52.70640148910628,3.024028643294125,52.64977456767988,0.051365633724565735,0.0,0.0,-0.05177493890601149,2,4.851400000006834,0,0,0,cpu,,,,,,0.05432698988658598,0.05744796489440951,,,,,,,,,,,,,,,
medical_resource_allocation,fpto,22,1,0.5,55,train,1.0,0.5,0.00097323600973236,52.149579803886695,157.89411422165244,0.3503370130332016,1e-06,45.607280534453864,3.115705861669235,45.41727275593272,0.0442017253099102,0.0,0.0,-0.13879265004585203,2,4.676300000028277,0,0,0,cpu,,,,,,0.05246995462989414,0.05537550485736771,,,,,,,,,,,,,,,
medical_resource_allocation,fpto,22,1,0.5,60,train,1.0,0.5,0.000970873786407767,50.90782682310589,149.15576739150865,0.42506501416034326,1e-06,38.88012991790099,3.1857709094342828,38.65891617524343,0.03753292832547903,0.0,0.0,-0.15896560682276722,2,8.46559999990859,0,0,0,cpu,,,,,,0.0512205730853424,0.05398575436221982,,,,,,,,,,,,,,,
medical_resource_allocation,fpto,22,1,0.5,65,train,1.0,0.5,0.0009685230024213075,49.989254839898535,142.81107963099387,0.49117793213379607,1e-06,33.42599557514047,3.2340152921501844,33.21262941671669,0.03216719556098467,0.0,0.0,-0.155717973947728,2,7.823099999768601,0,0,0,cpu,,,,,,0.05029635796291125,0.05296005589178,,,,,,,,,,,,,,,
medical_resource_allocation,fpto,22,2,1.0,0,train,1.0,1.0,0.001,75.06099744849826,398.77520819080803,2.3838949125959648,1e-06,20.30325474237973,0.06758868567313295,20.332993376036814,0.02033299337603679,0.0,0.0,0.43865201447400765,2,4.585399999996298,0,0,0,cpu,,,,,,0.07552212588113265,0.08169165319733998,,,,,,,,,,,,,,,
medical_resource_allocation,fpto,22,2,1.0,5,train,1.0,1.0,0.0009975062344139652,73.63859769679516,396.49446053885134,2.38027930342505,1e-06,22.758166161010475,0.08115803589086568,22.797302426705023,0.02274045129845886,0.0,0.0,0.4808545041830785,2,8.445100000244565,0,0,0,cpu,,,,,,0.0740909877834126,0.08001972851094934,,,,,,,,,,,,,,,
medical_resource_allocation,fpto,22,2,1.0,10,train,1.0,1.0,0.0009950248756218907,72.1166864121268,393.5542663290684,2.3746160128629583,1e-06,26.35596191381909,0.10643971918300393,26.412619363799454,0.026281213297312873,0.0,0.0,0.5308489909244964,2,8.58429999971122,0,0,0,cpu,,,,,,0.07255972681529792,0.07823654947195448,,,,,,,,,,,,,,,
medical_resource_allocation,fpto,22,2,1.0,15,train,1.0,1.0,0.0009925558312655087,70.27725603955662,389.43193917332786,2.3644892084995,1e-06,32.13008001789112,0.15138299854149562,32.21920097476779,0.03197935580622111,0.0,0.0,0.587172483410442,2,6.622199999583245,0,0,0,cpu,,,,,,0.07070899611801217,0.07608918608125428,,,,,,,,,,,,,,,
medical_resource_allocation,fpto,22,2,1.0,20,train,1.0,1.0,0.0009900990099009901,67.8009532404343,382.9318370908867,2.343875042196667,1e-06,41.75367916322479,0.23131304679352707,41.90286233262543,0.041487982507549925,0.0,0.0,0.643322768238156,2,7.101199999851815,0,0,0,cpu,,,,,,0.06821748044313142,0.07321180534227437,,,,,,,,,,,,,,,
medical_resource_allocation,fpto,22,2,1.0,25,train,1.0,1.0,0.0009876543209876543,64.38316473062252,371.19328145506995,2.296103702207424,1e-06,58.07658908326141,0.3774405184333259,58.339249649282095,0.057619011999290946,0.0,0.0,0.6942233802703549,2,5.7354999999006395,0,0,0,cpu,,,,,,0.06477869515054059,0.0692656324386963,,,,,,,,,,,,,,,
medical_resource_allocation,fpto,22,2,1.0,30,train,1.0,1.0,0.0009852216748768474,60.243313526664565,347.39068048118565,2.1738945213239727,1e-06,84.05218648130908,0.6539451213380157,84.53181535607561,0.0832825767054932,0.0,0.0,0.7316415350269497,2,8.331899999575398,0,0,0,cpu,,,,,,0.060613411256345194,0.06452445881456556,,,,,,,,,,,,,,,
medical_resource_allocation,fpto,22,2,1.0,35,train,1.0,1.0,0.0009828009828009828,57.07151252207461,298.67795644303976,1.8469517053485018,1e-06,116.08549348206915,1.1859586015751575,116.98598389064001,0.11497393994166093,0.0,0.0,0.7571301332317733,2,8.025699999961944,0,0,0,cpu,,,,,,0.05742212466435843,0.06092029758698828,,,,,,,,,,,,,,,
medical_resource_allocation,fpto,22,2,1.0,40,train,1.0,1.0,0.000980392156862745,56.683023898929946,226.5641121844943,1.1178332356513283,1e-06,112.79444454026405,2.0664363263600807,114.29457724408213,0.11205350710204132,0.0,0.0,0.7216188578856146,2,8.462799999506387,0,0,0,cpu,,,,,,0.05703124940692996,0.06048052957328731,,,,,,,,,,,,,,,
medical_resource_allocation,fpto,22,2,1.0,45,train,1.0,1.0,0.00097799511002445,56.206881284463634,186.06101242263404,0.4173870087719669,1e-06,64.24560112064829,2.7994611412706694,65.17915700442933,0.06374489682584777,0.0,0.0,0.3141126966757835,2,6.990800000494346,0,0,0,cpu,,,,,,0.0565521816661666,0.05994203449008978,,,,,,,,,,,,,,,
medical_resource_allocation,fpto,22,2,1.0,50,train,1.0,1.0,0.0009756097560975611,54.01598445930233,169.75664221732748,0.2755546072378767,1e-06,52.606297680148785,3.039814556602369,52.4532678411667,0.051173919845040675,0.0,0.0,-0.0791607288787482,2,6.744100000105391,0,0,0,cpu,,,,,,0.054347825323367745,0.057471263513936395,,,,,,,,,,,,,,,
medical_resource_allocation,fpto,22,2,1.0,55,train,1.0,1.0,0.00097323600973236,52.15313804263883,157.8892644952769,0.323194268291291,1e-06,45.69006643991851,3.1333529203848967,45.26977814975385,0.04405817824793563,0.0,0.0,-0.16780600949358532,2,5.005400000300142,0,0,0,cpu,,,,,,0.05247353472826864,0.05537949244849884,,,,,,,,,,,,,,,
medical_resource_allocation,fpto,22,2,1.0,60,train,1.0,1.0,0.000970873786407767,50.89780167514823,149.1692755862886,0.39469003920838575,1e-06,39.01155252413343,3.2020184773676292,38.520718965824365,0.03739875627749936,0.0,0.0,-0.19336383810367644,2,6.8697000006068265,0,0,0,cpu,,,,,,0.05121048634906428,0.053974549267525804,,,,,,,,,,,,,,,
medical_resource_allocation,fpto,22,2,1.0,65,train,1.0,1.0,0.0009685230024213075,49.9714209413728,142.8318191632891,0.45799606089107586,1e-06,33.612479032423444,3.2529773836893345,33.12037869356844,0.032077848613625594,0.0,0.0,-0.1985589534716293,2,8.40040000002773,0,0,0,cpu,,,,,,0.05027841450392197,0.05294016190824968,,,,,,,,,,,,,,,
medical_resource_allocation,fpto,22,3,2.0,0,train,1.0,2.0,0.001,75.06099744849826,398.77520819080803,2.3838949125959648,1e-06,20.30325474237973,0.06758868567313295,20.362912919982964,0.020362912919982937,0.0,0.0,0.43865201447400765,2,5.739799999901152,0,0,0,cpu,,,,,,0.07552212588113265,0.08169165319733998,,,,,,,,,,,,,,,
medical_resource_allocation,fpto,22,3,2.0,5,train,1.0,2.0,0.0009975062344139652,73.63094320118455,396.4904524951049,2.3802496421634465,1e-06,22.76430371589596,0.08120494749742782,22.8429101973215,0.022785945333986517,0.0,0.0,0.4812690038129988,2,5.269299999781651,0,0,0,cpu,,,,,,0.07408328626330613,0.08001074520442608,,,,,,,,,,,,,,,
medical_resource_allocation,fpto,22,3,2.0,10,train,1.0,2.0,0.0009950248756218907,72.09869228889158,393.5418611224065,2.374525815324226,1e-06,26.377512681388847,0.10676179080091965,26.491654894329816,0.026359855616248564,0.0,0.0,0.5316740485890505,2,4.4589999997697305,0,0,0,cpu,,,,,,0.07254162214727745,0.07821550150339666,,,,,,,,,,,,,,,
medical_resource_allocation,fpto,22,3,2.0,15,train,1.0,2.0,0.0009925558312655087,70.24154546390116,389.3988351675807,2.364247625087967,1e-06,32.19487075886446,0.15220356656046594,32.375014106897744,0.03213400903910445,0.0,0.0,0.5887123179420338,2,6.378000000040629,0,0,0,cpu,,,,,,0.07067306615862427,0.07604758194890246,,,,,,,,,,,,,,,
medical_resource_allocation,fpto,22,3,2.0,20,train,1.0,2.0,0.0009900990099009901,67.73370217891613,382.84193819195985,2.3432050193670477,1e-06,41.91749979996202,0.2331444785057668,42.21994791351623,0.04180192862724377,0.0,0.0,0.645406130429187,2,8.139799999298702,0,0,0,cpu,,,,,,0.06814981623260585,0.07313387647473729,,,,,,,,,,,,,,,
medical_resource_allocation,fpto,22,3,2.0,25,train,1.0,2.0,0.0009876543209876543,64.26809334336951,370.93266707826444,2.294081401892657,1e-06,58.47339420942468,0.381928493261163,59.00848556436783,0.058279985742585506,0.0,0.0,0.6971860238729554,2,4.7604000001229,0,0,0,cpu,,,,,,0.06466291683571869,0.06913327612005027,,,,,,,,,,,,,,,
medical_resource_allocation,fpto,22,3,2.0,30,train,1.0,2.0,0.0009852216748768474,60.09739907287701,346.6180329322928,2.1672700970318584,1e-06,84.8433458746582,0.6653083596110103,85.82569949324103,0.08455733940220793,0.0,0.0,0.7347018037331854,2,4.579800000101386,0,0,0,cpu,,,,,,0.060466600394227604,0.06435811693293644,,,,,,,,,,,,,,,
medical_resource_allocation,fpto,22,3,2.0,35,train,1.0,2.0,0.0009828009828009828,57.012953239621424,296.66345993438716,1.8250058879695557,1e-06,116.9408657729688,1.2124982420523387,118.79393505821861,0.11675079612601334,0.0,0.0,0.7598393840013505,2,8.490100000017264,0,0,0,cpu,,,,,,0.05736320562982291,0.060853985302101586,,,,,,,,,,,,,,,
medical_resource_allocation,fpto,22,3,2.0,40,train,1.0,2.0,0.000980392156862745,56.81224601890551,224.0496751092319,1.064796432486414,1e-06,110.61983361626228,2.116205500473895,113.69342450833203,0.11146414167483532,0.0,0.0,0.7171617199007996,2,4.770999999891501,0,0,0,cpu,,,,,,0.05716126538784092,0.060626768172983965,,,,,,,,,,,,,,,
medical_resource_allocation,fpto,22,3,2.0,45,train,1.0,2.0,0.00097799511002445,56.31480818822445,185.47111277594416,0.36256923540362745,1e-06,62.37354505330656,2.8401433754205225,64.07864849021101,0.06266860488040198,0.0,0.0,0.2587476828669534,2,5.041899999923771,0,0,0,cpu,,,,,,0.05666077160620007,0.06006404684630252,,,,,,,,,,,,,,,
medical_resource_allocation,fpto,22,3,2.0,50,train,1.0,2.0,0.0009756097560975611,54.06196049850598,169.6551657430562,0.22589594194103924,1e-06,52.56621929097874,3.0721443994476174,52.09745434276864,0.05082678472465232,0.0,0.0,-0.1343959379911296,2,4.546899999695597,0,0,0,cpu,,,,,,0.05439408381097493,0.05752299438881856,,,,,,,,,,,,,,,
medical_resource_allocation,fpto,22,3,2.0,55,train,1.0,2.0,0.00097323600973236,52.16752473847487,157.9054883313391,0.2684704730857689,1e-06,45.991684733476816,3.164008515911176,44.98767851029392,0.043783628720480694,0.0,0.0,-0.22572391775081013,2,5.746499999986554,0,0,0,cpu,,,,,,0.05248800980708289,0.05539561541210273,,,,,,,,,,,,,,,
medical_resource_allocation,fpto,22,3,2.0,60,train,1.0,2.0,0.000970873786407767,50.88563167535199,149.22872273674093,0.33351076727255663,1e-06,39.48826387496538,3.2350317309740184,38.30456929352657,0.037188902226724815,0.0,0.0,-0.26213129963924714,2,8.496000000377535,0,0,0,cpu,,,,,,0.05119824158430192,0.053960947194904386,,,,,,,,,,,,,,,
medical_resource_allocation,fpto,22,3,2.0,65,train,1.0,2.0,0.0009685230024213075,49.94462217797343,142.91034543845603,0.3909429215575898,1e-06,34.19704929211985,3.2889173693177263,32.94763358200867,0.03191054099952413,0.0,0.0,-0.28264892039705153,2,8.546200000637327,0,0,0,cpu,,,,,,0.050251451105463335,0.0529102688958606,,,,,,,,,,,,,,,
medical_resource_allocation,fdfl-scal,22,0,0.0,0,train,1.0,0.0,0.001,75.06099744849826,398.77520819080803,2.3838949125959648,0.005577592056921959,20.30325474237973,0.06758868567313295,0.6130838171929724,0.0006130838171921558,0.532225262370867,0.9068706268940459,0.43865201447400765,2,14.671500000076776,0,0,0,cpu,0.0005241420538695389,0.25572333828893856,0.011577363938010206,487.8893735029113,1.615223031864981,0.07552212588113265,0.08169165319733998,,,,,,,,,,,,,,,
medical_resource_allocation,fdfl-scal,22,0,0.0,5,train,1.0,0.0,0.0009975062344139652,75.01109725025105,398.71325376029023,2.3837868913154354,0.005564950871337449,20.367861253708504,0.06786548320184296,0.6137185945990402,0.0006121881242875071,0.5317135598752154,0.9069042304025279,0.43999477572975537,2,12.439500000255066,0,0,0,cpu,0.0005219994019315873,0.25570347269941257,0.011553227247004333,489.8539572137763,1.6151650521656817,0.07547191912687116,0.08163291163162412,,,,,,,,,,,,,,,
medical_resource_allocation,fdfl-scal,22,0,0.0,10,train,1.0,0.0,0.0009950248756218907,74.96143792344617,398.65119055703605,2.38367826381683,0.005558418279149157,20.432795121238495,0.06829022210827343,0.6144063269240843,0.0006113495790281285,0.5311131519990736,0.9072044103264831,0.4410566600727924,2,11.400200000025507,0,0,0,cpu,0.0005198724629167315,0.25568357068453784,0.011529217129498209,491.8197998986742,1.6151071803897128,0.07542195472381744,0.08157445994868719,,,,,,,,,,,,,,,
medical_resource_allocation,fdfl-scal,22,0,0.0,15,train,1.0,0.0,0.0009925558312655087,74.91199070538698,398.58901048572017,2.3835689126336534,0.005548056545869101,20.49911763684226,0.06863427283103149,0.6151117334985943,0.0006105327379630652,0.5307026222944172,0.9072960817039569,0.4423983317628746,2,14.469100000496837,0,0,0,cpu,0.0005177605785521539,0.2556636296395494,0.01150532697479375,493.7873608579423,1.6150493603945884,0.07537220373257462,0.08151626420581358,,,,,,,,,,,,,,,
medical_resource_allocation,fdfl-scal,22,0,0.0,20,train,1.0,0.0,0.0009900990099009901,74.86276483645554,398.5267106895575,2.3834589515157294,0.005537752435105833,20.566235965341143,0.06894721472086442,0.615833611460775,0.0006097362489702653,0.5302336651296402,0.9072670012370797,0.4435704768210174,2,15.923900000416324,0,0,0,cpu,0.0005156638030580324,0.25564364863904027,0.011481558086115267,495.7564349543269,1.6149916348864224,0.07532267545029195,0.08145833519489837,,,,,,,,,,,,,,,
medical_resource_allocation,fdfl-scal,22,0,0.0,25,train,1.0,0.0,0.0009876543209876543,74.81375450866437,398.4642901245368,2.3833483691884636,0.005529851693520995,20.63243553096009,0.06926978147847175,0.616536455252171,0.0006089248940754169,0.5295932348608001,0.9073676319589397,0.4450917602975219,2,16.445599999315164,0,0,0,cpu,0.0005135819618608068,0.2556236273387627,0.011457909234525184,497.72703545231394,1.6149339713444897,0.07527336403330125,0.08140066599748295,,,,,,,,,,,,,,,
medical_resource_allocation,fdfl-scal,22,0,0.0,30,train,1.0,0.0,0.0009852216748768474,74.76496924287346,398.40175550784994,2.383237178638935,0.005516038900259249,20.69808301402826,0.06956571394827249,0.6171831726233082,0.0006080622390369484,0.5291108534761512,0.9072397594892819,0.4464312570988306,2,11.323699999593373,0,0,0,cpu,0.0005115149966383091,0.2556035678840293,0.011434380532715319,499.6990695558549,1.614876410193325,0.07522427906095282,0.08134326773259969,,,,,,,,,,,,,,,
medical_resource_allocation,fdfl-scal,22,0,0.0,35,train,1.0,0.0,0.0009828009828009828,74.71641807035905,398.3391037831457,2.383125358633943,0.005507442465584779,20.765326179860295,0.06996094379779066,0.617918304811289,0.0006072907172584615,0.5286529258573175,0.9072968348538408,0.44800896814318025,2,18.458799999280018,0,0,0,cpu,0.0005094630243687149,0.25558346928534403,0.011410973983002498,501.67226483618174,1.6148189349739415,0.07517542962000547,0.08128615093900152,,,,,,,,,,,,,,,
medical_resource_allocation,fdfl-scal,22,0,0.0,40,train,1.0,0.0,0.000980392156862745,74.66806416970041,398.2763277086845,2.383012755549863,0.005500225703619101,20.83244826818413,0.07032832501584638,0.6186636290112972,0.0006065329696181251,0.5282492206537448,0.9074047789566402,0.4493425936593759,2,18.294000000423694,0,0,0,cpu,0.0005074250705805006,0.25556332921005565,0.011387679322943732,503.6474230918232,1.614761463141656,0.07512677866283038,0.08122927221767008,,,,,,,,,,,,,,,
medical_resource_allocation,fdfl-scal,22,0,0.0,45,train,1.0,0.0,0.00097799511002445,74.61992588063413,398.21343344550223,2.3828994331989346,0.0054921673366142175,20.899352929727897,0.07069257130264398,0.6193857812574384,0.0006057562652876644,0.52773148225208,0.9074649081156285,0.4509022805013168,2,10.287199999766017,0,0,0,cpu,0.0005054013099683887,0.25554314962520003,0.011364499222316136,505.6242328322882,1.6147040421144203,0.07507834464183218,0.08117265306406816,,,,,,,,,,,,,,,
medical_resource_allocation,fdfl-scal,22,0,0.0,50,train,1.0,0.0,0.0009756097560975611,74.57198809314013,398.15041315331433,2.3827853809004704,0.00548072481547479,20.967643549269248,0.07102858209992971,0.6201200719701615,0.0006049951921652248,0.52728630206707,0.9073990969569596,0.4524037885806176,2,13.651300000674382,0,0,0,cpu,0.0005033915444132589,0.2555229280055678,0.011341432068381873,507.60274152677556,1.6146466842706526,0.07503011235416417,0.08111627562830742,,,,,,,,,,,,,,,
medical_resource_allocation,fdfl-scal,22,0,0.0,55,train,1.0,0.0,0.00097323600973236,74.52425832456663,398.0872681357546,2.382670691611364,0.005470772037790022,21.034572359765903,0.07134576767523455,0.6208154205433796,0.0006041999226691697,0.5266657000087062,0.9073950258629521,0.4536081917735751,2,17.21240000006219,0,0,0,cpu,0.0005013957813827472,0.25550266475953143,0.011318478618722544,509.58279715658404,1.614589422045661,0.07498208936335647,0.08106014867512139,,,,,,,,,,,,,,,
medical_resource_allocation,fdfl-scal,22,0,0.0,60,train,1.0,0.0,0.000970873786407767,74.4767336849344,398.0240033163259,2.382555265078819,0.005463840163988657,21.10159980180457,0.07176881213265202,0.6215354847328539,0.0006034325094485931,0.5260187801990729,0.9074759874359666,0.4549677261136318,2,14.14810000005673,0,0,0,cpu,0.0004994136882177682,0.2554823614573272,0.011295635812560033,511.56459561421696,1.6145322550309993,0.07493427276167564,0.08100426872951305,,,,,,,,,,,,,,,
medical_resource_allocation,fdfl-scal,22,0,0.0,65,train,1.0,0.0,0.0009685230024213075,74.42940398046687,397.9606137943595,2.3824390989418522,0.0054562554505759205,21.170085292129222,0.07210422661697277,0.6222975389913197,0.0006027094808624886,0.525511645153491,0.907538889645676,0.4564021557003501,2,17.462099999647762,0,0,0,cpu,0.0004974450458682271,0.25546201651646666,0.0112729017792059,513.5482173123067,1.614475164057004,0.07488665229272083,0.0809486237316902,,,,,,,,,,,,,,,
medical_resource_allocation,fdfl-scal,22,1,0.5,0,train,1.0,0.5,0.001,75.06099744849826,398.77520819080803,2.3838949125959648,0.005577592056921959,20.30325474237973,0.06758868567313295,0.6313168479947068,0.0006313168479939159,0.532225262370867,0.9068706268940459,0.43865201447400765,2,17.299399999501475,0,0,0,cpu,0.0005241420538695389,0.25572333828893856,0.011577363938010206,487.8893735029113,1.615223031864981,0.07552212588113265,0.08169165319733998,,,,,,,,,,,,,,,
medical_resource_allocation,fdfl-scal,22,1,0.5,5,train,1.0,0.5,0.0009975062344139652,75.007392654201,398.71173989833034,2.383775413441319,0.005563830949499966,20.3693365886906,0.06788183635379991,0.6320765680288633,0.000630500317234984,0.5316923119098355,0.9069008566758927,0.440143492629403,2,12.052399999447516,0,0,0,cpu,0.0005219356913436364,0.2557029872626681,0.011552511217721181,489.91282164360786,1.6151601155472728,0.07546819177206984,0.08162855090591349,,,,,,,,,,,,,,,
medical_resource_allocation,fdfl-scal,22,1,0.5,10,train,1.0,0.5,0.0009950248756218907,74.95403037785707,398.64814162648344,2.3836551201624574,0.005557084210350549,20.436616469514327,0.06831762170109897,0.6329641256239428,0.0006298150503712905,0.5311169475546813,0.9072754488317337,0.4414840408752668,2,10.759800000414543,0,0,0,cpu,0.0005197454606284352,0.2556825929338633,0.011527786736363727,491.9380972076449,1.615097273860134,0.07541450167084097,0.08156574141290811,,,,,,,,,,,,,,,
medical_resource_allocation,fdfl-scal,22,1,0.5,15,train,1.0,0.5,0.0009925558312655087,74.90088565858684,398.58440423065633,2.38353396349295,0.0055469802824716545,20.504788718244146,0.068673014646845,0.6338312467275157,0.0006291128999768998,0.5306557637867545,0.9073036273266122,0.44291008056138725,2,9.948800000529445,0,0,0,cpu,0.0005175707603002212,0.25566215235936857,0.011503184540666527,493.96560232859684,1.6150344700742778,0.07536103046322216,0.0815031952427619,,,,,,,,,,,,,,,
medical_resource_allocation,fdfl-scal,22,1,0.5,20,train,1.0,0.5,0.0009900990099009901,74.84796359644076,398.52052344333634,2.3834120534715324,0.0055356437354822634,20.573782797347686,0.06899735660259544,0.6346963805879583,0.0006284122580071024,0.5301369385636414,0.9073577735677905,0.4443598847004595,2,16.139700000167068,0,0,0,cpu,0.0005154116581898719,0.2556416641593356,0.01147870611291976,495.99511399713055,1.6149717192036857,0.07530778328059543,0.08144091830660166,,,,,,,,,,,,,,,
medical_resource_allocation,fdfl-scal,22,1,0.5,25,train,1.0,0.5,0.0009876543209876543,74.79526331455861,398.45650231478936,2.3832893850634167,0.005525994341716589,20.641623424259052,0.06932191885695882,0.6355404905326101,0.0006276943116363666,0.5295250615306989,0.9073142194137622,0.4459440661603873,2,17.506999999568507,0,0,0,cpu,0.0005132679085146085,0.2556211293007288,0.01145434949738864,498.02671287299734,1.6149090188170123,0.07525475924071365,0.08137890948097636,,,,,,,,,,,,,,,
medical_resource_allocation,fdfl-scal,22,1,0.5,30,train,1.0,0.5,0.0009852216748768474,74.74281242155541,398.3923471435494,2.3831659828497016,0.005511819365763536,20.70987614966162,0.06967459630366103,0.6363704365204355,0.0006269659473100008,0.529079006581313,0.9072516583910828,0.447438470667115,2,18.179699999564036,0,0,0,cpu,0.0005111399022373576,0.25560054979280905,0.011430119860828725,500.0598635989801,1.6148464156296305,0.07520198612180215,0.08131720115448557,,,,,,,,,,,,,,,
medical_resource_allocation,fdfl-scal,22,1,0.5,35,train,1.0,0.5,0.0009828009828009828,74.6905752075453,398.3280463969724,2.383041676928998,0.0055044001886893285,20.779442943645744,0.07008385483224942,0.637321301538612,0.0006263600015113757,0.5286195706642625,0.9074302915059935,0.44925355807999995,2,11.208300000362215,0,0,0,cpu,0.0005090267939307473,0.2555799219249356,0.011406008427601685,502.09522361549216,1.6147838002899275,0.07514942799459556,0.08125575122005375,,,,,,,,,,,,,,,
medical_resource_allocation,fdfl-scal,22,1,0.5,40,train,1.0,0.5,0.000980392156862745,74.63854880564031,398.2635989185826,2.3829164743579176,0.0054948731883408064,20.847352489484543,0.07047492786143877,0.638194564664003,0.0006256809457482633,0.5281999672798117,0.907495457153565,0.4507889315792091,2,15.491200000724348,0,0,0,cpu,0.000506928346978373,0.2555592453143523,0.01138201325698776,504.13287565718866,1.6147211901115421,0.07509708197459354,0.08119455621885137,,,,,,,,,,,,,,,
medical_resource_allocation,fdfl-scal,22,1,0.5,45,train,1.0,0.5,0.00097799511002445,74.58673295828237,398.1990061218816,2.38279034504502,0.0054835881860812,20.917383544861153,0.07083459660818342,0.6391068769446142,0.0006250434004340675,0.5278291962458674,0.9075263217755883,0.4524663328524095,2,15.578000000459724,0,0,0,cpu,0.0005048443721001053,0.25553852040277447,0.011358132939886231,506.17286143006436,1.6146585944492227,0.07504494780265572,0.08113361576260082,,,,,,,,,,,,,,,
medical_resource_allocation,fdfl-scal,22,1,0.5,50,train,1.0,0.5,0.0009756097560975611,74.53512693845926,398.13426363995546,2.3826634413527588,0.00547438272206933,20.98702045457624,0.07119418931356548,0.6399976689952412,0.0006243879697506918,0.5271416385803477,0.9074532724114559,0.45397490537401863,2,10.9879000001456,0,0,0,cpu,0.0005027749665034553,0.25551774577713277,0.01133436924024166,508.21493272453284,1.6145960782141373,0.07499302474730359,0.08107292891150009,,,,,,,,,,,,,,,
medical_resource_allocation,fdfl-scal,22,1,0.5,55,train,1.0,0.5,0.00097323600973236,74.4837343025705,398.0693753830579,2.382535624995976,0.005465141308334233,21.056162788905546,0.0715549629598682,0.6408963203229363,0.0006237433774424835,0.5266939575820566,0.9076088883579579,0.45565891182616836,2,18.589199999951234,0,0,0,cpu,0.0005007198048242111,0.25549692268017954,0.011310719219289552,510.2592711903565,1.6145336303115077,0.07494131638678496,0.08101249976279276,,,,,,,,,,,,,,,
medical_resource_allocation,fdfl-scal,22,1,0.5,60,train,1.0,0.5,0.000970873786407767,74.43254009088366,398.0043385711249,2.3824069229173266,0.005456972601716637,21.126293456081342,0.07194993310001394,0.6418258610005788,0.0006231319038832985,0.5261023055908322,0.9076459186322491,0.45724682981171505,2,18.900699999903736,0,0,0,cpu,0.0004986785416869895,0.2554760502078111,0.011287179636808451,512.3060826791466,1.614471236161714,0.07488980766946407,0.08095231064399129,,,,,,,,,,,,,,,
medical_resource_allocation,fdfl-scal,22,1,0.5,65,train,1.0,0.5,0.0009685230024213075,74.38154505549198,397.93915041901624,2.382277338376186,0.005446807608668776,21.196896830053007,0.07230971115631497,0.6427368673272786,0.0006225054405099289,0.5255192290292143,0.9075313849686096,0.45879994454841444,2,14.340600000650738,0,0,0,cpu,0.0004966510853781718,0.2554551274539708,0.01126375010000816,514.3553190052048,1.6144089223553921,0.07483849935205455,0.08089236236012924,,,,,,,,,,,,,,,
medical_resource_allocation,fdfl-scal,22,2,1.0,0,train,1.0,1.0,0.001,75.06099744849826,398.77520819080803,2.3838949125959648,0.005577592056921959,20.30325474237973,0.06758868567313295,0.6507951086440712,0.0006507951086433006,0.532225262370867,0.9068706268940459,0.43865201447400765,2,16.49089999955322,0,0,0,cpu,0.0005241420538695389,0.25572333828893856,0.011577363938010206,487.8893735029113,1.615223031864981,0.07552212588113265,0.08169165319733998,,,,,,,,,,,,,,,
medical_resource_allocation,fdfl-scal,22,2,1.0,5,train,1.0,1.0,0.0009975062344139652,75.00368779702228,398.7102252282462,2.383763929425064,0.005563116841915131,20.3710691382043,0.06789867502202411,0.6517160895937172,0.0006500908624368587,0.531666744615434,0.9069257082880922,0.4403057332864884,2,12.133299999732117,0,0,0,cpu,0.0005218719760838674,0.25570250156586727,0.01155179508915248,489.97170433381274,1.6151551768837924,0.07546446415453566,0.0816241899079902,,,,,,,,,,,,,,,
medical_resource_allocation,fdfl-scal,22,2,1.0,10,train,1.0,1.0,0.0009950248756218907,74.94661821644752,398.64508757724633,2.3836319443693967,0.005556411415721438,20.440346832346016,0.06836287393596711,0.6528355142857325,0.0006495875764029549,0.5311003621613647,0.9073237701309007,0.44184877864881683,2,11.207599999579543,0,0,0,cpu,0.0005196183627317656,0.2556816135379476,0.011526355079000662,492.0565397145791,1.6150873579459226,0.0754070439736873,0.08155701758508889,,,,,,,,,,,,,,,
medical_resource_allocation,fdfl-scal,22,2,1.0,15,train,1.0,1.0,0.0009925558312655087,74.88977212565999,398.5797865798485,2.383498949015654,0.005544714472552732,20.51092081511175,0.06872294743248102,0.6538918428078188,0.0006490241615950894,0.5306922709835822,0.907330698363304,0.44345569694051584,2,13.214900000093621,0,0,0,cpu,0.0005173807475276021,0.2556606714158707,0.011501039487392077,494.144153290573,1.6150195535014007,0.07534984865560947,0.08149011660902768,,,,,,,,,,,,,,,
medical_resource_allocation,fdfl-scal,22,2,1.0,20,train,1.0,1.0,0.0009900990099009901,74.83315556931177,398.51431951008766,2.3833650768281807,0.005534304635388174,20.581128436521347,0.06905208869017047,0.6549167349472748,0.0006484324108381306,0.5300631343795128,0.907456284700654,0.44507037878886496,2,12.32220000019879,0,0,0,cpu,0.0005151592511268082,0.25563967431201384,0.011475850433709835,496.23426882629593,1.6149517799887594,0.07529288428208886,0.08142349399315914,,,,,,,,,,,,,,,
medical_resource_allocation,fdfl-scal,22,2,1.0,25,train,1.0,1.0,0.0009876543209876543,74.7767710131817,398.4486888453405,2.383230290770317,0.0055200898137195385,20.65063328060676,0.06938487636010338,0.6558936546133056,0.0006477962020864583,0.5295138261942044,0.9072268555062226,0.446744402923044,2,12.722100000246428,0,0,0,cpu,0.0005129536383759863,0.2556186230074896,0.011450786117483437,498.3269517626961,1.6148840442142214,0.07523615333405251,0.0813571525371602,,,,,,,,,,,,,,,
medical_resource_allocation,fdfl-scal,22,2,1.0,30,train,1.0,1.0,0.0009852216748768474,74.72063560783852,398.3828970596963,2.383094548528653,0.005510631742209442,20.721866465064586,0.06980664727597735,0.6570338802602195,0.0006473240199600618,0.5290893466603489,0.9074030976126563,0.4485488251129163,2,12.531700000181445,0,0,0,cpu,0.0005107641658969739,0.2555975182825782,0.011425850219171333,500.4217902282023,1.6148163292183733,0.07517967306743169,0.08129111231452558,,,,,,,,,,,,,,,
medical_resource_allocation,fdfl-scal,22,2,1.0,35,train,1.0,1.0,0.0009828009828009828,74.66471203468632,398.31693011214793,2.382957722519409,0.0054992171862469005,20.79279488275634,0.07019116944326864,0.6581228215504513,0.0006468037558227927,0.5286088377288057,0.9074252571519252,0.45042211526887865,2,18.484400000488677,0,0,0,cpu,0.0005085898097914405,0.25557635561940506,0.011401031974854854,502.51961541307776,1.61474857092062,0.07512340593436806,0.08122532932111057,,,,,,,,,,,,,,,
medical_resource_allocation,fdfl-scal,22,2,1.0,40,train,1.0,1.0,0.000980392156862745,74.60900468646844,398.2507924369113,2.382819788805461,0.005489888272156731,20.863685326272474,0.07059283229705769,0.6592518983099039,0.0006463253904991607,0.5282215961767797,0.9075964881314689,0.4523804173230934,2,18.249699999614677,0,0,0,cpu,0.0005064305243201613,0.2555551364262813,0.011376331646584147,504.6203262912356,1.6146807838015387,0.07506735635459127,0.0811598086307459,,,,,,,,,,,,,,,
medical_resource_allocation,fdfl-scal,22,2,1.0,45,train,1.0,1.0,0.00097799511002445,74.553505110738,398.18448029903277,2.3826808332715754,0.005479026393678985,20.935536498409867,0.07098110673274548,0.6603413648076206,0.000645810625727982,0.5276580565701213,0.9075140724204945,0.4538876492539198,2,10.520800000449526,0,0,0,cpu,0.0005042861634909212,0.2555338594906759,0.011351748307841443,506.7239158848672,1.6146130136299923,0.07501151582372782,0.08109454020990073,,,,,,,,,,,,,,,
medical_resource_allocation,fdfl-scal,22,2,1.0,50,train,1.0,1.0,0.0009756097560975611,74.49822982418777,398.1179968721811,2.3825408914721464,0.005468624146490941,21.007074960550185,0.07136639209819663,0.6614585122744219,0.0006453253778279689,0.527175407968751,0.9076174257951662,0.4558508399581102,2,15.37689999986469,0,0,0,cpu,0.0005021567746781453,0.255512525816596,0.011327283251244677,508.83018750541675,1.614545314386666,0.07495590095993887,0.08102954338903656,,,,,,,,,,,,,,,
medical_resource_allocation,fdfl-scal,22,2,1.0,55,train,1.0,1.0,0.00097323600973236,74.44315484571518,398.0513362944116,2.3823998341633406,0.005460048337506447,21.07907441128771,0.07177009097891766,0.6626031664130175,0.0006448692617150967,0.5267148416491003,0.9077002165190913,0.45760425356928813,2,13.615999999274209,0,0,0,cpu,0.000500041736080204,0.25549113350856983,0.01130293014898015,510.9396177834053,1.614477634267659,0.07490048763479672,0.0809647898779003,,,,,,,,,,,,,,,
medical_resource_allocation,fdfl-scal,22,2,1.0,60,train,1.0,1.0,0.000970873786407767,74.38828204422828,397.9844978352167,2.382257733612756,0.005447585957435363,21.150808906361267,0.0721380654042045,0.6636661351303413,0.0006443360535238692,0.5261025273769139,0.9076214442788292,0.45931059465141705,2,16.148499999872,0,0,0,cpu,0.0004979409996524246,0.2554696823174085,0.01127868915229149,513.0521135952508,1.6144099996101486,0.07484527772869085,0.080900281787398,,,,,,,,,,,,,,,
medical_resource_allocation,fdfl-scal,22,2,1.0,65,train,1.0,1.0,0.0009685230024213075,74.33361458497905,397.91748140814445,2.382114545986963,0.005440641559401983,21.224367008884485,0.07262388339694553,0.6649018087257376,0.0006439726961016825,0.5255737773499429,0.9076504569758753,0.4609308891400478,2,14.343499999995402,0,0,0,cpu,0.0004958543908144801,0.2554481722005283,0.01125455897897227,515.1677124022931,1.614342430130271,0.0747902744263186,0.0808360227514302,,,,,,,,,,,,,,,
medical_resource_allocation,fdfl-scal,22,3,2.0,0,train,1.0,2.0,0.001,75.06099744849826,398.77520819080803,2.3838949125959648,0.005577592056921959,20.30325474237973,0.06758868567313295,0.6930607771517835,0.0006930607771510578,0.532225262370867,0.9068706268940459,0.43865201447400765,2,12.40940000025148,0,0,0,cpu,0.0005241420538695389,0.25572333828893856,0.011577363938010206,487.8893735029113,1.615223031864981,0.07552212588113265,0.08169165319733998,,,,,,,,,,,,,,,
medical_resource_allocation,fdfl-scal,22,3,2.0,5,train,1.0,2.0,0.0009975062344139652,74.99627848756165,398.7071938817231,2.383740943832783,0.005564782927287456,20.37500179834291,0.06797697429696636,0.6944810812270482,0.0006927492082058226,0.5316059422744945,0.907076436656257,0.44060994709191786,2,11.311599999316968,0,0,0,cpu,0.0005217445259334683,0.2557015295261335,0.011550362474964812,490.0895300600432,1.6151452954402812,0.07545700932685152,0.08161546849423648,,,,,,,,,,,,,,,
medical_resource_allocation,fdfl-scal,22,3,2.0,10,train,1.0,2.0,0.0009950248756218907,74.9317894744429,398.6389674374097,2.383585533245893,0.005553048517457401,20.44756627679571,0.06841014374752866,0.6959764242139374,0.0006925138549385267,0.5309842951363933,0.9072669248997671,0.44242729286840154,2,18.57159999963187,0,0,0,cpu,0.0005193640170292815,0.25567965087330785,0.011523489512738986,492.2937332774302,1.6150675064834434,0.07539212413304569,0.08153956515063708,,,,,,,,,,,,,,,
medical_resource_allocation,fdfl-scal,22,3,2.0,15,train,1.0,2.0,0.0009925558312655087,74.86753682918777,398.5705232560012,2.3834288051690646,0.005540947149030412,20.52219213825262,0.06877741766784028,0.6974710943043706,0.0006922790017902265,0.5305637986656848,0.9073768553350146,0.4444557229883551,2,17.84940000015922,0,0,0,cpu,0.0005170004095508512,0.25565770051589737,0.011496744577120422,494.5019303524388,1.6149896724736401,0.07532747675920173,0.08146395060512181,,,,,,,,,,,,,,,
medical_resource_allocation,fdfl-scal,22,3,2.0,20,train,1.0,2.0,0.0009900990099009901,74.80352709707597,398.50186221084067,2.3832709042433655,0.005527486476295647,20.59626074899374,0.06915511719461821,0.6989612568833242,0.0006920408483986272,0.5301731629374425,0.9073434550969895,0.44658471740128936,2,15.991199999916716,0,0,0,cpu,0.0005146538053161575,0.25563567871555254,0.01147012967779954,496.7138609973217,1.6149118330427985,0.0752630737908095,0.08138863243986406,,,,,,,,,,,,,,,
medical_resource_allocation,fdfl-scal,22,3,2.0,25,train,1.0,2.0,0.0009876543209876543,74.73977277261258,398.4329810959782,2.383111688864324,0.005514183579444097,20.670425818733264,0.06956813620163196,0.7004631257591462,0.0006918154328478327,0.5295197263654777,0.9073858539698275,0.44850684513577693,2,14.868099999148399,0,0,0,cpu,0.0005123242483879446,0.2556135844254241,0.011443646163636127,498.92931132915487,1.614833944153038,0.0751989277991326,0.08131362523204272,,,,,,,,,,,,,,,
medical_resource_allocation,fdfl-scal,22,3,2.0,30,train,1.0,2.0,0.0009852216748768474,74.67625832136844,398.3638760405948,2.382951118101337,0.005500747476715562,20.745018424703545,0.07000298955193149,0.7020797020540762,0.0006917041399540484,0.5291660642073515,0.9074675651800252,0.45092630026188424,2,11.213400000087859,0,0,0,cpu,0.0005100112203508957,0.2555914163849488,0.01141728909074749,501.1486143561663,1.6147559612627462,0.07513502315430795,0.08123891058191055,,,,,,,,,,,,,,,
medical_resource_allocation,fdfl-scal,22,3,2.0,35,train,1.0,2.0,0.0009828009828009828,74.6129522737989,398.2945321451847,2.382788955099165,0.00549208866563514,20.819815347618196,0.07046660407454396,0.7037357836014894,0.0006916322197550677,0.5286586942711378,0.9075627120243996,0.4529753576828749,2,18.803099999786355,0,0,0,cpu,0.0005077137872528315,0.2555691697947364,0.011391048727028936,503.372522494584,1.6146778507049304,0.0750713281934614,0.08116445135908124,,,,,,,,,,,,,,,
medical_resource_allocation,fdfl-scal,22,3,2.0,40,train,1.0,2.0,0.000980392156862745,74.54986245791213,398.2249577896733,2.382625409282251,0.005476811242424136,20.895233796988766,0.07083568767768515,0.7052112624415875,0.0006913835906283139,0.5281176127684682,0.9075506257518906,0.45502579378929786,2,9.938399999555259,0,0,0,cpu,0.0005054321078161915,0.25554684732303345,0.011364927702729274,505.60073919159714,1.6145997062340194,0.07500785079269162,0.0810902566653903,,,,,,,,,,,,,,,
medical_resource_allocation,fdfl-scal,22,3,2.0,45,train,1.0,2.0,0.00097799511002445,74.48699259655484,398.1551516615541,2.3824604686867366,0.005467602862694176,20.971661240810896,0.0712805070912962,0.7068942737398061,0.0006913391430211287,0.527626874620215,0.9076619611785591,0.4571968503263563,2,13.49720000052912,0,0,0,cpu,0.000503166227593053,0.2555244485287888,0.011338927322459825,507.83306691928846,1.6145215494259872,0.07494459469771618,0.08101633077126473,,,,,,,,,,,,,,,
medical_resource_allocation,fdfl-scal,22,3,2.0,50,train,1.0,2.0,0.0009756097560975611,74.42432070047619,398.0851029765792,2.3822940293679795,0.005455646624973562,21.04777353072893,0.07169742185033436,0.708504569291972,0.0006912239700402543,0.5272230182499282,0.9076327646889544,0.45935356955038786,2,16.41749999998865,0,0,0,cpu,0.0005009154936083015,0.25550196993111635,0.011313040943351109,510.0700081976502,1.6144433393940616,0.07488153778419583,0.08094264771761528,,,,,,,,,,,,,,,
medical_resource_allocation,fdfl-scal,22,3,2.0,55,train,1.0,2.0,0.00097323600973236,74.3618646946851,398.0148187172283,2.3821260504319017,0.0054466611188689245,21.123786121391344,0.0722202783475036,0.7102459424124725,0.000691236926921432,0.5265880328570346,0.9076274866570389,0.4612995617981746,2,11.311100000057195,0,0,0,cpu,0.0004986798504168695,0.25547941374992295,0.011287268749941284,512.3114830814918,1.614365127557182,0.07481869808725969,0.08086922847724858,,,,,,,,,,,,,,,
medical_resource_allocation,fdfl-scal,22,3,2.0,60,train,1.0,2.0,0.000970873786407767,74.29956932828566,397.94427846810436,2.381956418107929,0.005441244918918247,21.203028669473444,0.07269015770465223,0.7120687521693103,0.0006913288856005884,0.5260414305301735,0.9077271889619132,0.46346209804424526,2,17.925000000104774,0,0,0,cpu,0.0004964582057429615,0.2554567734119166,0.011261598970526627,514.5584672724252,1.6142868344789536,0.07475602001658446,0.08079600800853028,,,,,,,,,,,,,,,
medical_resource_allocation,fdfl-scal,22,3,2.0,65,train,1.0,2.0,0.0009685230024213075,74.2373839248188,397.8734616921792,2.3817849564939917,0.005437277631649709,21.283233846471447,0.07324104141055181,0.7140644485261315,0.0006915878436081633,0.5255010171442855,0.9079781513880207,0.46580281501366905,2,17.94409999911295,0,0,0,cpu,0.0004942496354665859,0.25543404230235217,0.011236021639961987,516.8117970612464,1.614208385794364,0.0746934525843862,0.0807229266808988,,,,,,,,,,,,,,,
medical_resource_allocation,fplg,22,0,0.0,0,train,1.0,0.0,0.001,75.06099744849826,398.77520819080803,2.3838949125959648,0.005577592056921959,20.30325474237973,0.06758868567313295,0.6130838171929724,0.0006130838171921558,0.532225262370867,0.9068706268940459,0.43865201447400765,2,13.245699999970384,0,0,0,cpu,0.0005241420538695389,0.25572333828893856,0.011577363938010206,487.8893735029113,1.615223031864981,0.07552212588113265,0.08169165319733998,,,,,,,,,,,,,,,
medical_resource_allocation,fplg,22,0,0.0,5,train,0.4082482904638631,0.0,0.0009975062344139652,75.01875524618265,398.7264882777784,2.3838026944154627,0.00556717463190618,20.35416858334288,0.0678218013651012,0.38101936100128253,0.00038006918802989333,0.531845063985283,0.9069300817770307,0.4398365961114171,2,13.557799999944109,0,0,0,cpu,0.000522446553510397,0.25570771645600643,0.011558270422881375,489.44282384076956,1.1896218012585125,0.07547962416880243,0.08164192606457359,,,,,,,,,,,,,,,
medical_resource_allocation,fplg,22,0,0.0,10,train,0.30151134457776363,0.0,0.0009950248756218907,74.98518172915999,398.69198391480506,2.38372788107803,0.005562758886094264,20.390958738873135,0.06807174226269773,0.31764386503597086,0.00031606354729790676,0.5314574906605627,0.9071257781457228,0.4405505633417835,2,12.954299999364594,0,0,0,cpu,0.0005212419920540281,0.25569665220142385,0.011544688491034141,490.5526724618154,1.1289034919989547,0.07544584439681634,0.0816024068893997,,,,,,,,,,,,,,,
medical_resource_allocation,fplg,22,0,0.0,15,train,0.25,0.0,0.0009925558312655087,74.95494984461664,398.66274673777116,2.383659657254478,0.005558650198016665,20.422602189183575,0.0682457639089232,0.28459409899583593,0.00028247553250032755,0.5312418609579673,0.9072536817954306,0.44149892559128723,2,10.488799999620824,0,0,0,cpu,0.0005202205894291775,0.2556872765610172,0.011533160266037817,491.49780257943115,1.1021032959872252,0.07541542678623672,0.08156682359959809,,,,,,,,,,,,,,,
medical_resource_allocation,fplg,22,0,0.0,20,train,0.2182178902359924,0.0,0.0009900990099009901,74.92669684358202,398.63655686503785,2.3835953200801936,0.005552806424560704,20.450626576174702,0.06841324077118113,0.2634859075816475,0.0002608771362175677,0.5309998458220938,0.9073083025687677,0.4422783064938552,2,16.144700000040757,0,0,0,cpu,0.0005193058941093541,0.25567887782390153,0.011522827268219267,492.3473442611482,1.0864556058774753,0.07538700021620452,0.08153357159571892,,,,,,,,,,,,,,,
medical_resource_allocation,fplg,22,0,0.0,25,train,0.19611613513818404,0.0,0.0009876543209876543,74.89981258130831,398.6124325928597,2.3835336499940603,0.0055484503601740485,20.476998465792384,0.06856212318333466,0.2485853677381343,0.00024551641257888315,0.5308930864649553,0.9073378388916248,0.4431121695662611,2,11.941800000386138,0,0,0,cpu,0.0005184639133881245,0.2556711412527649,0.011513307970966313,493.1319898080704,1.0759926020368369,0.07535995079361925,0.0815019324095909,,,,,,,,,,,,,,,
medical_resource_allocation,fplg,22,0,0.0,30,train,0.1796053020267749,0.0,0.0009852216748768474,74.87395426518935,398.5898304509177,2.383473951628915,0.005543456236497099,20.50249605063002,0.06867160319080823,0.23734654396365543,0.00023383895956803088,0.5308263769473444,0.9074045944973641,0.44401698502897474,2,10.884999999689171,0,0,0,cpu,0.0005176758620129644,0.2556638926111383,0.011504391595954172,493.8686760804305,1.0684073405319583,0.07533393361996858,0.08147150237154573,,,,,,,,,,,,,,,
medical_resource_allocation,fplg,22,0,0.0,35,train,0.16666666666666666,0.0,0.0009828009828009828,74.84891012985656,398.5684152643915,2.3834158329853814,0.0055381051221417826,20.52623622702094,0.0687782883602048,0.2284765142115208,0.0002245469427118746,0.5307002199566473,0.90734817566166,0.44473535165143174,2,18.41359999980341,0,0,0,cpu,0.0005169300962199674,0.25565702444357297,0.011495947557505938,494.5678851222935,1.0626042439032402,0.07530873562892823,0.08144203209289473,,,,,,,,,,,,,,,
medical_resource_allocation,fplg,22,0,0.0,40,train,0.15617376188860607,0.0,0.000980392156862745,74.82453144345493,398.54796129858846,2.383358979825626,0.005534104144813156,20.54867076227309,0.06888894812607553,0.22127773026419725,0.0002169389512371915,0.5305378484034349,0.9073550302448593,0.44551673729200125,2,17.5995999998122,0,0,0,cpu,0.0005162186589407589,0.2556504643814539,0.011487886658588532,495.23677603213537,1.0579905808113592,0.07528420717492648,0.0814133464130939,,,,,,,,,,,,,,,
medical_resource_allocation,fplg,22,0,0.0,45,train,0.14744195615489714,0.0,0.00097799511002445,74.80071942600307,398.5283069730945,2.383303198027111,0.0055289411444782435,20.570683091461333,0.06898326252041861,0.21527124156524563,0.00021053422157742876,0.5305360953745234,0.9073417296981918,0.44640756629536327,2,16.17030000033992,0,0,0,cpu,0.0005155360618608997,0.25564416062396883,0.011480147377356103,495.8802682031309,1.0542152219730914,0.07526024887113873,0.08138532898501008,,,,,,,,,,,,,,,
medical_resource_allocation,fplg,22,0,0.0,50,train,0.14002800840280097,0.0,0.0009756097560975611,74.77740127349591,398.5093333530585,2.3832483348008613,0.00552312210338915,20.590940062371168,0.06910444553202513,0.21013896138877874,0.00020501362086477998,0.5303894805746137,0.9073210646052116,0.4471440135233274,2,18.696600000112085,0,0,0,cpu,0.0005148781506369129,0.25563807504257274,0.011472683178328434,496.50208447638374,1.051055739809314,0.07523678746629703,0.08135789404961329,,,,,,,,,,,,,,,
medical_resource_allocation,fplg,22,0,0.0,55,train,0.1336306209562122,0.0,0.00097323600973236,74.75451061917204,398.4909487119239,2.383194216081366,0.005520669022045943,20.61232752029331,0.06925932805129893,0.2057763054373452,0.00020026891039894547,0.5302348809442118,0.9073886228826953,0.44785395782746,2,10.44830000046204,0,0,0,cpu,0.0005142415923170128,0.25563217823152895,0.01146545674542658,497.1052167906718,1.0483637586483014,0.07521375618592355,0.08133096344050388,,,,,,,,,,,,,,,
medical_resource_allocation,fplg,22,0,0.0,60,train,0.12803687993289598,0.0,0.000970873786407767,74.73199987892087,398.47307954089314,2.383140785220402,0.005516437443449938,20.63226516283999,0.06936456223037006,0.20192581019988595,0.00019604447591982347,0.530014742475126,0.9074390756705171,0.4484305843656771,2,11.50099999995291,0,0,0,cpu,0.0005136239365778271,0.2556264466254052,0.01145844063601773,497.6918488818741,1.0460361623185104,0.07519110715358032,0.08130448110436488,,,,,,,,,,,,,,,
medical_resource_allocation,fplg,22,0,0.0,65,train,0.12309149097933272,0.0,0.0009685230024213075,74.70983431329694,398.45566968437214,2.3830879809757435,0.00551224057713425,20.651724323356873,0.06945511405360477,0.19853031431575996,0.00019228117609030657,0.5298958306058524,0.9074156028617021,0.4491541553549459,2,12.710099999821978,0,0,0,cpu,0.000513023122679426,0.25562086222259417,0.011451611806180062,498.2638226665752,1.0439988444035184,0.07516880541640415,0.0812784061098294,,,,,,,,,,,,,,,
medical_resource_allocation,fplg,22,1,0.5,0,train,1.0,0.5,0.001,74.68798585796765,398.4386710172104,2.3830357453239563,0.005507248491295494,20.67091228783793,0.06956287719435936,0.6154895655784934,0.0006154895655776805,0.5299077920205335,0.9074662067221975,0.4500021881461451,2,16.28199999959179,0,0,0,cpu,0.000512437533006532,0.2560470546845478,0.01145461134374005,499.66491170599716,1.6186965141191056,0.07514682273765252,0.0812527053862692,,,,,,,,,,,,,,,
medical_resource_allocation,fplg,22,1,0.5,5,train,0.4082482904638631,0.5,0.0009975062344139652,74.64637393843338,398.3888878442464,2.382938607847403,0.005498168290486444,20.723885006724096,0.06986858116734627,0.38236741414013603,0.00038141387944022164,0.5295013287931021,0.9075058998985364,0.4513910591080654,2,18.88420000068436,0,0,0,cpu,0.0005107923605315926,0.2560310965397792,0.011435852752245715,501.2430026817984,1.1915465843249924,0.07510495518017199,0.08120375993019038,,,,,,,,,,,,,,,
medical_resource_allocation,fplg,22,1,0.5,10,train,0.30151134457776363,0.5,0.0009950248756218907,74.61329071107355,398.353635526648,2.3828600196155603,0.005495374580023648,20.76223224466224,0.07011736473653724,0.31874152701840774,0.00031715574827546195,0.5293038972007746,0.9076907438762608,0.4524941120598026,2,10.19579999956477,0,0,0,cpu,0.0005096243613415958,0.2560197941326656,0.011422518289574614,502.36961486434564,1.1304010306330072,0.07507166870988576,0.08116484939451885,,,,,,,,,,,,,,,
medical_resource_allocation,fplg,22,1,0.5,15,train,0.25,0.5,0.0009925558312655087,74.58349414500128,398.32376450538,2.382788525655669,0.005488763278838158,20.794738999690207,0.07029244077161544,0.28549254747572095,0.00028336729277813726,0.5291799940228705,0.9075298254604874,0.45338577605845237,2,16.12199999999575,0,0,0,cpu,0.0005086343507986999,0.2560102158720472,0.011411204579180663,503.3286003393965,1.1033747651400971,0.07504168909210518,0.0811298068325348,,,,,,,,,,,,,,,
medical_resource_allocation,fplg,22,1,0.5,20,train,0.2182178902359924,0.5,0.0009900990099009901,74.55565217487685,398.29701112958537,2.382721235639791,0.005484144609037838,20.824795238174985,0.0704472586235228,0.2643035351275693,0.00026168666844126183,0.5289739669374478,0.9075663806333257,0.454234313455014,2,11.149799999657262,0,0,0,cpu,0.0005077482659342663,0.25600163647078067,0.011401069554843234,504.1900753707802,1.0875810549111131,0.07501367607810336,0.08109706504637716,,,,,,,,,,,,,,,
medical_resource_allocation,fplg,22,1,0.5,25,train,0.19611613513818404,0.5,0.0009876543209876543,74.52915439355627,398.2723692401527,2.3826567969632864,0.005478221946990149,20.85159971252521,0.07055364707420916,0.24928891816339535,0.0002462112771964394,0.5288627110392358,0.9075511593906663,0.4551548861593645,2,13.482000000294647,0,0,0,cpu,0.0005069328239977316,0.25599373354285265,0.01139173499826085,504.9855156824451,1.0770135694489251,0.07498701551077161,0.08106590585015168,,,,,,,,,,,,,,,
medical_resource_allocation,fplg,22,1,0.5,30,train,0.1796053020267749,0.5,0.0009852216748768474,74.50367401226436,398.24928777436924,2.3825945237806607,0.005471865906925626,20.87731433927499,0.07065145913504971,0.23795812946518946,0.00023444150686018265,0.5288180067131343,0.9074780893566331,0.4561117071330218,2,18.62029999938386,0,0,0,cpu,0.0005061699971756409,0.2559863305321446,0.011382996099553856,505.73193188160735,1.0693486986932206,0.07496137859374626,0.0810359447260582,,,,,,,,,,,,,,,
medical_resource_allocation,fplg,22,1,0.5,35,train,0.16666666666666666,0.5,0.0009828009828009828,74.47898938989226,398.22741965648106,2.3825338766774444,0.005469647449816687,20.901264494572576,0.07084871916979973,0.22908680544884202,0.00022514673753971115,0.5286868329402469,0.9075853420272637,0.45696871241854775,2,11.510899999848334,0,0,0,cpu,0.0005054481473267818,0.2559793162219818,0.011374720705950414,506.44030960605403,1.0634822875224028,0.0749365423242923,0.08100692087932655,,,,,,,,,,,,,,,
medical_resource_allocation,fplg,22,1,0.5,40,train,0.15617376188860607,0.5,0.000980392156862745,74.45495855913839,398.2065323982759,2.3824745339104947,0.005465305009562368,20.925091216796563,0.07098924829135514,0.22184722082476493,0.00021749727531618715,0.5285891109755937,0.9075986527082137,0.4577281891720524,2,12.25479999993695,0,0,0,cpu,0.0005047596180765418,0.255972616121313,0.011366821893187523,507.1178575986982,1.0588166809307569,0.07491236386294868,0.08097866724904584,,,,,,,,,,,,,,,
medical_resource_allocation,fplg,22,1,0.5,45,train,0.14744195615489714,0.5,0.00097799511002445,74.43148448360273,398.1864634002296,2.3824162902803123,0.005461321018754256,20.94724194387759,0.07113739354656293,0.2158166735554126,0.0002110676513966665,0.5285115639763219,0.9076475619512634,0.45856345704050216,2,10.530100000323728,0,0,0,cpu,0.0005040990571161386,0.25596617813615974,0.011359238929261928,507.76960306273315,1.0549976907662086,0.07488874557718364,0.0809510696353027,,,,,,,,,,,,,,,
medical_resource_allocation,fplg,22,1,0.5,50,train,0.14002800840280097,0.5,0.0009756097560975611,74.40848822816713,398.16708815620086,2.3823589877887663,0.005457616367627249,20.968975798659528,0.07126283856460663,0.2107046434171839,0.00020556550577055182,0.5284909645442476,0.907719541975015,0.45933650736216114,2,18.29619999989518,0,0,0,cpu,0.0005034622736903885,0.25595996237675706,0.011351924270004112,508.39948840767244,1.0518008730700663,0.0748656080469504,0.08092403514358788,,,,,,,,,,,,,,,
medical_resource_allocation,fplg,22,1,0.5,55,train,0.1336306209562122,0.5,0.00097323600973236,74.38591874978363,398.1483149437778,2.382302550370647,0.005451761321357738,20.98986987280265,0.07134213582946451,0.20625642060701804,0.00020073617577089043,0.5285075267366804,0.907696335060716,0.4602430462632335,2,11.5445000001273,0,0,0,cpu,0.0005028463506792777,0.2559539394641065,0.011344844838141714,509.0102356681066,1.0490764696888908,0.07484289991562401,0.08089750368753393,,,,,,,,,,,,,,,
medical_resource_allocation,fplg,22,1,0.5,60,train,0.12803687993289598,0.5,0.000970873786407767,74.3637275334305,398.13007027752286,2.38224686887844,0.0054494262168066415,21.00981703071846,0.07146169159875662,0.20241804844300895,0.0001965223771267376,0.5283524133388412,0.9077758027042462,0.46102124114118986,2,18.53769999979704,0,0,0,cpu,0.0005022487385165221,0.25594808585295675,0.01133797174301321,509.6042383480014,1.046720366447474,0.07482057237013641,0.08087141816567701,,,,,,,,,,,,,,,
medical_resource_allocation,fplg,22,1,0.5,65,train,0.12309149097933272,0.5,0.0009685230024213075,74.34186925200356,398.1122938989501,2.3821918061005936,0.005446272820212708,21.029771602201127,0.07160947471142617,0.19902213731241541,0.00019275751797569144,0.5282697601040129,0.9078100852071618,0.4617004267297727,2,10.601599999972677,0,0,0,cpu,0.0005016673520632921,0.2559423822284446,0.011331281356197754,510.18345358889144,1.0446577194932485,0.07479857980492165,0.08084572523586313,,,,,,,,,,,,,,,
medical_resource_allocation,fplg,22,2,1.0,0,train,1.0,1.0,0.001,74.32031403049996,398.0949351070504,2.382137297473653,0.005445263978406944,21.049924659909745,0.07176964448104732,0.6181888164947165,0.0006181888164939124,0.5282135861286746,0.9077735297567208,0.4621763276619688,2,10.33740000002581,0,0,0,cpu,0.0005011004388026592,0.2564670707132287,0.011336479245022749,511.80771528765166,1.6220448012900337,0.07477689216144331,0.08082038972862665,,,,,,,,,,,,,,,
medical_resource_allocation,fplg,22,2,1.0,5,train,0.4082482904638631,1.0,0.0009975062344139652,74.27920763212853,398.04401885550016,2.3820345644269296,0.005442010540048549,21.106326810981496,0.07214180520500962,0.3840531841671464,0.00038309544555196773,0.5277905809256842,0.9079010479375945,0.46349971777319954,2,18.005200000516197,0,0,0,cpu,0.0004995006850780849,0.2564507591120265,0.011318009094591335,513.4142289953749,1.193402988375623,0.07473553323073558,0.08077207751389048,,,,,,,,,,,,,,,
medical_resource_allocation,fplg,22,2,1.0,10,train,0.30151134457776363,1.0,0.0009950248756218907,74.24649834319382,398.0079566803441,2.3819517178593124,0.005438645545566936,21.14755430951139,0.07240776564661552,0.3201360399016804,0.00031854332328369383,0.5276234530413382,0.9080339181195366,0.4646929484555489,2,11.867500000334985,0,0,0,cpu,0.000498365329352148,0.2564392023313479,0.011304884233315453,514.5606791401543,1.1318457905758377,0.07470262299612132,0.08073363747988684,,,,,,,,,,,,,,,
medical_resource_allocation,fplg,22,2,1.0,15,train,0.25,1.0,0.0009925558312655087,74.21702868606326,397.9773992709389,2.381876468680163,0.005435912063022282,21.181895397698426,0.07262558502418197,0.28678049958700164,0.00028464565715658505,0.5274708536405464,0.9081259342097142,0.4656385592480238,2,17.789800000173273,0,0,0,cpu,0.0004974033150819012,0.25642940763105015,0.011293752141789393,515.5361853364952,1.1046016417397644,0.07467297229560918,0.08069900701037834,,,,,,,,,,,,,,,
medical_resource_allocation,fplg,22,2,1.0,20,train,0.2182178902359924,1.0,0.0009900990099009901,74.18947357616014,397.950027408042,2.381805628193166,0.005432576095914594,21.212459365418155,0.07282755949609633,0.26550247142931294,0.00026287373408656264,0.5273603916267177,0.9081539177271726,0.46658288108483875,2,11.121300000013434,0,0,0,cpu,0.0004965421331670932,0.2564206325915941,0.011283778086043948,516.4126374454211,1.088667153395024,0.07464524790412079,0.0806666283769044,,,,,,,,,,,,,,,
medical_resource_allocation,fplg,22,2,1.0,25,train,0.19611613513818404,1.0,0.0009876543209876543,74.16324215850977,397.9248153932503,2.38173782084377,0.0054297292945701845,21.24122060470514,0.07301675705684746,0.2504607123886612,0.00024736860482633575,0.5271830428079051,0.9082958357440112,0.46760773437049236,2,10.344500000428525,0,0,0,cpu,0.000495749733801306,0.2564125488862077,0.011274593245596572,517.2217580836393,1.0779989163737542,0.07461885533683321,0.08063580695065278,,,,,,,,,,,,,,,
medical_resource_allocation,fplg,22,2,1.0,30,train,0.1796053020267749,1.0,0.0009852216748768474,74.13800093945144,397.90119446519077,2.3816722366313146,0.005425342301103946,21.26901271293075,0.07317670527467729,0.23910959279858499,0.00023557595349408257,0.5271439199034789,0.9083543426978452,0.46859198590421314,2,18.35159999973257,0,0,0,cpu,0.0004950083387541367,0.256404974440779,0.011265993096315428,517.9811214617366,1.0702572490486957,0.07459345905130657,0.08060615064902832,,,,,,,,,,,,,,,
medical_resource_allocation,fplg,22,2,1.0,35,train,0.16666666666666666,1.0,0.0009828009828009828,74.1135411776196,397.8788132160522,2.381608390387623,0.005421300620452047,21.29519288737716,0.0733404163056194,0.23017246437349762,0.00022621372419785873,0.5271354402140173,0.9083766976041234,0.46951567919474757,2,13.153300000340096,0,0,0,cpu,0.0004943068626758336,0.25639779676772506,0.011257850172979304,518.7016732475971,1.0643297492196644,0.07456884902379722,0.0805774140465634,,,,,,,,,,,,,,,
medical_resource_allocation,fplg,22,2,1.0,40,train,0.15617376188860607,1.0,0.000980392156862745,74.08972124955847,397.8574323025745,2.381545962673877,0.005419003629383856,21.321261947428248,0.07347882146465942,0.22294682660919288,0.00021857532020288747,0.5272014654625382,0.9084037401051644,0.4704916750648467,2,18.092299999807437,0,0,0,cpu,0.0004936378305073286,0.25639093925599293,0.011250078533773203,519.3907828994612,1.0596140184116558,0.07454488276080229,0.08054943062304669,,,,,,,,,,,,,,,
medical_resource_allocation,fplg,22,2,1.0,45,train,0.14744195615489714,1.0,0.00097799511002445,74.06643885655365,397.83688304205054,2.3814847068295264,0.005416597585123463,21.345721302944344,0.0736082255793471,0.21692169155565205,0.00021214835359741453,0.5271941342467894,0.9084725796514889,0.47133880871512407,2,16.4863999998488,0,0,0,cpu,0.0004929958233211663,0.256384347906097,0.011242615918131625,520.0537931110894,1.0557529181183807,0.07452145733514724,0.08052208009120099,,,,,,,,,,,,,,,
medical_resource_allocation,fplg,22,2,1.0,50,train,0.14002800840280097,1.0,0.0009756097560975611,74.04361407043393,397.8170404398394,2.3814244548671333,0.005415294171072911,21.369302034712305,0.07376663246653554,0.21182897893608177,0.00020666241847192338,0.5271824212110119,0.9084841796999743,0.47210229955833327,2,17.654100000072503,0,0,0,cpu,0.0004923768306683853,0.256377982709404,0.011235416261964237,520.6946524298866,1.0525200638868066,0.0744984923276315,0.08049526846800588,,,,,,,,,,,,,,,
medical_resource_allocation,fplg,22,2,1.0,55,train,0.1336306209562122,1.0,0.00097323600973236,74.02118576043154,397.7978080066485,2.3813650209693007,0.005417125805250101,21.3918696303709,0.07399191651048401,0.20749552850127903,0.0002019421201935474,0.5270814720568472,0.9087168991010622,0.47283694720410024,2,12.216300000545743,0,0,0,cpu,0.00049177776551206,0.25637181276365045,0.011228444113998351,521.3163968417832,1.049764352967269,0.07447592623193762,0.0804689238700466,,,,,,,,,,,,,,,
medical_resource_allocation,fplg,22,2,1.0,60,train,0.12803687993289598,1.0,0.000970873786407767,73.999115411351,397.77911159057663,2.3813063064954187,0.0054137463642442585,21.413824583882306,0.07412351641007284,0.20363030786792982,0.0001976993280247352,0.5270797258665656,0.9086539097957015,0.47373635767299604,2,16.528099999959522,0,0,0,cpu,0.0004911962989073161,0.256365814335205,0.011221672743749607,521.9213070324431,1.047380712423186,0.0744537202962565,0.08044300099189883,,,,,,,,,,,,,,,
medical_resource_allocation,fplg,22,2,1.0,65,train,0.12309149097933272,1.0,0.0009685230024213075,73.97736679192838,397.7608903499052,2.3812482622669435,0.0054116115624634415,21.4356266489995,0.07425065471742014,0.20024072293690728,0.00019393774618345027,0.5270411333642844,0.9087401956280096,0.4745291645575442,2,18.436899999869638,0,0,0,cpu,0.0004906305506103081,0.25635996796078153,0.01121508057193702,522.5112207992117,1.0452935953905056,0.07443183806674174,0.08041745722030241,,,,,,,,,,,,,,,
medical_resource_allocation,fplg,22,3,2.0,0,train,1.0,2.0,0.001,73.95591287294758,397.7430964153037,2.3811908379508204,0.005409235256552298,21.45693337164694,0.07438252580728474,0.6201885254930398,0.0006201885254922443,0.5269610957535219,0.908841577161917,0.47536717168969445,2,13.610199999675388,0,0,0,cpu,0.0004900790249270942,0.2577082342763326,0.01123821160905187,525.8503652848032,1.6288727619591734,0.07441025234812637,0.08039226075796276,,,,,,,,,,,,,,,
medical_resource_allocation,fplg,22,3,2.0,5,train,0.4082482904638631,2.0,0.0009975062344139652,73.91505114230165,397.69102480716356,2.3810814240202633,0.005403739295165446,21.51620555394312,0.07472929174458516,0.38573282446693247,0.0003847708972225772,0.5267389497877522,0.9089038921694241,0.47660607358901713,2,12.105199999496108,0,0,0,cpu,0.0004885228882718196,0.2576915966804293,0.01121999300773847,527.4913476255524,1.1971917608992655,0.07436913958823159,0.08034427412580902,,,,,,,,,,,,,,,
medical_resource_allocation,fplg,22,3,2.0,10,train,0.30151134457776363,2.0,0.0009950248756218907,73.88251202881031,397.6541116292921,2.3809935323640388,0.0054012229200730375,21.559962064947605,0.0750172514758616,0.321765680665616,0.0003201648563821528,0.5267669248204604,0.9090999989916771,0.47792040018106585,2,11.010399999577203,0,0,0,cpu,0.0004874183143638892,0.25767979518770845,0.011207044722674442,528.6625216863187,1.1347958263737794,0.07433640057451359,0.08030606434200342,,,,,,,,,,,,,,,
medical_resource_allocation,fplg,22,3,2.0,15,train,0.25,2.0,0.0009925558312655087,73.85317474791088,397.622814814571,2.3809137678855854,0.005398376583548839,21.59614140647203,0.07526740880528145,0.288349340687144,0.00028620281953886526,0.5266657450218684,0.909085616609464,0.47901952880785553,2,16.495700000632496,0,0,0,cpu,0.000486482124566391,0.2576697855376461,0.011196059338218978,529.6593081756316,1.1071075234941388,0.07430688306347043,0.0802716166988258,,,,,,,,,,,,,,,
medical_resource_allocation,fplg,22,3,2.0,20,train,0.2182178902359924,2.0,0.0009900990099009901,73.82573212311956,397.5947710832238,2.380838760869404,0.00539400928204219,21.62876363511603,0.0754728888455496,0.26701097249995576,0.00026436729950305137,0.5266044378722117,0.9091800296657643,0.48001465707613833,2,11.549099999683676,0,0,0,cpu,0.00048564409953789054,0.25766081374095906,0.011186217138757329,530.5548116123174,1.0908859744637538,0.07427927184813292,0.08023939573701239,,,,,,,,,,,,,,,
medical_resource_allocation,fplg,22,3,2.0,25,train,0.19611613513818404,2.0,0.0009876543209876543,73.79959952945285,397.568932617193,2.3807669879186455,0.005391711738760049,21.659027739001434,0.07569638743106516,0.25193917907688634,0.0002488288188394065,0.526448917026303,0.9093211055812633,0.48098662510192725,2,10.657300000275427,0,0,0,cpu,0.00048487301368582415,0.2576525454841487,0.011177153761701726,531.3814920850511,1.0800122506263796,0.07425297871194256,0.08020871469683923,,,,,,,,,,,,,,,
medical_resource_allocation,fplg,22,3,2.0,30,train,0.1796053020267749,2.0,0.0009852216748768474,73.77443246434575,397.54471636957635,2.3806975394857575,0.005392951726362147,21.68955173823717,0.07596312487926372,0.2406666864034666,0.0002371100358634336,0.5264490049420315,0.909444198891925,0.48198871341322697,2,10.653600000296137,0,0,0,cpu,0.00048415131147601034,0.2576447947044978,0.01116866443453066,532.1575891615944,1.072113948426199,0.07422765703592325,0.080179168885372,,,,,,,,,,,,,,,
medical_resource_allocation,fplg,22,3,2.0,35,train,0.16666666666666666,2.0,0.0009828009828009828,73.75002217262625,397.52176119657634,2.3806298752959196,0.005392710395016449,21.717661839105478,0.0761833922523361,0.23176909508098972,0.00022778289442637205,0.5263637398634873,0.9095868678559147,0.4828971962539175,2,13.480400000844384,0,0,0,cpu,0.0004834681102834491,0.2576374461694603,0.011160622260331312,532.8943950789471,1.0660618380952163,0.07420309678244007,0.08015051306020898,,,,,,,,,,,,,,,
medical_resource_allocation,fplg,22,3,2.0,40,train,0.15617376188860607,2.0,0.000980392156862745,73.72623643898248,397.4998267285244,2.38056366850624,0.005390095511637559,21.743918092946437,0.07635986577521402,0.22450524363037894,0.000220103180027601,0.5263832621004833,0.909696802232999,0.48391233000236866,2,18.128499999875203,0,0,0,cpu,0.0004828163350870773,0.25763042320477836,0.01115294475637102,533.5992270400586,1.0612438482343438,0.0741791649239319,0.08012259188122195,,,,,,,,,,,,,,,
medical_resource_allocation,fplg,22,3,2.0,45,train,0.14744195615489714,2.0,0.00097799511002445,73.70298079087195,397.47874332541767,2.380498710483736,0.005388722617063412,21.76897056317094,0.0765495244829378,0.21847364721779028,0.00021366615864596897,0.5263316389445418,0.909759144746383,0.48477868976710503,2,10.56479999988369,0,0,0,cpu,0.00048219088204622855,0.2576236717128173,0.011145572461708345,534.2773604916869,1.0572968393317121,0.07415576640747525,0.08009529434528195,,,,,,,,,,,,,,,
medical_resource_allocation,fplg,22,3,2.0,50,train,0.14002800840280097,2.0,0.0009756097560975611,73.68018293086573,397.4583835696891,2.3804348114696694,0.005385575281198436,21.79344598715674,0.07668822491565748,0.2133322767821102,0.00020812905051684143,0.5263877477963712,0.9098527686412965,0.48567684153597757,2,10.151499999665248,0,0,0,cpu,0.0004815878921035691,0.25761715103981214,0.011138460429475427,534.9327822893223,1.0539904636463924,0.07413282849149043,0.08006853550137898,,,,,,,,,,,,,,,
medical_resource_allocation,fplg,22,3,2.0,55,train,0.1336306209562122,2.0,0.00097323600973236,73.65779151034656,397.43864952349776,2.380371862011552,0.005382640901085633,21.81769164981386,0.07682165574241524,0.20891174307626517,0.00020332043121545158,0.5265366548043834,0.909882834077549,0.4865964001185245,2,15.613200000188954,0,0,0,cpu,0.0004810044931124143,0.25761082996130746,0.011131575211343947,535.5684482163495,1.051170892583867,0.07411029951190598,0.08004225500384962,,,,,,,,,,,,,,,
medical_resource_allocation,fplg,22,3,2.0,60,train,0.12803687993289598,2.0,0.000970873786407767,73.63575312042269,397.41946198549545,2.38030973595017,0.005382237629543086,21.842034246167596,0.07696544524760882,0.20509687895607512,0.00019912318345013163,0.5265685943191717,0.9099306649421408,0.48744758245215747,2,9.934699999575969,0,0,0,cpu,0.0004804382453235901,0.2576046832023498,0.01112488840325494,536.1868787711625,1.04873109441364,0.07408812573171887,0.08001639010220965,,,,,,,,,,,,,,,
medical_resource_allocation,fplg,22,3,2.0,65,train,0.12309149097933272,2.0,0.0009685230024213075,73.61402481366235,397.4007575192274,2.3802483113115604,0.005381647112827046,21.865897736641312,0.07713229240609276,0.20173218091364387,0.0001953822575410828,0.5265869978872658,0.9100105941283356,0.4883668959136756,2,10.856100000637525,0,0,0,cpu,0.0004798871867666202,0.25759869050583944,0.011118377170325378,536.7900990261601,1.046594077396822,0.07406626393965483,0.07999089033605292,,,,,,,,,,,,,,,
medical_resource_allocation,pcgrad,22,0,0.0,0,train,1.0,0.0,0.001,75.06099744849826,398.77520819080803,2.3838949125959648,0.005577592056921959,20.30325474237973,0.06758868567313295,20.335974929867945,0.02033597492986792,0.532225262370867,0.9068706268940459,0.43865201447400765,2,10.291900000083842,0,0,0,cpu,,,,,,0.07552212588113265,0.08169165319733998,0.005577592056921959,0.06758868567313295,20.30325474237973,0.9068706268940459,0.532225262370867,0.43865201447400765,0.5346572714378997,0.005577592056921959,0.0,0.0,pcgrad,,,,
medical_resource_allocation,pcgrad,22,0,0.0,5,train,1.0,0.0,0.0009975062344139652,73.63790622281056,396.49410972197,2.3802772471274483,0.005368923335514392,22.758975904785732,0.081165618617374,22.80089499128162,0.02274403490402155,0.5146732839528803,0.9082792820307997,0.48088950976906614,2,10.411500000373053,0,0,0,cpu,,,,,,0.07409029206143869,0.08001891699180126,0.005368923335514392,0.081165618617374,22.758975904785732,0.9082792820307997,0.5146732839528803,0.48088950976906614,0.5171957875316293,0.005368923335514392,0.0,0.0,pcgrad,,,,
medical_resource_allocation,pcgrad,22,0,0.0,10,train,1.0,0.0,0.0009950248756218907,72.11523456106784,393.5533475918191,2.374610370027726,0.005490020709959097,26.357449423924525,0.1064612231267907,26.416907993845097,0.02628548059089063,0.5046657019031642,0.907904860057691,0.5308909487349586,2,15.288499999769556,0,0,0,cpu,,,,,,0.0725582660449623,0.07823485119171908,0.005490020709959097,0.1064612231267907,26.357449423924525,0.907904860057691,0.5046657019031642,0.5308909487349586,0.5073965279964704,0.005490020709959097,0.0,0.0,pcgrad,,,,
medical_resource_allocation,pcgrad,22,0,0.0,15,train,1.0,0.0,0.0009925558312655087,70.27473274301303,389.4298498764754,2.3644757556715756,0.005872266061956792,32.13416373710917,0.1514395135541493,32.22630843312569,0.031986410355459724,0.5039196606553163,0.9015156840623393,0.5872663224912124,2,16.704399999980524,0,0,0,cpu,,,,,,0.07070645731989227,0.076086246242466,0.005872266061956792,0.1514395135541493,32.13416373710917,0.9015156840623393,0.5039196606553163,0.5872663224912124,0.5068974711281424,0.005872266061956792,0.0,0.0,pcgrad,,,,
medical_resource_allocation,pcgrad,22,0,0.0,20,train,1.0,0.0,0.0009900990099009901,67.79687708542758,382.92703059665575,2.343842192835519,0.006282191619742326,41.76205233255184,0.23137706147090045,41.91453180514347,0.041499536440736104,0.5109160865957172,0.8905672556584298,0.6434334303664312,2,12.152300000707328,0,0,0,cpu,,,,,,0.06821337924674459,0.07320708167241224,0.006282191619742326,0.23137706147090045,41.76205233255184,0.8905672556584298,0.5109160865957172,0.6434334303664312,0.5141234422560534,0.006282191619742326,0.0,0.0,pcgrad,,,,
medical_resource_allocation,pcgrad,22,0,0.0,25,train,1.0,0.0,0.0009876543209876543,64.37732694464432,371.1816647318465,2.2960208633823798,0.006234065443042336,58.093905354669296,0.3775988145557217,58.35990032727682,0.05763940773064376,0.5069808083849201,0.8656973314627018,0.6943369423809196,2,13.805800000227464,0,0,0,cpu,,,,,,0.06477282150080904,0.06925891696684164,0.006234065443042336,0.3775988145557217,58.093905354669296,0.8656973314627018,0.5069808083849201,0.6943369423809196,0.5103781069442834,0.006234065443042336,0.0,0.0,pcgrad,,,,
medical_resource_allocation,pcgrad,22,0,0.0,30,train,1.0,0.0,0.0009852216748768474,60.237124968577405,347.3622299391842,2.1736731206444624,0.005137648845281692,84.08169498604752,0.6543275561931405,84.5640580786502,0.08331434293463075,0.4637977581372044,0.8086186904347973,0.7317212726051101,2,10.244699999930162,0,0,0,cpu,,,,,,0.06060718467957739,0.0645174028278091,0.005137648845281692,0.6543275561931405,84.08169498604752,0.8086186904347973,0.4637977581372044,0.7317212726051101,0.4674697699411501,0.005137648845281692,0.0,0.0,pcgrad,,,,
medical_resource_allocation,pcgrad,22,0,0.0,35,train,1.0,0.0,0.0009828009828009828,57.06879699151307,298.61687089046114,1.8463582140745392,0.0033053394474466917,116.11046345335723,1.186736065341073,117.0126812482176,0.11500017813092636,0.3271185641683451,0.625506175294095,0.7571658161187849,2,11.879399999997986,0,0,0,cpu,,,,,,0.05741939245125343,0.06091722234831139,0.0033053394474466917,1.186736065341073,116.11046345335723,0.625506175294095,0.3271185641683451,0.7571658161187849,0.33096843652594515,0.0033053394474466917,0.0,0.0,pcgrad,,,,
medical_resource_allocation,pcgrad,22,0,0.0,40,train,1.0,0.0,0.000980392156862745,56.68474940917952,226.50207405279608,1.116785612463152,0.0025124184739709135,112.74767486370169,2.067389087330645,114.2485247833115,0.11200835763069751,0.09329152088527565,0.1462139601751531,0.7215109435572368,2,13.965299999654235,0,0,0,cpu,,,,,,0.057032985517649334,0.060482482039902585,0.0025124184739709135,2.067389087330645,112.74767486370169,0.1462139601751531,0.09329152088527565,0.7215109435572368,0.09473378889273275,0.0025124184739709135,0.0,0.0,pcgrad,,,,
medical_resource_allocation,pcgrad,22,0,0.0,45,train,1.0,0.0,0.00097799511002445,56.204924074576866,186.0418043292985,0.41685108514104224,0.00241293244941102,64.22383777532444,2.799848251173796,65.18533458111563,0.06375093846563878,0.3249398988035407,-0.031720913916059794,0.31360807893022896,2,17.905900000187103,0,0,0,cpu,,,,,,0.05655021243239049,0.059939822105623174,0.00241293244941102,2.799848251173796,64.22383777532444,-0.031720913916059794,0.3249398988035407,0.31360807893022896,0.3201839488967812,0.00241293244941102,2.0,0.3333333333333333,pcgrad,,,,
medical_resource_allocation,pcgrad,22,0,0.0,50,train,1.0,0.0,0.0009756097560975611,54.02287592473397,169.74198723883615,0.26926736402351437,0.0020527349819841325,52.58836219388083,3.044820521752662,52.73468620102937,0.051448474342467666,0.42539608110922245,0.12236170047535383,-0.09036414474419688,2,11.831699999675038,0,0,0,cpu,,,,,,0.05435475912570884,0.05747901726386889,0.0020527349819841325,3.044820521752662,52.58836219388083,0.12236170047535383,0.42539608110922245,-0.09036414474419688,0.4445655590549641,0.0020527349819841325,2.0,0.3333333333333333,pcgrad,,,,
medical_resource_allocation,pcgrad,22,0,0.0,55,train,1.0,0.0,0.00097323600973236,52.23073834231343,158.13626739906576,0.22551139006795987,0.0018553121780008818,47.194975390998025,3.196465497129911,45.58042586986866,0.044360511795492615,0.292557931061516,0.33226258386695556,-0.333998910478923,2,13.06659999954718,0,0,0,cpu,,,,,,0.05255161175628123,0.05546646382891203,0.0018553121780008818,3.196465497129911,47.194975390998025,0.33226258386695556,0.292557931061516,-0.333998910478923,0.4480213420350337,0.0018553121780008818,2.0,0.3333333333333333,pcgrad,,,,
medical_resource_allocation,pcgrad,22,0,0.0,60,train,1.0,0.0,0.000970873786407767,50.93993799238717,149.8527285106664,0.18358676292915188,0.0018417014187683345,43.91607760642409,3.3308869780317565,39.21337442837489,0.038071237309101814,0.10713188803784346,0.4783685166104662,-0.5141411711479228,2,15.557700000499608,0,0,0,cpu,,,,,,0.051252881525825286,0.05402164657770227,0.0018417014187683345,3.3308869780317565,43.91607760642409,0.4783685166104662,0.10713188803784346,-0.5141411711479228,0.44078397166214395,0.0018417014187683345,2.0,0.3333333333333333,pcgrad,,,,
medical_resource_allocation,pcgrad,22,0,0.0,65,train,1.0,0.0,0.0009685230024213075,49.94602929992686,143.85195944136055,0.14632646872255395,0.0018676860814367245,41.699951563161804,3.435517144460292,34.83976770841802,0.03374311642461793,-0.037305341427833115,0.5568157250118383,-0.6278916099826148,2,12.661700000535347,0,0,0,cpu,,,,,,0.05025286687190543,0.052911838445241936,0.0018676860814367245,3.435517144460292,41.699951563161804,0.5568157250118383,-0.037305341427833115,-0.6278916099826148,0.4572694729156066,0.0018676860814367245,4.0,0.6666666666666666,pcgrad,,,,
medical_resource_allocation,mgda,22,0,0.0,0,train,1.0,0.0,0.001,75.06099744849826,398.77520819080803,2.3838949125959648,0.005577592056921959,20.30325474237973,0.06758868567313295,0.005577592056916387,5.577591967266376e-06,0.532225262370867,0.9068706268940459,0.43865201447400765,2,10.684500000024855,0,0,0,cpu,,,,,,0.07552212588113265,0.08169165319733998,0.005577592056921959,0.06758868567313295,20.30325474237973,0.9068706268940459,0.532225262370867,0.43865201447400765,0.9999999357110271,0.005577592056921959,,,mgda,0.9999999999989999,0.0,6.131383207599177e-19,0.005577592056916387
medical_resource_allocation,mgda,22,0,0.0,5,train,1.0,0.0,0.0009975062344139652,75.0602701883347,398.7749071384677,2.383893204970231,0.005577439064176498,20.303650125201344,0.06758833955334705,0.00557743906417092,5.563530149153191e-06,0.5322233891356734,0.9068716875490959,0.43868924151926936,2,11.305500000162283,0,0,0,cpu,,,,,,0.07552139415313158,0.0816907970346704,0.005577439064176498,0.06758833955334705,20.303650125201344,0.9068716875490959,0.5322233891356734,0.43868924151926936,0.9999999357074998,0.005577439064176498,,,mgda,0.9999999999989999,0.0,0.0,0.00557743906417092
medical_resource_allocation,mgda,22,0,0.0,10,train,1.0,0.0,0.0009950248756218907,75.05954478158117,398.7746068396074,2.3838915016109694,0.005577300610844408,20.30402390870384,0.06758783521539856,0.005577300610838833,5.549552757399218e-06,0.532231624481089,0.9068708547716615,0.4387467059043906,2,10.873199999878125,0,0,0,cpu,,,,,,0.07552066428992675,0.08168994305526679,0.005577300610844408,0.06758783521539856,20.30402390870384,0.9068708547716615,0.532231624481089,0.4387467059043906,0.9999999357043078,0.005577300610844408,,,mgda,0.9999999999989999,3.4694469519501444e-17,0.0,0.005577300610838833
medical_resource_allocation,mgda,22,0,0.0,15,train,1.0,0.0,0.0009925558312655087,75.05882121001548,398.77430728249504,2.3838898025038193,0.005577162769899802,20.304462220263616,0.06759038754409626,0.005577162769894227,5.5356453401944505e-06,0.5322371714112354,0.906882095140287,0.4387656218703541,2,11.023600000044098,0,0,0,cpu,,,,,,0.07551993627318404,0.08168909123766696,0.005577162769899802,0.06759038754409626,20.304462220263616,0.906882095140287,0.5322371714112354,0.4387656218703541,0.9999999357011295,0.005577162769899802,,,mgda,0.9999999999989999,3.4694469519501444e-17,0.0,0.005577162769894227
medical_resource_allocation,mgda,22,0,0.0,20,train,1.0,0.0,0.0009900990099009901,75.05809946680404,398.77400846818625,2.3838881077349448,0.005576933774060558,20.304796987798884,0.06758806846128727,0.005576933774054984,5.5217165192078275e-06,0.5322387416542336,0.9068509879691761,0.43880260943839206,2,13.579600000412029,0,0,0,cpu,,,,,,0.07551921009602784,0.08168824157381592,0.005576933774060558,0.06758806846128727,20.304796987798884,0.9068509879691761,0.5322387416542336,0.43880260943839206,0.9999999356958492,0.005576933774060558,,,mgda,0.9999999999989999,4.1633363423401733e-17,1.1450450538712654e-19,0.005576933774054984
medical_resource_allocation,mgda,22,0,0.0,25,train,1.0,0.0,0.0009876543209876543,75.05737953715595,398.77371039838374,2.383886417187501,0.005576798374189282,20.30511645409531,0.06758802661013276,0.005576798374183706,5.507948922983449e-06,0.5322308364525764,0.9068548524192094,0.4388131883347904,2,10.281100000611332,0,0,0,cpu,,,,,,0.07551848574357642,0.08168739404629116,0.005576798374189282,0.06758802661013276,20.30511645409531,0.9068548524192094,0.5322308364525764,0.4388131883347904,0.9999999356927267,0.005576798374189282,,,mgda,0.9999999999989999,1.0408340855850433e-17,0.0,0.005576798374183706
medical_resource_allocation,mgda,22,0,0.0,30,train,1.0,0.0,0.0009852216748768474,75.0566614482824,398.77341307647396,2.383884730813075,0.0055766051651151664,20.30545693536059,0.06759292929576298,0.005576605165109601,5.494192192561778e-06,0.5322227454382399,0.9068555752920315,0.438824018541589,2,10.254199999508273,0,0,0,cpu,,,,,,0.07551776324320811,0.08168654868711656,0.0055766051651151664,0.06759292929576298,20.30545693536059,0.9068555752920315,0.5322227454382399,0.438824018541589,0.9999999356882704,0.0055766051651151664,,,mgda,0.9999999999989999,6.24500451351026e-17,7.375558821109027e-19,0.005576605165109601
medical_resource_allocation,mgda,22,0,0.0,35,train,1.0,0.0,0.0009828009828009828,75.05594515867244,398.77311648959363,2.38388304856873,0.005576439389200105,20.30582912325169,0.0675955149346579,0.005576439389194547,5.480530024111332e-06,0.5322237944543502,0.9068669848859411,0.43885035004471773,2,16.230600000199047,0,0,0,cpu,,,,,,0.07551704255315696,0.08168570544741396,0.005576439389200105,0.0675955149346579,20.30582912325169,0.9068669848859411,0.5322237944543502,0.43885035004471773,0.9999999356844467,0.005576439389200105,,,mgda,0.9999999999989999,0.0,1.7892564667689677e-18,0.005576439389194547
medical_resource_allocation,mgda,22,0,0.0,40,train,1.0,0.0,0.000980392156862745,75.0552306730383,398.77282063463264,2.3838813704237456,0.00557628907628649,20.306136499305047,0.06759762610860241,0.005576289076280921,5.466949986879736e-06,0.5322204948271456,0.9068719677495092,0.43887877264243763,2,14.274000000114029,0,0,0,cpu,,,,,,0.07551632367816413,0.08168486433272079,0.00557628907628649,0.06759762610860241,20.306136499305047,0.9068719677495092,0.5322204948271456,0.43887877264243763,0.999999935680979,0.00557628907628649,,,mgda,0.9999999999989999,0.0,6.863242799748073e-19,0.005576289076280921
medical_resource_allocation,mgda,22,0,0.0,45,train,1.0,0.0,0.00097799511002445,75.05451792443398,398.772525490536,2.3838796962876363,0.005576503471232132,20.30663135720174,0.06760074168878663,0.005576503471226557,5.453793038205956e-06,0.5322278382572002,0.9068636615499229,0.43889791912265247,2,18.4146999999939,0,0,0,cpu,,,,,,0.07551560655087237,0.08168402526421646,0.005576503471232132,0.06760074168878663,20.30663135720174,0.9068636615499229,0.5322278382572002,0.43889791912265247,0.9999999356859248,0.005576503471232132,,,mgda,0.9999999999989999,2.0816681711700867e-17,0.0,0.005576503471226557
medical_resource_allocation,mgda,22,0,0.0,50,train,1.0,0.0,0.0009756097560975611,75.05380692552455,398.77223106200853,2.3838780261981194,0.005576365746102953,20.306991538350037,0.06760251309866955,0.0055763657460973755,5.440356737983369e-06,0.5322263289433263,0.9068678443916051,0.4389136097605818,2,16.416199999184755,0,0,0,cpu,,,,,,0.07551489118402455,0.08168318825680108,0.005576365746102953,0.06760251309866955,20.306991538350037,0.9068678443916051,0.5322263289433263,0.4389136097605818,0.9999999356827479,0.005576365746102953,,,mgda,0.9999999999989999,0.0,0.0,0.0055763657460973755
medical_resource_allocation,mgda,22,0,0.0,55,train,1.0,0.0,0.00097323600973236,75.0530976992734,398.77193735737296,2.383876360189146,0.005576070927972439,20.307320002778837,0.06760246977283674,0.005576070927966871,5.426832932652406e-06,0.532217680969487,0.9068756843796925,0.43895668695674983,2,12.673500000346394,0,0,0,cpu,,,,,,0.07551417760072511,0.08168235333749813,0.005576070927972439,0.06760246977283674,20.307320002778837,0.9068756843796925,0.532217680969487,0.43895668695674983,0.9999999356759466,0.005576070927972439,,,mgda,0.9999999999989999,9.020562075070376e-17,2.6274159819343717e-19,0.005576070927966871
medical_resource_allocation,mgda,22,0,0.0,60,train,1.0,0.0,0.000970873786407767,75.05239025521871,398.771644379816,2.383874698296219,0.005575922537533497,20.307655425721006,0.06760314217303669,0.005575922537527921,5.413516939667077e-06,0.5322164091345303,0.9068738383944369,0.4389860111905792,2,15.090899999449903,0,0,0,cpu,,,,,,0.07551346581057088,0.08168152051752656,0.005575922537533497,0.06760314217303669,20.307655425721006,0.9068738383944369,0.5322164091345303,0.4389860111905792,0.9999999356725229,0.005575922537533497,,,mgda,0.9999999999989999,1.0408340855850433e-17,0.0,0.005575922537527921
medical_resource_allocation,mgda,22,0,0.0,65,train,1.0,0.0,0.0009685230024213075,75.0516845722741,398.77135211712994,2.3838730404549633,0.005575786706193268,20.30798198340027,0.06760530113845822,0.005575786706187693,5.4002775946835205e-06,0.5322092548012649,0.906874846669876,0.43900206677286846,2,13.12439999946946,0,0,0,cpu,,,,,,0.07551275579234587,0.0816806897720533,0.005575786706193268,0.06760530113845822,20.30798198340027,0.906874846669876,0.5322092548012649,0.43900206677286846,0.9999999356693886,0.005575786706193268,,,mgda,0.9999999999989999,2.0816681711700867e-17,0.0,0.005575786706187693
medical_resource_allocation,wdro,22,0,0.0,0,train,1.0,0.0,0.001,75.06099744849826,479.98625832407305,2.3838949125959648,1e-06,23.333327416837395,1e-06,23.333327416837395,0.023333327416837375,0.0,0.0,0.0,2,8.262199999990116,0,0,0,cpu,,,,,,0.07552212588113265,0.08169165319733998,,,,,,,,,,,,,,,
medical_resource_allocation,wdro,22,0,0.0,5,train,1.0,0.0,0.0009975062344139652,73.3520407805396,476.90983670620807,2.3794079149983767,1e-06,26.855438683318425,1e-06,26.855438683318425,0.026788467514532083,0.0,0.0,0.0,2,5.071599999610044,0,0,0,cpu,,,,,,0.07380267043835718,0.07968352756241161,,,,,,,,,,,,,,,
medical_resource_allocation,wdro,22,0,0.0,10,train,1.0,0.0,0.0009950248756218907,71.43356858270693,472.6550814958259,2.371553320237255,1e-06,32.6252678859445,1e-06,32.6252678859445,0.03246295312034278,0.0,0.0,0.0,2,7.238400000460388,0,0,0,cpu,,,,,,0.07187241233162761,0.07743807347886766,,,,,,,,,,,,,,,
medical_resource_allocation,wdro,22,0,0.0,15,train,1.0,0.0,0.0009925558312655087,68.86043000174345,465.8739976077742,2.3548105879276084,1e-06,43.16315681434594,1e-06,43.16315681434594,0.042841842991906624,0.0,0.0,0.0,2,4.677100000662904,0,0,0,cpu,,,,,,0.0692834659756395,0.07444099620328232,,,,,,,,,,,,,,,
medical_resource_allocation,wdro,22,0,0.0,20,train,1.0,0.0,0.0009900990099009901,65.03004156496843,452.73369222962174,2.3114006500727546,1e-06,63.3897624264282,1e-06,63.3897624264282,0.06276214101626555,0.0,0.0,0.0,2,5.192900000110967,0,0,0,cpu,,,,,,0.06542954599683504,0.07001028731068086,,,,,,,,,,,,,,,
medical_resource_allocation,wdro,22,0,0.0,25,train,1.0,0.0,0.0009876543209876543,59.97677882270034,421.77088801848845,2.177956712948701,1e-06,100.44759708629978,1e-06,100.44759708629978,0.09920750329511091,0.0,0.0,0.0,2,8.328800000526826,0,0,0,cpu,,,,,,0.06034523912769359,0.06422064958376149,,,,,,,,,,,,,,,
medical_resource_allocation,wdro,22,0,0.0,30,train,1.0,0.0,0.0009852216748768474,56.69633003862066,346.9965922045859,1.7384142320597413,1e-06,146.23756641956138,1e-06,146.23756641956138,0.14407642011779445,0.0,0.0,0.0,2,4.46990000000369,0,0,0,cpu,,,,,,0.057044637291328956,0.06049558605559686,,,,,,,,,,,,,,,
medical_resource_allocation,wdro,22,0,0.0,35,train,1.0,0.0,0.0009828009828009828,57.23328004212965,249.13635909934249,0.7724439034308498,1e-06,111.9084828402493,1e-06,111.9084828402493,0.10998376691916392,0.0,0.0,0.0,2,6.3113000005614595,0,0,0,cpu,,,,,,0.05758488598419644,0.06110352553538396,,,,,,,,,,,,,,,
medical_resource_allocation,wdro,22,0,0.0,40,train,1.0,0.0,0.000980392156862745,55.22036635907273,210.61039894775467,0.3081819251390375,1e-06,72.54718740600218,1e-06,72.54718740600218,0.07112469353529625,0.0,0.0,0.0,2,6.2486999995599035,0,0,0,cpu,,,,,,0.05555960620205679,0.05882807064046797,,,,,,,,,,,,,,,
medical_resource_allocation,wdro,22,0,0.0,45,train,1.0,0.0,0.00097799511002445,52.49134016634696,187.91334001850464,0.3489258708346017,1e-06,62.25782850632013,1e-06,62.25782850632013,0.06088785183992189,0.0,0.0,0.0,2,7.232899999507936,0,0,0,cpu,,,,,,0.052813814557050254,0.055758641087392945,,,,,,,,,,,,,,,
medical_resource_allocation,wdro,22,0,0.0,50,train,1.0,0.0,0.0009756097560975611,50.9228904904686,172.09500791195194,0.4663896710459142,1e-06,49.98628358396346,1e-06,49.98628358396346,0.04876710593557411,0.0,0.0,0.0,2,4.682200000388548,0,0,0,cpu,,,,,,0.05123572929457847,0.05400259145138748,,,,,,,,,,,,,,,
medical_resource_allocation,wdro,22,0,0.0,55,train,1.0,0.0,0.00097323600973236,50.05070960231228,162.23113662139585,0.576051691749574,1e-06,39.24941425940996,1e-06,39.24941425940996,0.038198943318160525,0.0,0.0,0.0,2,8.169900000211783,0,0,0,cpu,,,,,,0.050358190265448806,0.053028615367646026,,,,,,,,,,,,,,,
medical_resource_allocation,wdro,22,0,0.0,60,train,1.0,0.0,0.000970873786407767,49.364452052357024,155.98771292779404,0.6534677536890416,1e-06,32.12816473641248,1e-06,32.12816473641248,0.031192392947973255,0.0,0.0,0.0,2,8.182000000488188,0,0,0,cpu,,,,,,0.049667716772738305,0.052263526820398254,,,,,,,,,,,,,,,
medical_resource_allocation,wdro,22,0,0.0,65,train,1.0,0.0,0.0009685230024213075,48.720013669134346,151.65004253969377,0.7028694912893059,1e-06,27.341553907311972,1e-06,27.341553907311972,0.026480923881173807,0.0,0.0,0.0,2,7.944099999804166,0,0,0,cpu,,,,,,0.049019319357905516,0.05154607276018275,,,,,,,,,,,,,,,
