task,method,seed,stage_idx,lambda,train_regret,train_fairness,train_pred_mse,val_regret,val_fairness,val_pred_mse,test_regret,test_fairness,test_pred_mse,stage_wallclock_sec,solver_calls_train,solver_calls_eval,decision_ms_train,decision_ms_eval,nan_or_inf_steps,exploding_steps,avg_grad_norm_combined,grad_norm_min,grad_norm_median,grad_norm_max,avg_cos_dec_pred,avg_cos_dec_fair,avg_cos_pred_fair,weight_norm,device,val_regret_normalized,test_regret_normalized,train_regret_normalized,val_regret_normalized_true,test_regret_normalized_true,train_regret_normalized_true,val_regret_normalized_pred_obj,test_regret_normalized_pred_obj,train_regret_normalized_pred_obj,train_decision_ms_eval,val_decision_ms_eval,test_decision_ms_eval,cumulative_wallclock_sec
medical_resource_allocation,fpto,11,0,0.0,61.579914307767694,1.9538794215012931,287.53228091079495,,,,62.10729608302745,1.706726556218518,286.99345602906965,2.1702869000000646,140,4.0,293.5367999889422,13.286800007335842,0,0,48.39591643312566,20.013496820611348,36.88494939877047,116.58876091014149,0.0,0.0,0.6427260577205172,6.900089806804138,cpu,,0.0601268702062824,0.059667152203154265,,,,,0.0639733899185723,0.06345322546473997,5.241900005785283,0.0,8.044900001550559,2.1702869000000646
medical_resource_allocation,fpto,11,1,0.5,61.59395569261392,1.94211039974367,286.46120717261783,,,,62.12949234097596,1.694698534706876,285.92194257780545,2.2081499000050826,140,4.0,291.42950002278667,7.841500002541579,0,0,48.646728412236804,20.029528721198083,37.0017356403727,117.40308508311485,0.0,0.0,0.643435661371872,6.9027938099126125,cpu,,0.06014835868839167,0.059680757442073164,,,,,0.06399771628259512,0.06346861229780335,3.1469000023207627,0.0,4.694600000220817,4.378436800005147
medical_resource_allocation,fpto,11,2,1.0,61.61040156937804,1.9300639429866198,285.37519974331775,,,,62.15409281274913,1.6823976780037768,284.8358598588894,2.192842999997083,140,4.0,297.9157000227133,6.7849999977624975,0,0,48.900822886158835,20.045604181864146,37.121667449377526,118.21313538091515,0.0,0.0,0.6441533622226798,6.905540605509198,cpu,,0.060172174720751884,0.05969669248587812,,,,,0.06402467888506398,0.06348663458783119,2.5712999995448627,0.0,4.213699998217635,6.57127980000223
medical_resource_allocation,fpto,11,3,5.0,61.828879571893026,1.8236633050311433,276.2550372512161,,,,62.44004730793563,1.5739708222304936,275.730911865384,2.180408599997463,140,4.0,286.0694999835687,7.565899999462999,0,0,51.03302617847254,20.175763476137583,38.1126465343701,124.7249969486494,0.0,0.0,0.6498033237601833,6.9288441172326936,cpu,,0.060449010936484034,0.059908384242445864,,,,,0.06433819094452312,0.06372611268761277,3.2095999995362945,0.0,4.356299999926705,8.751688399999694
medical_resource_allocation,fpto,22,0,0.0,58.882739662187646,2.0154708106946533,295.68427790815934,,,,59.220429551021084,1.7860283012363405,296.20649965899366,2.225977000001876,140,4.0,311.7871999711497,6.129200002760626,0,0,46.90110348270571,20.240701887503654,35.98343483875708,113.85844260149166,0.0,0.0,0.6033253975038507,6.952142934388434,cpu,,0.0573320576766762,0.057053755742548715,,,,,0.06081893220572891,0.06050584122902705,2.576999999291729,0.0,3.552200003468897,2.225977000001876
medical_resource_allocation,fpto,22,1,0.5,58.8458301882531,2.004741656039288,294.6828328679017,,,,59.19009999335185,1.775276677133312,295.2067049324495,2.191104199999245,140,4.0,287.31470002094284,9.394299995619804,0,0,47.13744408050132,20.255170696961347,36.085950087613554,114.72648723024479,0.0,0.0,0.6042254085620334,6.954592091443236,cpu,,0.05730269524275291,0.05701799273079809,,,,,0.06078589060728127,0.060465621073637975,3.212099996744655,0.0,6.182199998875149,4.417081200001121
medical_resource_allocation,fpto,22,2,1.0,58.81072784307389,1.9936196869690455,293.6549453208839,,,,59.16167194632101,1.76413239824075,294.1809895267162,2.2273435999959474,140,4.0,300.64149999816436,6.703199993353337,0,0,47.37957849687537,20.269682519012353,36.189200583168585,115.62160183462828,0.0,0.0,0.6051177557245634,6.957088667339482,cpu,,0.057275173685676,0.05698398071574351,,,,,0.060754922419513406,0.06042737297187593,3.1528999970760196,0.0,3.5502999962773174,6.6444247999970685
medical_resource_allocation,fpto,22,3,5.0,58.63345478422957,1.8958043653290548,284.9503665367328,,,,59.03698481942115,1.6661369774829944,285.49255903538466,2.216598500002874,140,4.0,302.115100028459,10.587299992039334,0,0,49.41606527329855,20.38731446962094,37.04940044813668,123.001902126616,0.0,0.0,0.6121891444790953,6.978412687138105,cpu,,0.05715446247832478,0.05681221401709696,,,,,0.06061911543704034,0.06023425542761087,2.5618999934522435,0.0,8.02539999858709,8.861023299999943
medical_resource_allocation,fpto,33,0,0.0,61.687080998321335,1.4924082006039394,248.8598105481965,,,,62.361520381382434,1.2756037397618725,249.76366454914233,2.2187762999965344,140,4.0,295.9481999714626,13.87859999522334,0,0,56.14007797925653,22.03033246087981,42.88814641790771,120.99518107140136,0.0,0.0,0.7054168003355132,6.989155539504016,cpu,,0.06037298801134735,0.059770990139732326,,,,,0.06425207794268524,0.06357067215849381,5.757399994763546,0.0,8.121200000459794,2.2187762999965344
medical_resource_allocation,fpto,33,1,0.5,61.77355101216699,1.4708026772509066,247.507926404707,,,,62.451498034283304,1.2542473452825982,248.4232468259107,2.2515410000050906,140,4.0,311.1889000138035,9.41009999223752,0,0,56.466182788186345,22.056337296160713,43.08440557394245,121.57988522984849,0.0,0.0,0.7060038656910784,6.993074894719216,cpu,,0.06046009653157988,0.05985477426861811,,,,,0.06435074902980113,0.0636654557513222,3.149499993014615,0.0,6.260599999222904,4.470317300001625
medical_resource_allocation,fpto,33,2,1.0,61.862802845682154,1.4487553609295813,246.1567608414936,,,,62.54428424558148,1.2324578561070045,247.08368365265966,2.2018734000012046,140,4.0,290.4161000624299,8.123700004944112,0,0,56.7944604768581,22.082413912557016,43.28328146104462,122.15714990094692,0.0,0.0,0.7065734604887294,6.997031668020551,cpu,,0.06054992405323209,0.059941253809790325,,,,,0.06445251919556291,0.06376330633879547,3.159400002914481,0.0,4.964300002029631,6.6721907000028295
medical_resource_allocation,fpto,33,3,5.0,62.674356284630335,1.2587486764844953,235.60153940543128,,,,63.38392793267849,1.0445504064901312,236.62821013818964,2.197758399997838,140,4.0,289.4753000146011,7.424499999615364,0,0,59.470486966485886,22.29358059205655,44.938917119314254,126.94368031293618,0.0,0.0,0.7108285195999341,7.029747646883577,cpu,,0.0613627938797677,0.060727599213272095,,,,,0.06537434642443482,0.06465387374568558,3.1480999969062395,0.0,4.276400002709124,8.869949100000667
medical_resource_allocation,fpto,44,0,0.0,61.5371438883451,1.5589431686261603,266.9544317391237,,,,62.185356509549365,1.3372114803837958,267.9347829730204,2.204671799998323,140,4.0,294.40440000325907,7.633199995325413,0,0,52.610812421247516,20.595870075598146,39.77280671176278,119.48897915803288,0.0,0.0,0.7500303230346086,6.948102715537436,cpu,,0.06020244150675338,0.059625710295445104,,,,,0.06405894648553291,0.06340635951901472,3.1579999995301478,0.0,4.475199995795265,2.204671799998323
medical_resource_allocation,fpto,44,1,0.5,61.621221886470494,1.5373850579790174,265.43813057514143,,,,62.275732963414384,1.3156519319171018,266.4280452015649,2.1780161000060616,140,4.0,289.571800007252,7.357399997999892,0,0,52.97172450807023,20.622522567017356,39.97372047942321,120.10037420198468,0.0,0.0,0.750468883855947,6.952280108985029,cpu,,0.060289936111316125,0.059707176708113555,,,,,0.06415801897643393,0.06349849241546238,2.549899996665772,0.0,4.80750000133412,4.382687900004385
medical_resource_allocation,fpto,44,2,1.0,61.70911468790382,1.5153828982863629,263.9170025562491,,,,62.369926663294336,1.2936647826995946,264.9169970316517,2.2246274999997695,140,4.0,307.16269998811185,6.126500004029367,0,0,53.334976190512386,20.64924085281353,40.17996537073059,120.68801416033628,0.0,0.0,0.7509022607372605,6.956509304989139,cpu,,0.06038112624072314,0.05979233943072589,,,,,0.06426129564548565,0.06359482265282013,2.586300004622899,0.0,3.540199999406468,6.607315400004154
medical_resource_allocation,fpto,44,3,5.0,62.535490243140316,1.3230963365760973,251.7290529836837,,,,63.245156612014966,1.1017411971415378,252.820123107486,2.210258999999496,140,4.0,298.5948000350618,8.19430000410648,0,0,56.32011339233543,20.865325275910035,41.89936147792463,125.84942123523676,0.0,0.0,0.7541046945262626,6.991873264574633,cpu,,0.06122844758372648,0.06059304655390944,,,,,0.06522188217797245,0.06450138178308329,2.5448000014876015,0.0,5.649500002618879,8.81757440000365
medical_resource_allocation,fpto,55,0,0.0,64.45538154665792,1.028382554990952,219.32065242016245,,,,65.26985343265801,0.7904349976680033,221.0018829066309,2.19321339999442,140,4.0,285.1483000340522,13.697000009415206,0,0,62.45607372992629,22.794526671111345,51.44478905084496,119.5413781014104,0.0,0.0,0.7232733574739901,7.111071187456477,cpu,,0.06318858255368447,0.06245330322864221,,,,,0.06745069645493035,0.06661353876421675,5.628600003547035,0.0,8.06840000586817,2.19321339999442
medical_resource_allocation,fpto,55,1,0.5,64.56554181577815,1.0025591306920743,218.4142946720896,,,,65.38348614508163,0.7648829985732858,220.11249652458545,2.1973619000054896,140,4.0,298.7968000015826,6.4465999967069365,0,0,62.74993284448458,22.82240798914162,51.731224678222034,120.17277069003374,0.0,0.0,0.7236346387585876,7.114885835979993,cpu,,0.06329859184054747,0.06256004175886307,,,,,0.0675760613672231,0.06673498522107033,2.7780999953392893,0.0,3.668500001367647,4.3905752999999095
medical_resource_allocation,fpto,55,2,1.0,64.6773975525332,0.9764594182173402,217.53060873266702,,,,65.49869398494616,0.7390605830572811,219.24532201711045,2.185712799997418,140,4.0,290.82289998041233,10.783199992147274,0,0,63.043527758418385,22.850364039798038,52.02621684598594,120.77664863660412,0.0,0.0,0.7239621924074171,7.1186984170210685,cpu,,0.06341012602849569,0.06266842309301697,,,,,0.06770319409883449,0.06685832915158041,3.157499995722901,0.0,7.625699996424373,6.576288099997328
medical_resource_allocation,fpto,55,3,5.0,65.59530363121075,0.759869521672004,211.3196220476939,,,,66.44212657995695,0.5249792497169373,213.16631247601322,2.260828099999344,140,4.0,313.4667999620433,6.223599993973039,0,0,65.3708442567465,23.076670074811318,54.46933716475819,125.72931978663503,0.0,0.0,0.725477677924967,7.149015646796058,cpu,,0.0643234752284473,0.06355781766786045,,,,,0.06874541951787451,0.06787158766126322,2.5420999954803847,0.0,3.6814999984926544,8.837116199996672
medical_resource_allocation,fdfl-scal,11,0,0.0,77.87516757102048,2.544035349073642,396.1136743917625,,,,77.8849907152237,2.3359546053253917,397.13358795891264,2.672654900001362,140,4.0,653.3894999956829,11.424399999668822,0,0,0.6209480394750553,0.6181183813776832,0.6209628047058376,0.6237729095693243,0.6000229659929931,0.8981549116829163,0.48253756460950925,6.582909502770229,cpu,,0.07540145881558544,0.0754562510932254,,,,,0.0815504842988351,0.08161458144349419,3.22059999598423,0.0,8.203800003684592,2.672654900001362
medical_resource_allocation,fdfl-scal,11,1,0.5,77.84700649991214,2.5439531182921526,396.10188666205755,,,,77.85603245075015,2.3358652534648674,397.12143050123046,2.724928399999044,140,4.0,678.5404000183917,6.089600006816909,0,0,0.6409243999052143,0.6374264186841326,0.6409395925983292,0.6444380111369307,0.60001464525475,0.8982069120881638,0.4830676467282335,6.582926319880128,cpu,,0.07537342394819929,0.07542896474612808,,,,,0.08151769146637271,0.08158266035818061,2.5458000018261373,0.0,3.5438000049907714,5.397583300000406
medical_resource_allocation,fdfl-scal,11,2,1.0,77.81879794326073,2.543870493691979,396.09003744222053,,,,77.82704312918281,2.3357755186366824,397.10921103470616,2.7574012000040966,140,4.0,710.7149999937974,6.155900002340786,0,0,0.6621506987408827,0.6578867403041829,0.6621481891023846,0.6664908112419011,0.6000032111018062,0.8982840186342819,0.48357693893576165,6.582943780941758,cpu,,0.07534535901404216,0.07540163238845803,,,,,0.08148486545603828,0.08155068733599262,2.569299998867791,0.0,3.586600003472995,8.154984500004502
medical_resource_allocation,fdfl-scal,11,3,5.0,77.59153297253738,2.543195491783846,395.9929008862927,,,,77.59373405566771,2.335042295520447,397.0090421811997,2.554169199996977,140,4.0,605.7516999862855,13.831199998094235,0,0,0.8660850333157326,0.8521796767321668,0.8655639262409413,0.8812057599464642,0.600056564213095,0.8989623540578631,0.4878145513430807,6.583107133916856,cpu,,0.07511948950649772,0.07518142659975192,,,,,0.08122075084749605,0.08129316253168987,5.634099994495045,0.0,8.19710000359919,10.70915370000148
medical_resource_allocation,fdfl-scal,22,0,0.0,77.85041246101582,2.546329750024012,396.4715720148001,,,,77.89375204828548,2.3387692127051687,397.51807476477745,2.6695736999972723,140,4.0,666.9848000237835,7.57539999904111,0,0,0.6251256170732191,0.6224706724068504,0.6251049770344359,0.6278403956967068,0.5276381004482124,0.8966693701434797,0.44404304888496327,6.654584240005191,cpu,,0.07540994077453493,0.07543226491310388,,,,,0.08156040617363582,0.08158652097676146,3.1531999993603677,0.0,4.422199999680743,2.6695736999972723
medical_resource_allocation,fdfl-scal,22,1,0.5,77.824626779563,2.5462513052015554,396.4608943611427,,,,77.86747100216644,2.3386882515168543,397.5072247494686,2.700185599998804,140,4.0,677.9253999920911,13.875499993446283,0,0,0.6433704531280762,0.6401793420435764,0.6433254087380698,0.6466441354238566,0.5276265757051719,0.8966911686923845,0.44456401198551987,6.654583054800278,cpu,,0.07538449775658786,0.075407280172589,,,,,0.08153064443942483,0.08155729388250527,5.623499993816949,0.0,8.251999999629334,5.369759299996076
medical_resource_allocation,fdfl-scal,22,2,1.0,77.79881983100461,2.546172600050938,396.45016426548597,,,,77.84116535685007,2.3386069912388163,397.49632142145776,2.671053899997787,140,4.0,662.062400013383,7.532800002081785,0,0,0.66287218082407,0.6590537430418489,0.6628243656292733,0.6668225462071936,0.5276288882490491,0.8967399989281701,0.4450943177514824,6.654582458866526,cpu,,0.07535903092384222,0.07538227482555593,,,,,0.08150085648826068,0.08152804426427565,3.176900005200878,0.0,4.355899996880908,8.040813199993863
medical_resource_allocation,fdfl-scal,22,3,5.0,77.59157122521594,2.5455331313527507,396.3624580883449,,,,77.62985850231894,2.337946295683142,397.40718433132184,2.6311648999981117,140,4.0,614.5353999891086,11.44429999840213,0,0,0.8534859744141293,0.8416507587339421,0.8535125566308024,0.8659337109759261,0.5274981485126707,0.8969337128007732,0.4493296560970423,6.654599042060634,cpu,,0.07515446204679585,0.07518146366424641,,,,,0.08126163663299045,0.08129320586730966,3.2063999969977885,0.0,8.237900001404341,10.671978099991975
medical_resource_allocation,fdfl-scal,33,0,0.0,77.26064325397863,2.5454204804902854,394.43354472694386,,,,77.206635396906,2.3378761255446237,395.44159197850405,2.724048899995978,140,4.0,684.3303000205196,11.004799998772796,0,0,0.6680839797723263,0.6662005570913663,0.6680458050958763,0.6700801546169276,0.609038506777796,0.9352818588606403,0.552263396205884,6.570300552567123,cpu,,0.07474473432827716,0.07486081479927052,,,,,0.08078282513097992,0.08091843475749848,3.16989999555517,0.0,7.834900003217626,2.724048899995978
medical_resource_allocation,fdfl-scal,33,1,0.5,77.21116729894811,2.545257079805884,394.4127202619525,,,,77.1582360449271,2.3377151620424814,395.42083806544275,2.6334142000050633,140,4.0,634.84020002943,10.813499997311737,0,0,0.7002337346088503,0.6975095307787668,0.7002071099523575,0.7030772025301221,0.6089079104096005,0.935354469027253,0.552819070857697,6.570306875987055,cpu,,0.074697878294638,0.07481287563968599,,,,,0.08072809576721533,0.08086242628096726,2.586800001154188,0.0,8.22669999615755,5.357463100001041
medical_resource_allocation,fdfl-scal,33,2,1.0,77.16167687999291,2.5450930689562563,394.39178355889476,,,,77.10983799960877,2.3375535491733834,395.39997447048756,2.5789288000014494,140,4.0,598.6476000325638,6.1124999992898665,0,0,0.7342779751521998,0.7305741626635845,0.7342308392371829,0.738227053506552,0.6087847231436059,0.9353988358938685,0.5533915140231924,6.570314477886699,cpu,,0.07465102352599372,0.0747649224654474,,,,,0.0806733734233408,0.08080640723725191,2.562699999543838,0.0,3.5497999997460283,7.936391900002491
medical_resource_allocation,fdfl-scal,33,3,5.0,76.76508770204146,2.54375356952378,394.2199962963917,,,,76.72213642383588,2.3362339848098754,395.22876180875085,2.632475799997337,140,4.0,635.4927000138559,8.936099999118596,0,0,1.0528415299304745,1.0364884183256278,1.0523750308646034,1.070643852218763,0.6079211252827701,0.9356493154557893,0.5580007455676386,6.570422205418462,cpu,,0.07427568465607891,0.07438065192676677,,,,,0.08023520979729729,0.08035771084690195,5.380499998864252,0.0,3.555600000254344,10.568867699999828
medical_resource_allocation,fdfl-scal,44,0,0.0,79.61122938363383,2.549289408990623,396.215635582663,,,,79.7738873614827,2.342160810087674,397.28080727198244,2.6434670999951777,140,4.0,663.7865000084275,8.245800003351178,0,0,0.6686475618342447,0.6664791384781943,0.6685465360074869,0.671087203726263,0.6730522845217933,0.9445245209013117,0.5937580995595446,6.592024592786146,cpu,,0.07723012389433671,0.0771383882896102,,,,,0.08369380697630548,0.08358608410056781,2.5297000029240735,0.0,5.7161000004271045,2.6434670999951777
medical_resource_allocation,fdfl-scal,44,1,0.5,79.55938393747488,2.5491375282567375,396.1953987572854,,,,79.72085524072895,2.342008800807694,397.2604839085423,2.6481554999991204,140,4.0,636.71380001324,7.4004000052809715,0,0,0.7011561934884832,0.6978489442860101,0.701066001961703,0.7047676092953175,0.6730959860371786,0.9446057730159,0.594488356184841,6.5920018196062955,cpu,,0.07717878281780582,0.07708815323875341,,,,,0.08363351576751651,0.08352710338400911,2.5932000062312,0.0,4.807199999049772,5.291622599994298
medical_resource_allocation,fdfl-scal,44,2,1.0,79.50749653609932,2.5489848202278895,396.17503221949084,,,,79.66777826885505,2.341855894407441,397.2400293374977,2.6877028000017162,140,4.0,681.8905999898561,11.895800002093893,0,0,0.7353136004166182,0.7307049816429438,0.7352176319700312,0.7402791439966702,0.6731363467045328,0.944684642028684,0.5951888954385566,6.59198012026404,cpu,,0.07712739832033005,0.07703787753587037,,,,,0.0835731802850737,0.08346808136632324,3.671400001621805,0.0,8.224400000472087,7.979325399996014
medical_resource_allocation,fdfl-scal,44,3,5.0,79.09019389580612,2.5477308320509024,396.00710940601385,,,,79.241337756338,2.340598946596687,397.0714390924383,2.642516499996418,140,4.0,644.7993000256247,12.494199996581301,0,0,1.0495284330503611,1.0287796890358347,1.0489105955427684,1.0719155797646545,0.6734380715948258,0.9452889253540828,0.6008184485151966,6.591846341627127,cpu,,0.0767145557887129,0.07663353692525,,,,,0.08308866588300437,0.08299363252815715,4.488299993681721,0.0,8.00590000289958,10.621841899992432
medical_resource_allocation,fdfl-scal,55,0,0.0,75.66870662130952,2.539488959641733,392.67416740915087,,,,75.65788416112332,2.330993172122634,393.6808437279959,2.6941307000015513,140,4.0,673.8044000012451,6.071900010283571,0,0,0.6520256913491433,0.647847808069253,0.6520821244802848,0.6563430568683026,0.6067205685312332,0.9308537233071409,0.5643859281539283,6.582543649261333,cpu,,0.07324536838564723,0.07331832604417879,,,,,0.07903426202257878,0.07911921440206897,2.5483000063104555,0.0,3.5236000039731152,2.6941307000015513
medical_resource_allocation,fdfl-scal,55,1,0.5,75.62476937385509,2.5393033094401907,392.6505181831641,,,,75.614441903346,2.3308022327934212,393.6569855749676,2.614146300002176,140,4.0,628.6960999641451,7.499100000131875,0,0,0.6864778632187026,0.6808498873918856,0.6865175284929834,0.6925429627912576,0.6069035431365973,0.9309542673359305,0.5652372247289514,6.582601825753717,cpu,,0.07320331137850668,0.07327575355182116,,,,,0.07898529664298697,0.07906964108542792,3.159200001391582,0.0,4.339899998740293,5.308277000003727
medical_resource_allocation,fdfl-scal,55,2,1.0,75.58061999849542,2.5391158142318515,392.62664122638364,,,,75.57082221735322,2.3306096383663633,393.6329029514163,2.7287524999992456,140,4.0,673.8613999914378,7.523699998273514,0,0,0.7231846327179888,0.715804737015604,0.7232099207983775,0.7311593260655669,0.6070703199745484,0.9310715927674849,0.5660803520404433,6.582661628632579,cpu,,0.07316108260083423,0.07323297552056093,,,,,0.07893613574852255,0.07901983301757588,3.16469999961555,0.0,4.358999998657964,8.037029500002973
medical_resource_allocation,fdfl-scal,55,3,5.0,75.22078587273813,2.5375512402940164,392.4273523116505,,,,75.21565588814428,2.3290064377477404,393.43201609095786,2.688954700002796,140,4.0,684.2558000353165,9.50330000341637,0,0,1.0717887065812381,1.0401238403336555,1.0713311509351324,1.1063452394927094,0.6085533630067398,0.9318405882137629,0.5728166666714029,6.583200473989761,cpu,,0.0728172415205618,0.0728843183684554,,,,,0.07853601768866009,0.07861404980249398,3.1966000024112873,0.0,6.306700001005083,10.725984200005769
medical_resource_allocation,fplg,11,0,0.0,78.07796097041478,2.544398375270542,396.3697648496065,,,,78.09818525728122,2.336396502956361,397.39367511666285,2.5943325999978697,140,4.0,620.2742999666953,6.145899998955429,0,0,0.2715480989103908,0.2100296896966354,0.24291252869167412,0.6181183813776832,0.600160309858999,0.8974940407251485,0.48004335749218024,6.582919286807519,cpu,,0.07560785518714609,0.07565274543336008,,,,,0.08179197066030147,0.08184450709363356,2.5760999997146428,0.0,3.569799999240786,2.5943325999978697
medical_resource_allocation,fplg,11,1,0.5,77.84492033840729,2.5439297221037434,396.1936474052019,,,,77.85650213742679,2.335853139599078,397.2139124788418,2.6972403999970993,140,4.0,663.2022000121651,7.545699998445343,0,0,0.2717839760794969,0.21002503991998733,0.24309081849641928,0.6191901595240422,0.6000172881663925,0.8990837030859796,0.48697684431574556,6.582905430654001,cpu,,0.07537387865789726,0.07542694338384738,,,,,0.08151822333170886,0.0815802957312023,3.1526000020676292,0.0,4.393099996377714,5.291572999994969
medical_resource_allocation,fplg,11,2,1.0,77.61394590446616,2.5434485984072945,396.0153763142573,,,,77.61753626588086,2.3352948778188813,397.0319089291844,2.70379359999788,140,4.0,662.1873000112828,13.824899993778672,0,0,0.2722010268667671,0.21032607826248476,0.24347371327116782,0.6202256900006968,0.5999877637193223,0.9008062105624295,0.49390680235715617,6.5829266528085855,cpu,,0.07514253273159957,0.07520314335327045,,,,,0.08124768993165588,0.0813185542454735,5.7440999953541905,0.0,8.080799998424482,7.995366599992849
medical_resource_allocation,fplg,11,3,5.0,77.38437759764406,2.5429510920494156,395.8363468620932,,,,77.38068143266378,2.3347184562779355,396.849069496389,2.636171199999808,140,4.0,635.6646000203909,13.680000003660098,0,0,0.27159923906856787,0.2112223207626849,0.24372247053049534,0.6101020842499502,0.5999668487144496,0.9028200372879585,0.5010695716619148,6.58298390528952,cpu,,0.07491323052859372,0.07498070577344994,,,,,0.080979679961696,0.08105853168840618,5.664900003466755,0.0,8.015100000193343,10.631537799992657
medical_resource_allocation,fplg,22,0,0.0,78.01333013168949,2.546664568453731,396.74002279907995,,,,78.07068949996346,2.3391687198392583,397.7894398386788,2.6509407999983523,140,4.0,648.0222000245703,6.146600004285574,0,0,0.26275150768036637,0.19951176204559506,0.23307952664478848,0.6224706724068504,0.5287205704458975,0.8966041358047634,0.44230387432967516,6.654628021352424,cpu,,0.07558123619170218,0.0755901221229091,,,,,0.08176082004256667,0.08177121851672763,2.5520000053802505,0.0,3.5945999989053234,2.6509407999983523
medical_resource_allocation,fplg,22,1,0.5,77.81589482022684,2.546236353256658,396.5686072373824,,,,77.864687483014,2.338691924931408,397.6158496702747,2.6816564000037033,140,4.0,653.0195999657735,7.528099995397497,0,0,0.2631142728118671,0.19975892082243027,0.23342779232810099,0.6231284495126882,0.5274580595613141,0.8969662316876652,0.44813859489591523,6.654582733240823,cpu,,0.07538180299598239,0.07539881944066694,,,,,0.08152749236413184,0.08154739689501021,3.1556999965687282,0.0,4.372399998828769,5.332597200002056
medical_resource_allocation,fplg,22,2,1.0,77.61977160373863,2.545798286192461,396.39530960385736,,,,77.6604143169667,2.338203474372106,397.44036457717056,2.6923849000013433,140,4.0,669.1979000243009,11.3472000011825,0,0,0.26349430204307894,0.20007468022193067,0.23379422923171395,0.6238535163100543,0.5264888971987266,0.8971440396535272,0.4535788823627913,6.654569266171862,cpu,,0.07518404352300304,0.07520878809781237,,,,,0.08129622223367543,0.08132515440227493,3.2113999986904673,0.0,8.135800002492033,8.024982100003399
medical_resource_allocation,fplg,22,3,5.0,77.42405165138075,2.5453465363056647,396.22174814783625,,,,77.4569391453681,2.337699576189891,397.26461511746857,2.641416800004663,140,4.0,637.4668999924324,6.145599989395123,0,0,0.2626975268803296,0.20105216344426802,0.2338648282873704,0.6124999865799887,0.5255689641858396,0.8976166670934265,0.4591855702568038,6.654587786881857,cpu,,0.07498705659868815,0.07501914749311508,,,,,0.08106595386974538,0.0811034599146545,2.5485999940428883,0.0,3.5969999953522347,10.666398900008062
medical_resource_allocation,fplg,33,0,0.0,77.49549625719465,2.5460226188055173,394.72596531554615,,,,77.44256712436822,2.3385143394540098,395.7354624232354,2.7494160999995074,140,4.0,705.4911999875912,7.549200003268197,0,0,0.31110410916674847,0.24806830797909846,0.2818545852844375,0.6662005570913663,0.6090188320999599,0.9351783665960284,0.5497092720906019,6.570197700503314,cpu,,0.0749731428607578,0.0750883729250942,,,,,0.08104969307877324,0.08118437559550003,3.180700005032122,0.0,4.368499998236075,2.7494160999995074
medical_resource_allocation,fplg,33,1,0.5,77.1793502667615,2.5451813581799847,394.50826517081106,,,,77.13045495730034,2.3376528448484404,395.51710244471974,2.6819125000038184,140,4.0,667.8295999736292,13.636999996379018,0,0,0.3106352723568948,0.2474315559668802,0.2813091005482651,0.6665458930063655,0.6079616367596029,0.9356976769423572,0.5565972528415972,6.57025970234129,cpu,,0.07467098306726101,0.07478204689100272,,,,,0.08069668377500881,0.08082641137659903,5.629599996609613,0.0,8.007399999769405,5.431328600003326
medical_resource_allocation,fplg,33,2,1.0,76.86811695667177,2.544323854211251,394.2883552863968,,,,76.82353612781742,2.3367732918004167,395.29648136324954,2.6275070999981835,140,4.0,647.0614000063506,6.1373999997158535,0,0,0.310356560525381,0.2470977658225512,0.2808850813875905,0.6671014168447837,0.6072997585794676,0.9360623718708975,0.563106945715268,6.570368360616978,cpu,,0.07437385101051339,0.07448048094222594,,,,,0.08034977306087118,0.08047424112465056,2.548100004787557,0.0,3.5892999949282967,8.05883570000151
medical_resource_allocation,fplg,33,3,5.0,76.55982864005682,2.543441674848001,394.0672327581788,,,,76.51988104492739,2.335868885658817,395.0746267014574,2.6658473999996204,140,4.0,676.1504000096465,6.307799994829111,0,0,0.31003050962185785,0.24806482457198692,0.28139713345519235,0.6578913692593236,0.6067656106752874,0.9363475107346206,0.5700014829760268,6.5705231431047695,cpu,,0.07407987862871787,0.07418176851112405,,,,,0.08000677047498007,0.08012562940333,2.634199998283293,0.0,3.6735999965458177,10.72468310000113
medical_resource_allocation,fplg,44,0,0.0,79.88160297978925,2.549907813736057,396.48218280546627,,,,80.05777814348471,2.342798413202436,397.54905408478163,2.67853049999394,140,4.0,657.953500012809,8.023100002901629,0,0,0.31935761616898284,0.25688742858298075,0.2906494109771912,0.6664791384781943,0.6725629035985977,0.9439474986124273,0.590222788348906,6.592171602343327,cpu,,0.07750496220285645,0.07740036368686216,,,,,0.08401667112262536,0.08389377216336974,3.173800003423821,0.0,4.849299999477807,2.67853049999394
medical_resource_allocation,fplg,44,1,0.5,79.52902665836245,2.5490549780612017,396.26986683211015,,,,79.69357117425068,2.341929603148378,397.3353622895187,2.6194994999968912,140,4.0,633.6923000126262,11.246900001424365,0,0,0.319131172136919,0.2566281905804982,0.2903237612000148,0.6670384478850028,0.6733031516811885,0.9454672225544183,0.5996927237228636,6.591929520070528,cpu,,0.0771523687629797,0.07705873890108121,,,,,0.0836024996451058,0.08349257114080007,3.2216000035987236,0.0,8.025299997825641,5.298029999990831
medical_resource_allocation,fplg,44,2,1.0,79.18128352147642,2.5481779737801022,396.05468044321333,,,,79.33481596059073,2.3410340871657835,397.1188122685384,2.729175899999973,140,4.0,697.709499989287,6.850499994470738,0,0,0.31931280869212936,0.25655394189394665,0.2904620287831028,0.6681054694593445,0.6740595111068293,0.9467125115731183,0.6087539384708577,6.591736142779318,cpu,,0.07680505323762304,0.07672179717406805,,,,,0.08319483713269507,0.0830971606816246,2.5976999968406744,0.0,4.2527999976300634,8.027205899990804
medical_resource_allocation,fplg,44,3,5.0,78.83685302792026,2.5472709158490696,395.837431806453,,,,78.97999936518033,2.3401052842052166,396.9002517753785,2.6459246999947936,140,4.0,645.0402999980724,8.430100002442487,0,0,0.3194163622738509,0.25797042378387286,0.29125188724918427,0.6598485245062534,0.6750421799199331,0.9478111167837802,0.6175799334367229,6.591591233969285,cpu,,0.07646155073912825,0.07638806519484329,,,,,0.08279195175936867,0.08270580133956146,3.152199999021832,0.0,5.277900003420655,10.673130599985598
medical_resource_allocation,fplg,55,0,0.0,75.8761963883968,2.5401587656364946,392.977151700573,,,,75.86639736710049,2.3317549747430277,393.98705676216434,2.6795272000017576,140,4.0,665.5823999608401,8.115999997244217,0,0,0.29159115444843803,0.22878931767429408,0.26212989412825516,0.647847808069253,0.6064995054850802,0.9306145369940318,0.5621475024261922,6.5820068428503475,cpu,,0.07344723269568457,0.07351937087596466,,,,,0.07926934686015749,0.07935338156554382,3.1541999996989034,0.0,4.961799997545313,2.6795272000017576
medical_resource_allocation,fplg,55,1,0.5,75.62612377607945,2.5393229463764655,392.7617054743307,,,,75.61761906025117,2.330847789606859,393.7693184465665,2.6971772000033525,140,4.0,665.9192000151961,6.460600001446437,0,0,0.29299101442628633,0.22997992363448408,0.2634310357532398,0.6507176098262734,0.607748331916311,0.931523937510365,0.5693348872780556,6.582397284654041,cpu,,0.07320638722487112,0.07327706588433369,,,,,0.07898887758372308,0.07907116915613942,2.5910999975167215,0.0,3.8695000039297156,5.37670440000511
medical_resource_allocation,fplg,55,2,1.0,75.37583896508454,2.538455215991267,392.5423365358724,,,,75.36893083776204,2.3299110049590332,393.5477042453249,2.6837666999999783,140,4.0,676.2760000347043,7.563699997263029,0,0,0.2945962827115502,0.23110490551237906,0.26490751775254506,0.6538324918379789,0.6091674354463188,0.9325682143247688,0.576816162019007,6.582828797763566,cpu,,0.07296562896588257,0.0730345552852261,,,,,0.07870865552103379,0.07878886500208078,3.1681000036769547,0.0,4.395599993586075,8.060471100005088
medical_resource_allocation,fplg,55,3,5.0,75.12408598541583,2.537549456501389,392.32012140211066,,,,75.11928888852026,2.328936970990912,393.3233351219038,2.7378481999985524,140,4.0,698.9440000252216,10.396999990916811,0,0,0.29593903942993977,0.23348381078704156,0.26694880876912275,0.6473056799249914,0.6108255556949178,0.9332833379161964,0.5841671343374648,6.583300286476106,cpu,,0.072723947391788,0.07279062212090866,,,,,0.07842750515041605,0.07850505382873792,2.81429999449756,0.0,7.582699996419251,10.79831930000364
medical_resource_allocation,pcgrad,11,0,0.0,61.61084647218286,1.9294149407063736,285.30850056134096,,,,62.15500088059434,1.6817305848309259,284.76914384800614,2.678919099998893,140,4.0,515.1027000028989,6.836799999291543,0,0,48.91586352768693,20.049323365842977,37.131936520894136,118.23612987372883,0.526356269235958,0.8494380178136494,0.6442064711207652,6.905710989904487,cpu,,0.06017305383288381,0.05969712356935183,,,,,0.06402567417149166,0.06348712214511106,3.2506999996257946,0.0,3.5860999996657483,2.678919099998893
medical_resource_allocation,pcgrad,22,0,0.0,58.80781320293681,1.9929771414335224,293.58817276264324,,,,59.15917897363761,1.7634849463708866,294.1143722063824,2.762241799995536,140,4.0,565.7386000020779,6.770400003006216,0,0,47.39463650338988,20.27277222146308,36.19801318364745,115.65552938225647,0.4956895980883096,0.8642648544056615,0.6052045241241115,6.957248827541006,cpu,,0.05727276020683509,0.05698115660858728,,,,,0.06075220677764735,0.0604241972553421,3.1980000057956204,0.0,3.5723999972105958,2.762241799995536
medical_resource_allocation,pcgrad,33,0,0.0,61.81293701149377,1.447522632024633,246.09669039842018,,,,62.49716479691688,1.2313934059132616,247.0283516203148,2.7249032000036095,140,4.0,547.194600039802,8.556399996450637,0,0,56.80839441928947,22.087041495241266,43.29745520986584,122.15438568146159,0.5029459978037694,0.79377775152481,0.7066147219054839,6.997152574378892,cpu,,0.06050430711041332,0.05989293688126417,,,,,0.06440083501002705,0.06370863408107345,4.973800001607742,0.0,3.5825999948428944,2.7249032000036095
medical_resource_allocation,pcgrad,44,0,0.0,61.71218192622848,1.5143775706346243,263.8395773257485,,,,62.37325489313832,1.292655141390275,264.8399588238966,2.7069252000001143,140,4.0,528.2172000224818,7.535299999290146,0,0,53.35280949223306,20.654816485477458,40.19494929698841,120.68646416696184,0.5747997568889707,0.8134231994641546,0.750939291902782,6.956724670497542,cpu,,0.060384348342737995,0.059795311396147056,,,,,0.06426494517863143,0.06359818465162036,3.171299998939503,0.0,4.364000000350643,2.7069252000001143
medical_resource_allocation,pcgrad,55,0,0.0,63.70771786762862,0.9753757164700809,217.2247417993762,,,,64.56188677164323,0.7409946873715844,219.0025440306472,2.7299406999954954,140,4.0,542.8334000243922,6.29309999931138,0,0,63.084856417026195,22.85419348170724,52.042043709550114,120.6171645258764,0.4495366653963128,0.6963898171723901,0.7241147312232026,7.118046699547511,cpu,,0.06250319094558252,0.06172886307579542,,,,,0.06667029726599792,0.06579000530502517,2.678099997865502,0.0,3.6150000014458783,2.7299406999954954
medical_resource_allocation,mgda,11,0,0.0,78.30718923067093,2.5448435975162926,396.54134107346925,,,,78.33659811760958,2.3369119814050343,397.56874370228286,2.721746899995196,140,4.0,518.7834000244038,7.526599998527672,0,0,0.006175480286853073,0.006174697591316758,0.006175137189682493,0.006176474372022764,0.6000345697773443,0.8965472549301197,0.47631111972302914,6.5829667044246705,cpu,,0.07583866573618865,0.07587485352895777,,,,,0.08206214967498275,0.08210452211878572,3.1986999965738505,0.0,4.327900001953822,2.721746899995196
medical_resource_allocation,mgda,22,0,0.0,78.20663609403186,2.547071496764313,396.907485619702,,,,78.27306234629236,2.3396224260512044,397.9590478832426,2.7182216000001063,140,4.0,524.584099992353,6.1227999976836145,0,0,0.0058116602241303945,0.005810999836556272,0.005811719741398408,0.005812292642822914,0.5292907598571021,0.8963208602532264,0.4394320803956243,6.6547030635971485,cpu,,0.07577715594078009,0.07577742371964752,,,,,0.08199013520155388,0.08199044869107514,2.5557999979355372,0.0,3.5669999997480772,2.7182216000001063
medical_resource_allocation,mgda,33,0,0.0,77.8082267799108,2.5468253761323325,394.9381806575398,,,,77.75169481420426,2.3393361300364384,395.9483332069134,2.7943672000037623,140,4.0,572.2674999342416,9.132600003795233,0,0,0.0075561832444335075,0.0075555613888598355,0.0075561569259764896,0.0075569145081318964,0.6096422743815695,0.9347149490390552,0.5461966677974275,6.570181616822827,cpu,,0.07527241334355408,0.07539138958088586,,,,,0.0813995542359863,0.08153870592521503,2.8821000014431775,0.0,6.250500002352055,2.7943672000037623
medical_resource_allocation,mgda,44,0,0.0,80.22979044002341,2.550715009363948,396.6880600160827,,,,80.41768597191867,2.3436185808148853,397.7562733625547,2.775243000003684,140,4.0,564.5523000348476,6.874599996081088,0,0,0.008260790633455936,0.008259113954311484,0.008260774734155643,0.008262659244323466,0.672239737388731,0.9431074423574184,0.5853054328279351,6.592452598418206,cpu,,0.07785339358936448,0.0777377359358911,,,,,0.08442626481314193,0.08429027074503327,2.5698999961605296,0.0,4.304699999920558,2.775243000003684
medical_resource_allocation,mgda,55,0,0.0,76.12025744045718,2.540945921313512,393.18598260690965,,,,76.10963992707298,2.3326123009630324,394.1982133063155,2.794078899998567,140,4.0,572.1354999768664,6.728899999870919,0,0,0.00629106609549992,0.0062903689675009615,0.006290874953751808,0.006292126575470169,0.6059574810663666,0.9303335075643858,0.5586521637386195,6.581661745694513,cpu,,0.07368271893892012,0.07375585103518294,,,,,0.07954371622487479,0.07962895216948304,3.17209999775514,0.0,3.5568000021157786,2.794078899998567
medical_resource_allocation,saa,11,0,0.0,77.65901823443528,2.546011051741937,247.8042169274961,,,,77.64175333483286,2.338119347847198,248.68790978961454,2.040000254055485e-05,0,4.0,0.0,6.008600001223385,0,0,0.0,0.0,0.0,0.0,0.0,0.0,0.0,6.582968134739673,cpu,,0.07516597758676935,0.07524681567082155,,,,,0.08127509992618329,0.08136962050626086,2.496599998266902,0.0,3.5120000029564835,2.040000254055485e-05
medical_resource_allocation,saa,22,0,0.0,77.65901823443528,2.546011051741937,247.8042169274961,,,,77.64175333483286,2.338119347847198,248.68790978961454,3.260000084992498e-05,0,4.0,0.0,11.074499998358078,0,0,0.0,0.0,0.0,0.0,0.0,0.0,0.0,6.654704964148793,cpu,,0.07516597758676935,0.07524681567082155,,,,,0.08127509992618329,0.08136962050626086,3.617100002884399,0.0,7.457399995473679,3.260000084992498e-05
medical_resource_allocation,saa,33,0,0.0,77.65901823443528,2.546011051741937,247.8042169274961,,,,77.64175333483286,2.338119347847198,248.68790978961454,1.9099999917671084e-05,0,4.0,0.0,5.8110000027227215,0,0,0.0,0.0,0.0,0.0,0.0,0.0,0.0,6.570182506563959,cpu,,0.07516597758676935,0.07524681567082155,,,,,0.08127509992618329,0.08136962050626086,2.4128000004566275,0.0,3.398200002266094,1.9099999917671084e-05
medical_resource_allocation,saa,44,0,0.0,77.65901823443528,2.546011051741937,247.8042169274961,,,,77.64175333483286,2.338119347847198,248.68790978961454,1.8999999156221747e-05,0,4.0,0.0,5.825000007462222,0,0,0.0,0.0,0.0,0.0,0.0,0.0,0.0,6.592462047611218,cpu,,0.07516597758676935,0.07524681567082155,,,,,0.08127509992618329,0.08136962050626086,2.413800000795163,0.0,3.411200006667059,1.8999999156221747e-05
medical_resource_allocation,saa,55,0,0.0,77.65901823443528,2.546011051741937,247.8042169274961,,,,77.64175333483286,2.338119347847198,248.68790978961454,1.870000414783135e-05,0,4.0,0.0,5.796000004920643,0,0,0.0,0.0,0.0,0.0,0.0,0.0,0.0,6.5816570881568754,cpu,,0.07516597758676935,0.07524681567082155,,,,,0.08127509992618329,0.08136962050626086,2.402900005108677,0.0,3.393099999811966,1.870000414783135e-05
medical_resource_allocation,wdro,11,0,0.0,63.10034441078369,0.8861067645665621,204.00316328753075,,,,63.91541517607891,0.6214989893154267,204.9341423950122,2.2005621999996947,140,4.0,294.1503999973065,6.198099996254314,0,0,70.53915167251601,23.17061035788754,54.331509354779655,147.3964791478417,0.0,0.0,0.0,7.174199932208865,cpu,,0.06187733349935621,0.06114035552587259,,,,,0.06595868078762997,0.06512193370513697,2.5883999987854622,0.0,3.6096999974688515,2.2005621999996947
medical_resource_allocation,wdro,22,0,0.0,58.799661202729226,0.9242858872047187,203.53926784722285,,,,59.3536614773991,0.6912958036093398,204.66130255242672,2.2386588000008487,140,4.0,304.3072000218672,6.178499999805354,0,0,69.96012373464556,23.300200795060434,51.67929909851515,149.45192041785523,0.0,0.0,0.0,7.230078709076665,cpu,,0.05746104121403636,0.05697325782141595,,,,,0.06096410199112512,0.06041531514768723,2.547500000218861,0.0,3.6309999995864928,2.2386588000008487
medical_resource_allocation,wdro,33,0,0.0,62.08207698032243,0.5474531013485693,192.72753265829036,,,,62.78656564751418,0.34542728563545105,194.313076592928,2.2323075999956927,140,4.0,303.3079999513575,10.675300000002608,0,0,74.29331843461085,25.739599709362075,67.2348518126941,146.26011493701893,0.0,0.0,0.0,7.219577396504438,cpu,,0.06078447978703717,0.06015371696945642,,,,,0.06471835109076408,0.06400378237969956,2.5631999960751273,0.0,8.11210000392748,2.2323075999956927
medical_resource_allocation,wdro,44,0,0.0,62.70156037354127,0.49161532815343645,201.39123471903045,,,,63.401774247278695,0.27771556817055565,202.99001696347406,2.2308450999989873,140,4.0,303.03790000471054,7.562300001154654,0,0,72.34529563413983,23.97856005867297,61.955925206241794,143.84927825749713,0.0,0.0,0.0,7.1928014111542,cpu,,0.06138007112590948,0.06075395830343718,,,,,0.06539395684847343,0.06468375229316604,3.156500002660323,0.0,4.405799998494331,2.2308450999989873
medical_resource_allocation,wdro,55,0,0.0,62.48833273797277,0.46036545808153934,186.41677840681413,,,,63.31637713529517,0.24109917109993642,188.74561103844437,2.253778799997235,140,4.0,329.81339997058967,9.412100007466506,0,0,76.54505460470274,26.71639359643154,70.99753058562985,144.71687652295046,0.0,0.0,0.0,7.272444504485968,cpu,,0.061297397086109706,0.06054735382974795,,,,,0.06530012476351116,0.06444960698825396,2.554000006057322,0.0,6.858100001409184,2.253778799997235
